,nuc,aexp,nd,ns,age,la,ld,target
0,82.67,215.0,3.0,1.0,72.67,50.0,83.0,True
1,87.33,100.0,2.0,1.0,63.0,11.0,6.0,True
2,21.43,200.0,3.0,1.0,47.64,65.0,61.0,True
3,164.5,152.0,2.0,1.0,46.0,6.0,0.0,True
4,122.0,174.0,2.0,1.0,89.0,57.0,32.0,True
5,129.33,176.0,2.0,1.0,54.67,264.0,1.0,True
6,141.33,316.0,2.0,1.0,36.0,88.0,20.0,True
7,127.67,91.0,2.0,1.0,97.67,53.0,4.0,True
8,157.67,266.0,2.0,1.0,115.33,28.0,6.0,True
9,163.33,270.0,3.0,1.0,38.0,41.0,14.0,True
10,175.33,344.0,2.0,1.0,57.0,18.0,1.0,True
11,132.25,233.0,3.0,1.0,63.5,106.0,3.0,True
12,77.75,364.0,4.0,1.0,80.88,99.0,26.0,True
13,110.0,259.0,2.0,1.0,72.0,166.0,46.0,True
14,285.0,270.0,2.0,1.0,69.5,5.0,0.0,True
15,96.83,277.0,2.0,1.0,50.0,153.0,60.0,True
16,158.75,303.0,2.0,1.0,64.25,44.0,6.0,True
17,128.0,304.0,2.0,1.0,31.6,167.0,55.0,True
18,235.0,128.0,2.0,1.0,122.0,8.0,2.0,True
19,62.2,215.0,4.0,1.0,102.6,90.0,25.0,True
20,95.55,382.0,3.0,1.0,57.27,85.0,71.0,True
21,198.0,192.0,3.0,1.0,97.5,45.0,38.0,True
22,81.07,334.0,3.0,1.0,62.29,42.0,37.0,True
23,296.0,207.0,2.0,1.0,50.33,21.0,21.0,True
24,224.75,214.0,2.0,1.0,47.75,122.0,21.0,True
25,98.09,349.0,3.0,1.0,50.64,181.0,128.0,True
26,187.8,286.0,3.0,1.0,54.6,250.0,9.0,True
27,341.67,291.0,3.0,1.0,71.67,15.0,2.0,True
28,329.0,300.0,3.0,1.0,81.0,48.0,1.0,True
29,254.0,303.0,4.0,1.0,108.0,23.0,12.0,True
30,18.5,446.0,3.0,1.0,97.0,245.0,57.0,True
31,365.33,388.0,2.0,1.0,96.67,24.0,24.0,True
32,169.57,423.0,2.0,1.0,137.0,57.0,3.0,True
33,321.67,320.0,2.0,1.0,102.67,33.0,5.0,True
34,204.11,143.0,2.0,1.0,73.56,106.0,136.0,True
35,366.5,184.0,3.0,1.0,111.67,71.0,71.0,True
36,293.4,212.0,3.0,1.0,80.5,129.0,106.0,True
37,60.58,270.0,3.0,1.0,113.21,220.0,182.0,True
38,136.0,186.0,1.0,1.0,39.5,38.0,6.0,True
39,318.08,358.0,3.0,1.0,84.42,166.0,48.0,True
40,87.7,355.97,3.0,1.0,59.99,61.68,52.56,True
41,86.03,350.44,3.0,1.0,60.57,56.73,48.65,True
42,93.78,376.14,3.0,1.0,57.89,79.75,66.85,True
43,89.82,363.02,3.0,1.0,59.26,68.0,57.55,True
44,91.82,369.66,3.0,1.0,58.56,73.94,62.26,True
45,92.63,372.32,3.0,1.0,58.28,76.33,64.14,True
46,83.97,343.6,3.0,1.0,61.28,50.6,43.8,True
47,91.17,367.5,3.0,1.0,58.79,72.01,60.73,True
48,90.41,364.96,3.0,1.0,59.05,69.74,58.93,True
49,89.64,362.43,3.0,1.0,59.32,67.46,57.13,True
50,92.34,371.36,3.0,1.0,58.38,75.47,63.46,True
51,91.04,367.07,3.0,1.0,58.83,71.62,60.42,True
52,88.04,357.09,3.0,1.0,59.87,62.69,53.36,True
53,82.89,340.03,3.0,1.0,61.66,47.4,41.27,True
54,90.08,363.89,3.0,1.0,59.16,68.78,58.17,True
55,86.76,352.85,3.0,1.0,60.32,58.89,50.36,True
56,89.61,362.31,3.0,1.0,59.33,67.36,57.05,True
57,81.9,336.74,3.0,1.0,62.0,44.45,38.94,True
58,83.24,341.19,3.0,1.0,61.53,48.44,42.09,True
59,88.95,360.14,3.0,1.0,59.56,65.42,55.52,True
60,84.77,346.27,3.0,1.0,61.0,52.99,45.69,True
61,81.25,334.58,3.0,1.0,62.23,42.52,37.41,True
62,87.21,354.37,3.0,1.0,60.16,60.25,51.43,True
63,84.02,343.76,3.0,1.0,61.27,50.75,43.92,True
64,86.47,351.89,3.0,1.0,60.42,58.03,49.67,True
65,85.59,349.0,3.0,1.0,60.72,55.44,47.62,True
66,85.9,350.01,3.0,1.0,60.61,56.34,48.34,True
67,90.74,366.05,3.0,1.0,58.94,70.71,59.7,True
68,81.08,334.03,3.0,1.0,62.28,42.03,37.02,True
69,84.5,345.35,3.0,1.0,61.1,52.17,45.04,True
70,95.39,381.49,3.0,1.0,57.33,84.54,70.64,True
71,93.11,373.93,3.0,1.0,58.12,77.77,65.28,True
72,93.55,375.4,3.0,1.0,57.96,79.09,66.32,True
73,87.54,355.44,3.0,1.0,60.05,61.21,52.19,True
74,87.09,353.96,3.0,1.0,60.2,59.88,51.14,True
75,85.04,347.15,3.0,1.0,60.91,53.78,46.31,True
76,81.57,335.66,3.0,1.0,62.11,43.49,38.18,True
77,84.18,344.3,3.0,1.0,61.21,51.23,44.3,True
78,94.24,377.69,3.0,1.0,57.72,81.14,67.94,True
79,82.63,339.18,3.0,1.0,61.74,46.64,40.67,True
80,89.05,360.46,3.0,1.0,59.52,65.71,55.74,True
81,93.47,375.11,3.0,1.0,57.99,78.83,66.12,True
82,89.39,361.57,3.0,1.0,59.41,66.7,56.53,True
83,83.21,341.08,3.0,1.0,61.55,48.34,42.02,True
84,82.62,339.13,3.0,1.0,61.75,46.6,40.64,True
85,85.21,347.72,3.0,1.0,60.85,54.29,46.72,True
86,91.39,368.22,3.0,1.0,58.71,72.65,61.24,True
87,91.07,367.17,3.0,1.0,58.82,71.71,60.49,True
88,91.05,367.09,3.0,1.0,58.83,71.64,60.44,True
89,84.3,344.7,3.0,1.0,61.17,51.59,44.58,True
90,84.49,345.34,3.0,1.0,61.1,52.16,45.03,True
91,81.45,335.26,3.0,1.0,62.15,43.13,37.89,True
92,85.32,348.09,3.0,1.0,60.81,54.63,46.98,True
93,86.63,352.44,3.0,1.0,60.36,58.52,50.06,True
94,85.56,348.88,3.0,1.0,60.73,55.33,47.54,True
95,84.03,343.82,3.0,1.0,61.26,50.8,43.96,True
96,88.44,358.44,3.0,1.0,59.73,63.89,54.31,True
97,82.24,337.88,3.0,1.0,61.88,45.48,39.75,True
98,94.51,378.56,3.0,1.0,57.63,81.92,68.56,True
99,90.43,365.04,3.0,1.0,59.04,69.81,58.99,True
100,84.08,343.98,3.0,1.0,61.24,50.94,44.07,True
101,81.69,336.05,3.0,1.0,62.07,43.83,38.45,True
102,87.53,355.42,3.0,1.0,60.05,61.19,52.17,True
103,82.52,338.8,3.0,1.0,61.78,46.3,40.4,True
104,88.4,358.3,3.0,1.0,59.75,63.77,54.22,True
105,93.23,374.32,3.0,1.0,58.07,78.12,65.56,True
106,81.95,336.93,3.0,1.0,61.98,44.62,39.08,True
107,95.01,380.24,3.0,1.0,57.46,83.42,69.75,True
108,92.02,370.3,3.0,1.0,58.49,74.52,62.71,True
109,89.82,363.0,3.0,1.0,59.26,67.98,57.54,True
110,89.59,362.25,3.0,1.0,59.34,67.3,57.01,True
111,91.77,369.48,3.0,1.0,58.58,73.78,62.13,True
112,85.88,349.93,3.0,1.0,60.62,56.27,48.29,True
113,88.15,357.46,3.0,1.0,59.84,63.02,53.62,True
114,93.58,375.49,3.0,1.0,57.95,79.16,66.39,True
115,88.63,359.05,3.0,1.0,59.67,64.44,54.75,True
116,89.46,361.81,3.0,1.0,59.38,66.91,56.7,True
117,88.29,357.93,3.0,1.0,59.79,63.44,53.95,True
118,91.08,367.18,3.0,1.0,58.82,71.72,60.5,True
119,86.02,350.4,3.0,1.0,60.57,56.69,48.62,True
120,88.28,357.9,3.0,1.0,59.79,63.41,53.93,True
121,89.02,360.37,3.0,1.0,59.53,65.62,55.68,True
122,87.56,355.53,3.0,1.0,60.04,61.29,52.25,True
123,93.52,375.28,3.0,1.0,57.97,78.98,66.24,True
124,84.1,344.05,3.0,1.0,61.24,51.0,44.12,True
125,82.21,337.76,3.0,1.0,61.89,45.37,39.66,True
126,87.23,354.43,3.0,1.0,60.15,60.3,51.47,True
127,92.19,370.88,3.0,1.0,58.43,75.04,63.12,True
128,82.55,338.91,3.0,1.0,61.77,46.4,40.48,True
129,92.04,370.38,3.0,1.0,58.49,74.59,62.77,True
130,92.02,370.3,3.0,1.0,58.49,74.52,62.71,True
131,92.26,371.11,3.0,1.0,58.41,75.24,63.28,True
132,83.84,343.18,3.0,1.0,61.33,50.22,43.5,True
133,94.3,377.86,3.0,1.0,57.71,81.29,68.07,True
134,92.84,373.04,3.0,1.0,58.21,76.97,64.65,True
135,85.1,347.36,3.0,1.0,60.89,53.96,46.46,True
136,91.23,367.69,3.0,1.0,58.77,72.18,60.86,True
137,87.88,356.56,3.0,1.0,59.93,62.21,52.98,True
138,93.34,374.68,3.0,1.0,58.04,78.44,65.82,True
139,82.17,337.64,3.0,1.0,61.91,45.26,39.58,True
140,95.31,381.23,3.0,1.0,57.35,84.31,70.45,True
141,93.96,376.74,3.0,1.0,57.82,80.29,67.28,True
142,92.56,372.11,3.0,1.0,58.31,76.14,64.0,True
143,83.41,341.74,3.0,1.0,61.48,48.94,42.48,True
144,94.64,379.0,3.0,1.0,57.59,82.31,68.88,True
145,87.66,355.86,3.0,1.0,60.0,61.58,52.48,True
146,89.5,361.94,3.0,1.0,59.37,67.03,56.79,True
147,92.65,372.41,3.0,1.0,58.27,76.41,64.21,True
148,94.05,377.06,3.0,1.0,57.79,80.57,67.5,True
149,83.39,341.7,3.0,1.0,61.48,48.9,42.46,True
150,92.9,373.22,3.0,1.0,58.19,77.14,64.78,True
151,85.81,349.73,3.0,1.0,60.64,56.09,48.14,True
152,93.22,374.28,3.0,1.0,58.08,78.09,65.53,True
153,81.52,335.5,3.0,1.0,62.13,43.34,38.06,True
154,90.75,366.08,3.0,1.0,58.93,70.74,59.73,True
155,90.25,364.45,3.0,1.0,59.11,69.28,58.57,True
156,94.43,378.29,3.0,1.0,57.66,81.68,68.37,True
157,88.43,358.42,3.0,1.0,59.74,63.87,54.3,True
158,82.39,338.36,3.0,1.0,61.83,45.9,40.09,True
159,84.26,344.56,3.0,1.0,61.18,51.46,44.48,True
160,82.05,337.26,3.0,1.0,61.95,44.92,39.31,True
161,84.02,343.78,3.0,1.0,61.26,50.76,43.93,True
162,86.99,353.63,3.0,1.0,60.24,59.58,50.9,True
163,86.44,351.8,3.0,1.0,60.43,57.94,49.61,True
164,82.68,339.34,3.0,1.0,61.73,46.78,40.78,True
165,92.76,372.75,3.0,1.0,58.24,76.72,64.45,True
166,81.79,336.4,3.0,1.0,62.04,44.15,38.7,True
167,86.16,350.86,3.0,1.0,60.52,57.11,48.94,True
168,94.39,378.15,3.0,1.0,57.67,81.55,68.27,True
169,95.17,380.77,3.0,1.0,57.4,83.9,70.13,True
170,82.18,337.68,3.0,1.0,61.9,45.29,39.6,True
171,87.78,356.25,3.0,1.0,59.96,61.93,52.76,True
172,92.58,372.18,3.0,1.0,58.3,76.2,64.04,True
173,86.61,352.37,3.0,1.0,60.37,58.46,50.02,True
174,85.7,349.34,3.0,1.0,60.68,55.74,47.87,True
175,85.71,349.39,3.0,1.0,60.68,55.78,47.9,True
176,84.28,344.65,3.0,1.0,61.17,51.54,44.54,True
177,83.33,341.49,3.0,1.0,61.5,48.71,42.3,True
178,91.22,367.65,3.0,1.0,58.77,72.14,60.83,True
179,94.62,378.93,3.0,1.0,57.59,82.25,68.82,True
180,82.65,339.23,3.0,1.0,61.74,46.69,40.71,True
181,87.8,356.32,3.0,1.0,59.96,61.99,52.81,True
182,86.98,353.6,3.0,1.0,60.24,59.56,50.88,True
183,81.52,335.5,3.0,1.0,62.13,43.34,38.06,True
184,83.34,341.54,3.0,1.0,61.5,48.75,42.34,True
185,93.15,374.06,3.0,1.0,58.1,77.89,65.38,True
186,91.26,367.8,3.0,1.0,58.76,72.28,60.94,True
187,86.55,352.18,3.0,1.0,60.39,58.29,49.88,True
188,82.76,339.6,3.0,1.0,61.7,47.02,40.97,True
189,94.13,377.3,3.0,1.0,57.76,80.79,67.67,True
190,81.72,336.16,3.0,1.0,62.06,43.94,38.53,True
191,85.35,348.2,3.0,1.0,60.8,54.72,47.06,True
192,89.14,360.76,3.0,1.0,59.49,65.97,55.96,True
193,84.54,345.49,3.0,1.0,61.09,52.3,45.14,True
194,86.26,351.22,3.0,1.0,60.49,57.42,49.2,True
195,88.94,360.08,3.0,1.0,59.56,65.36,55.47,True
196,93.41,374.93,3.0,1.0,58.01,78.66,65.99,True
197,89.55,362.12,3.0,1.0,59.35,67.19,56.92,True
198,83.85,343.2,3.0,1.0,61.32,50.24,43.52,True
199,94.3,377.85,3.0,1.0,57.71,81.29,68.06,True
200,89.96,363.47,3.0,1.0,59.21,68.4,57.88,True
201,82.03,337.18,3.0,1.0,61.95,44.85,39.25,True
202,88.73,359.41,3.0,1.0,59.63,64.76,55.0,True
203,94.66,379.05,3.0,1.0,57.58,82.36,68.91,True
204,90.75,366.11,3.0,1.0,58.93,70.76,59.74,True
205,93.57,375.46,3.0,1.0,57.96,79.14,66.37,True
206,94.92,379.91,3.0,1.0,57.49,83.13,69.52,True
207,81.54,335.56,3.0,1.0,62.12,43.4,38.11,True
208,93.13,373.99,3.0,1.0,58.11,77.82,65.33,True
209,89.17,360.87,3.0,1.0,59.48,66.07,56.03,True
210,81.36,334.96,3.0,1.0,62.19,42.86,37.68,True
211,88.78,359.56,3.0,1.0,59.62,64.89,55.1,True
212,89.47,361.86,3.0,1.0,59.38,66.96,56.73,True
213,82.29,338.05,3.0,1.0,61.86,45.63,39.87,True
214,92.29,371.2,3.0,1.0,58.4,75.33,63.35,True
215,90.88,366.54,3.0,1.0,58.89,71.15,60.05,True
216,86.91,353.35,3.0,1.0,60.27,59.33,50.7,True
217,82.37,338.31,3.0,1.0,61.84,45.86,40.05,True
218,83.02,340.46,3.0,1.0,61.61,47.79,41.57,True
219,87.86,356.52,3.0,1.0,59.93,62.17,52.95,True
220,84.5,345.38,3.0,1.0,61.1,52.19,45.06,True
221,81.66,335.94,3.0,1.0,62.08,43.73,38.37,True
222,87.69,355.96,3.0,1.0,59.99,61.67,52.56,True
223,87.95,356.81,3.0,1.0,59.9,62.43,53.15,True
224,92.82,372.97,3.0,1.0,58.22,76.91,64.6,True
225,82.16,337.63,3.0,1.0,61.91,45.25,39.57,True
226,91.07,367.15,3.0,1.0,58.82,71.7,60.48,True
227,83.62,342.46,3.0,1.0,61.4,49.58,42.99,True
228,86.46,351.89,3.0,1.0,60.42,58.02,49.67,True
229,94.92,379.91,3.0,1.0,57.49,83.13,69.52,True
230,91.04,367.05,3.0,1.0,58.83,71.61,60.41,True
231,88.76,359.49,3.0,1.0,59.62,64.84,55.06,True
232,88.46,358.52,3.0,1.0,59.73,63.96,54.37,True
233,87.85,356.47,3.0,1.0,59.94,62.13,52.92,True
234,92.2,370.91,3.0,1.0,58.43,75.06,63.14,True
235,90.75,366.11,3.0,1.0,58.93,70.77,59.75,True
236,87.18,354.25,3.0,1.0,60.17,60.14,51.34,True
237,90.86,366.45,3.0,1.0,58.9,71.07,59.99,True
238,85.56,348.88,3.0,1.0,60.73,55.33,47.54,True
239,88.66,359.18,3.0,1.0,59.66,64.55,54.83,True
240,86.02,350.42,3.0,1.0,60.57,56.71,48.63,True
241,94.69,379.17,3.0,1.0,57.57,82.46,68.99,True
242,93.98,376.79,3.0,1.0,57.82,80.34,67.31,True
243,93.26,374.41,3.0,1.0,58.07,78.2,65.62,True
244,86.3,351.33,3.0,1.0,60.48,57.53,49.28,True
245,81.77,336.31,3.0,1.0,62.04,44.07,38.63,True
246,81.37,335.0,3.0,1.0,62.18,42.89,37.71,True
247,84.37,344.93,3.0,1.0,61.14,51.79,44.74,True
248,82.88,339.99,3.0,1.0,61.66,47.37,41.25,True
249,85.34,348.16,3.0,1.0,60.81,54.68,47.03,True
250,87.43,355.09,3.0,1.0,60.08,60.9,51.94,True
251,94.31,377.89,3.0,1.0,57.7,81.32,68.09,True
252,95.46,381.72,3.0,1.0,57.3,84.75,70.8,True
253,89.36,361.48,3.0,1.0,59.42,66.62,56.47,True
254,81.8,336.41,3.0,1.0,62.03,44.16,38.71,True
255,89.74,362.76,3.0,1.0,59.28,67.76,57.37,True
256,92.86,373.11,3.0,1.0,58.2,77.04,64.7,True
257,82.13,337.49,3.0,1.0,61.92,45.13,39.48,True
258,86.92,353.38,3.0,1.0,60.26,59.36,50.73,True
259,87.11,354.03,3.0,1.0,60.19,59.94,51.19,True
260,87.78,356.25,3.0,1.0,59.96,61.93,52.76,True
261,85.57,348.92,3.0,1.0,60.73,55.36,47.57,True
262,94.23,377.63,3.0,1.0,57.73,81.08,67.9,True
263,94.11,377.24,3.0,1.0,57.77,80.74,67.63,True
264,82.54,338.87,3.0,1.0,61.78,46.36,40.45,True
265,94.0,376.89,3.0,1.0,57.81,80.42,67.38,True
266,90.1,363.95,3.0,1.0,59.16,68.83,58.21,True
267,92.24,371.05,3.0,1.0,58.42,75.19,63.24,True
268,87.15,354.15,3.0,1.0,60.18,60.05,51.27,True
269,88.81,359.67,3.0,1.0,59.6,65.0,55.18,True
270,84.14,344.17,3.0,1.0,61.22,51.11,44.21,True
271,83.9,343.39,3.0,1.0,61.31,50.41,43.65,True
272,95.53,381.95,3.0,1.0,57.28,84.96,70.96,True
273,85.3,348.01,3.0,1.0,60.82,54.55,46.92,True
274,91.55,368.75,3.0,1.0,58.66,73.13,61.62,True
275,82.18,337.68,3.0,1.0,61.9,45.29,39.6,True
276,89.3,361.3,3.0,1.0,59.43,66.46,56.34,True
277,84.42,345.1,3.0,1.0,61.13,51.94,44.86,True
278,84.71,346.05,3.0,1.0,61.03,52.8,45.54,True
279,91.61,368.95,3.0,1.0,58.64,73.31,61.76,True
280,83.62,342.46,3.0,1.0,61.4,49.58,42.99,True
281,94.88,379.8,3.0,1.0,57.5,83.03,69.44,True
282,94.32,377.93,3.0,1.0,57.7,81.36,68.12,True
283,83.01,340.43,3.0,1.0,61.61,47.76,41.56,True
284,88.6,358.96,3.0,1.0,59.68,64.36,54.68,True
285,92.72,372.62,3.0,1.0,58.25,76.59,64.35,True
286,82.95,340.25,3.0,1.0,61.63,47.59,41.42,True
287,91.66,369.11,3.0,1.0,58.62,73.46,61.87,True
288,93.73,375.99,3.0,1.0,57.9,79.62,66.74,True
289,83.5,342.06,3.0,1.0,61.44,49.22,42.71,True
290,81.13,334.21,3.0,1.0,62.26,42.19,37.15,True
291,93.02,373.62,3.0,1.0,58.15,77.49,65.06,True
292,84.62,345.77,3.0,1.0,61.06,52.55,45.34,True
293,88.21,357.66,3.0,1.0,59.81,63.2,53.76,True
294,85.57,348.91,3.0,1.0,60.73,55.35,47.56,True
295,87.46,355.18,3.0,1.0,60.07,60.98,52.01,True
296,94.95,380.02,3.0,1.0,57.48,83.23,69.6,True
297,90.28,364.55,3.0,1.0,59.1,69.37,58.64,True
298,93.36,374.74,3.0,1.0,58.03,78.5,65.86,True
299,90.71,365.97,3.0,1.0,58.95,70.64,59.64,True
300,83.59,342.34,3.0,1.0,61.41,49.48,42.91,True
301,90.55,365.43,3.0,1.0,59.0,70.16,59.26,True
302,87.85,356.49,3.0,1.0,59.94,62.15,52.93,True
303,95.03,380.28,3.0,1.0,57.45,83.46,69.78,True
304,91.49,368.55,3.0,1.0,58.68,72.95,61.48,True
305,85.46,348.56,3.0,1.0,60.77,55.04,47.31,True
306,89.44,361.76,3.0,1.0,59.39,66.87,56.67,True
307,82.91,340.11,3.0,1.0,61.65,47.48,41.33,True
308,94.28,377.8,3.0,1.0,57.71,81.24,68.03,True
309,86.88,353.25,3.0,1.0,60.28,59.25,50.64,True
310,91.38,368.2,3.0,1.0,58.71,72.64,61.23,True
311,85.99,350.31,3.0,1.0,60.58,56.61,48.55,True
312,83.65,342.55,3.0,1.0,61.39,49.66,43.06,True
313,92.76,372.75,3.0,1.0,58.24,76.72,64.45,True
314,86.69,352.64,3.0,1.0,60.34,58.7,50.2,True
315,84.77,346.28,3.0,1.0,61.0,53.0,45.7,True
316,84.04,343.86,3.0,1.0,61.26,50.83,43.98,True
317,81.86,336.6,3.0,1.0,62.01,44.33,38.85,True
318,82.37,338.32,3.0,1.0,61.83,45.87,40.06,True
319,92.62,372.28,3.0,1.0,58.29,76.3,64.12,True
320,93.37,374.78,3.0,1.0,58.03,78.53,65.88,True
321,83.29,341.37,3.0,1.0,61.52,48.6,42.22,True
322,84.11,344.08,3.0,1.0,61.23,51.03,44.14,True
323,87.15,354.17,3.0,1.0,60.18,60.07,51.29,True
324,84.22,344.44,3.0,1.0,61.2,51.35,44.4,True
325,83.04,340.53,3.0,1.0,61.6,47.85,41.63,True
326,94.99,380.16,3.0,1.0,57.47,83.35,69.69,True
327,92.43,371.67,3.0,1.0,58.35,75.75,63.68,True
328,88.67,359.2,3.0,1.0,59.65,64.58,54.85,True
329,89.66,362.49,3.0,1.0,59.31,67.53,57.18,True
330,82.07,337.3,3.0,1.0,61.94,44.96,39.34,True
331,94.09,377.17,3.0,1.0,57.78,80.67,67.58,True
332,85.08,347.29,3.0,1.0,60.9,53.91,46.42,True
333,95.42,381.58,3.0,1.0,57.32,84.63,70.71,True
334,82.59,339.05,3.0,1.0,61.76,46.52,40.57,True
335,95.53,381.96,3.0,1.0,57.28,84.97,70.97,True
336,88.49,358.62,3.0,1.0,59.71,64.05,54.44,True
337,86.57,352.24,3.0,1.0,60.38,58.34,49.92,True
338,86.0,350.35,3.0,1.0,60.58,56.65,48.58,True
339,87.3,354.66,3.0,1.0,60.13,60.51,51.63,True
340,84.33,344.8,3.0,1.0,61.16,51.67,44.65,True
341,86.22,351.06,3.0,1.0,60.5,57.28,49.08,True
342,94.39,378.15,3.0,1.0,57.67,81.55,68.28,True
343,83.15,340.9,3.0,1.0,61.57,48.18,41.89,True
344,92.43,371.68,3.0,1.0,58.35,75.75,63.69,True
345,84.87,346.6,3.0,1.0,60.97,53.29,45.93,True
346,95.05,380.36,3.0,1.0,57.44,83.53,69.84,True
347,88.95,360.11,3.0,1.0,59.56,65.39,55.5,True
348,94.53,378.63,3.0,1.0,57.62,81.98,68.61,True
349,82.58,339.0,3.0,1.0,61.76,46.48,40.54,True
350,90.05,363.79,3.0,1.0,59.18,68.68,58.1,True
351,90.16,364.13,3.0,1.0,59.14,68.99,58.34,True
352,87.96,356.85,3.0,1.0,59.9,62.47,53.18,True
353,81.14,334.24,3.0,1.0,62.26,42.21,37.17,True
354,90.69,365.88,3.0,1.0,58.96,70.56,59.58,True
355,85.66,349.23,3.0,1.0,60.7,55.64,47.79,True
356,81.6,335.75,3.0,1.0,62.1,43.57,38.24,True
357,81.55,335.58,3.0,1.0,62.12,43.41,38.12,True
358,82.24,337.87,3.0,1.0,61.88,45.47,39.74,True
359,90.77,366.16,3.0,1.0,58.93,70.81,59.78,True
360,87.78,356.24,3.0,1.0,59.96,61.92,52.75,True
361,84.64,345.82,3.0,1.0,61.05,52.59,45.37,True
362,93.28,374.5,3.0,1.0,58.06,78.28,65.69,True
363,93.54,375.34,3.0,1.0,57.97,79.03,66.28,True
364,83.22,341.14,3.0,1.0,61.54,48.4,42.06,True
365,83.84,343.18,3.0,1.0,61.33,50.22,43.5,True
366,90.45,365.1,3.0,1.0,59.04,69.86,59.03,True
367,95.43,381.63,3.0,1.0,57.31,84.66,70.74,True
368,86.83,353.1,3.0,1.0,60.29,59.11,50.53,True
369,87.74,356.13,3.0,1.0,59.97,61.82,52.67,True
370,89.78,362.89,3.0,1.0,59.27,67.88,57.46,True
371,81.42,335.14,3.0,1.0,62.17,43.02,37.81,True
372,82.23,337.83,3.0,1.0,61.89,45.43,39.71,True
373,86.36,351.54,3.0,1.0,60.45,57.71,49.42,True
374,84.41,345.07,3.0,1.0,61.13,51.92,44.84,True
375,85.41,348.39,3.0,1.0,60.78,54.89,47.19,True
376,91.56,368.78,3.0,1.0,58.65,73.15,61.63,True
377,81.68,336.02,3.0,1.0,62.07,43.81,38.43,True
378,89.54,362.09,3.0,1.0,59.35,67.17,56.9,True
379,92.37,371.47,3.0,1.0,58.37,75.57,63.54,True
380,85.29,347.98,3.0,1.0,60.83,54.53,46.9,True
381,89.92,363.35,3.0,1.0,59.22,68.29,57.79,True
382,86.38,351.62,3.0,1.0,60.45,57.78,49.48,True
383,93.32,374.63,3.0,1.0,58.04,78.39,65.78,True
384,89.37,361.52,3.0,1.0,59.41,66.65,56.49,True
385,86.32,351.39,3.0,1.0,60.47,57.58,49.32,True
386,91.61,368.96,3.0,1.0,58.63,73.32,61.76,True
387,91.79,369.54,3.0,1.0,58.57,73.83,62.17,True
388,83.22,341.13,3.0,1.0,61.54,48.39,42.05,True
389,81.82,336.47,3.0,1.0,62.03,44.21,38.75,True
390,86.44,351.8,3.0,1.0,60.43,57.95,49.61,True
391,84.06,343.9,3.0,1.0,61.25,50.87,44.01,True
392,85.16,347.57,3.0,1.0,60.87,54.16,46.61,True
393,83.04,340.52,3.0,1.0,61.6,47.84,41.62,True
394,86.9,353.33,3.0,1.0,60.27,59.32,50.69,True
395,86.21,351.04,3.0,1.0,60.51,57.27,49.07,True
396,92.68,372.48,3.0,1.0,58.27,76.48,64.26,True
397,88.34,358.11,3.0,1.0,59.77,63.6,54.08,True
398,89.61,362.32,3.0,1.0,59.33,67.37,57.06,True
399,86.37,351.56,3.0,1.0,60.45,57.73,49.44,True
400,92.92,373.31,3.0,1.0,58.18,77.21,64.84,True
401,93.85,376.38,3.0,1.0,57.86,79.96,67.02,True
402,89.78,362.89,3.0,1.0,59.27,67.88,57.46,True
403,92.2,370.92,3.0,1.0,58.43,75.08,63.15,True
404,82.76,339.59,3.0,1.0,61.7,47.01,40.96,True
405,90.9,366.61,3.0,1.0,58.88,71.21,60.1,True
406,82.46,338.6,3.0,1.0,61.81,46.12,40.26,True
407,83.57,342.27,3.0,1.0,61.42,49.41,42.86,True
408,83.06,340.61,3.0,1.0,61.6,47.92,41.68,True
409,84.14,344.19,3.0,1.0,61.22,51.13,44.22,True
410,83.5,342.05,3.0,1.0,61.45,49.21,42.7,True
411,81.63,335.84,3.0,1.0,62.09,43.65,38.3,True
412,90.34,364.73,3.0,1.0,59.08,69.53,58.77,True
413,90.56,365.48,3.0,1.0,59.0,70.2,59.3,True
414,85.86,349.88,3.0,1.0,60.63,56.23,48.25,True
415,87.26,354.51,3.0,1.0,60.14,60.38,51.53,True
416,95.51,381.89,3.0,1.0,57.28,84.9,70.92,True
417,84.02,343.76,3.0,1.0,61.27,50.75,43.92,True
418,90.31,364.65,3.0,1.0,59.09,69.45,58.71,True
419,81.13,334.2,3.0,1.0,62.27,42.18,37.14,True
420,83.06,340.59,3.0,1.0,61.6,47.9,41.67,True
421,90.59,365.55,3.0,1.0,58.99,70.27,59.35,True
422,89.97,363.52,3.0,1.0,59.2,68.45,57.91,True
423,84.31,344.74,3.0,1.0,61.16,51.62,44.61,True
424,92.41,371.61,3.0,1.0,58.36,75.7,63.64,True
425,95.52,381.9,3.0,1.0,57.28,84.91,70.93,True
426,92.26,371.09,3.0,1.0,58.41,75.23,63.27,True
427,88.51,358.68,3.0,1.0,59.71,64.11,54.48,True
428,89.94,363.42,3.0,1.0,59.21,68.36,57.84,True
429,89.93,363.39,3.0,1.0,59.22,68.33,57.82,True
430,81.53,335.52,3.0,1.0,62.13,43.36,38.07,True
431,81.83,336.53,3.0,1.0,62.02,44.26,38.79,True
432,87.18,354.25,3.0,1.0,60.17,60.14,51.34,True
433,82.21,337.76,3.0,1.0,61.89,45.37,39.66,True
434,81.72,336.15,3.0,1.0,62.06,43.92,38.52,True
435,81.26,334.62,3.0,1.0,62.22,42.56,37.44,True
436,87.5,355.33,3.0,1.0,60.06,61.11,52.11,True
437,87.25,354.48,3.0,1.0,60.15,60.35,51.51,True
438,92.82,372.95,3.0,1.0,58.22,76.89,64.59,True
439,93.7,375.88,3.0,1.0,57.91,79.52,66.66,True
440,81.8,336.41,3.0,1.0,62.03,44.15,38.7,True
441,83.74,342.84,3.0,1.0,61.36,49.92,43.26,True
442,93.26,374.41,3.0,1.0,58.07,78.2,65.62,True
443,86.26,351.21,3.0,1.0,60.49,57.41,49.19,True
444,81.87,336.66,3.0,1.0,62.01,44.39,38.89,True
445,90.81,366.29,3.0,1.0,58.91,70.92,59.87,True
446,94.86,379.71,3.0,1.0,57.51,82.95,69.38,True
447,94.19,377.49,3.0,1.0,57.74,80.96,67.81,True
448,85.92,350.09,3.0,1.0,60.61,56.41,48.39,True
449,85.75,349.53,3.0,1.0,60.66,55.91,48.0,True
450,81.44,335.23,3.0,1.0,62.16,43.11,37.87,True
451,81.47,335.31,3.0,1.0,62.15,43.18,37.93,True
452,92.15,370.75,3.0,1.0,58.45,74.92,63.03,True
453,89.41,361.65,3.0,1.0,59.4,66.77,56.59,True
454,92.24,371.05,3.0,1.0,58.42,75.19,63.24,True
455,83.75,342.88,3.0,1.0,61.36,49.95,43.29,True
456,88.15,357.47,3.0,1.0,59.83,63.03,53.63,True
457,90.95,366.75,3.0,1.0,58.86,71.34,60.2,True
458,92.72,372.62,3.0,1.0,58.25,76.6,64.36,True
459,94.65,379.02,3.0,1.0,57.58,82.33,68.89,True
460,92.96,373.42,3.0,1.0,58.17,77.32,64.93,True
461,88.21,357.69,3.0,1.0,59.81,63.22,53.78,True
462,84.3,344.7,3.0,1.0,61.17,51.58,44.58,True
463,84.12,344.12,3.0,1.0,61.23,51.07,44.17,True
464,87.74,356.13,3.0,1.0,59.97,61.83,52.68,True
465,81.85,336.6,3.0,1.0,62.01,44.33,38.84,True
466,90.93,366.69,3.0,1.0,58.87,71.29,60.16,True
467,83.79,343.01,3.0,1.0,61.34,50.07,43.38,True
468,93.53,375.33,3.0,1.0,57.97,79.02,66.27,True
469,82.07,337.3,3.0,1.0,61.94,44.95,39.34,True
470,84.63,345.8,3.0,1.0,61.05,52.57,45.36,True
471,92.74,372.7,3.0,1.0,58.24,76.67,64.41,True
472,83.89,343.36,3.0,1.0,61.31,50.39,43.63,True
473,81.72,336.16,3.0,1.0,62.06,43.94,38.53,True
474,90.62,365.67,3.0,1.0,58.98,70.37,59.43,True
475,84.2,344.38,3.0,1.0,61.2,51.29,44.35,True
476,89.1,360.62,3.0,1.0,59.51,65.84,55.85,True
477,84.42,345.1,3.0,1.0,61.13,51.95,44.87,True
478,83.81,343.1,3.0,1.0,61.34,50.15,43.44,True
479,84.2,344.38,3.0,1.0,61.2,51.3,44.35,True
480,91.33,368.0,3.0,1.0,58.73,72.46,61.09,True
481,85.32,348.1,3.0,1.0,60.81,54.63,46.99,True
482,82.65,339.22,3.0,1.0,61.74,46.68,40.7,True
483,89.34,361.42,3.0,1.0,59.42,66.56,56.42,True
484,92.05,370.4,3.0,1.0,58.48,74.61,62.78,True
485,91.13,367.37,3.0,1.0,58.8,71.89,60.64,True
486,84.13,344.15,3.0,1.0,61.23,51.09,44.19,True
487,89.38,361.55,3.0,1.0,59.41,66.68,56.51,True
488,88.69,359.25,3.0,1.0,59.65,64.62,54.89,True
489,82.92,340.12,3.0,1.0,61.65,47.49,41.34,True
490,92.83,372.99,3.0,1.0,58.21,76.93,64.62,True
491,92.31,371.27,3.0,1.0,58.39,75.39,63.4,True
492,81.99,337.06,3.0,1.0,61.97,44.74,39.17,True
493,83.23,341.17,3.0,1.0,61.54,48.43,42.08,True
494,89.18,360.88,3.0,1.0,59.48,66.08,56.04,True
495,86.46,351.88,3.0,1.0,60.42,58.02,49.67,True
496,84.45,345.19,3.0,1.0,61.12,52.03,44.93,True
497,90.99,366.9,3.0,1.0,58.85,71.47,60.3,True
498,84.42,345.09,3.0,1.0,61.13,51.94,44.86,True
499,87.69,355.95,3.0,1.0,59.99,61.66,52.54,True
500,93.87,376.45,3.0,1.0,57.85,80.03,67.07,True
501,85.78,349.61,3.0,1.0,60.66,55.99,48.06,True
502,82.51,338.77,3.0,1.0,61.79,46.28,40.38,True
503,85.36,348.22,3.0,1.0,60.8,54.74,47.07,True
504,90.7,365.93,3.0,1.0,58.95,70.61,59.62,True
505,83.52,342.13,3.0,1.0,61.44,49.28,42.76,True
506,90.45,365.12,3.0,1.0,59.04,69.88,59.04,True
507,81.71,336.11,3.0,1.0,62.06,43.89,38.5,True
508,85.49,348.66,3.0,1.0,60.75,55.13,47.38,True
509,86.18,350.94,3.0,1.0,60.52,57.18,49.0,True
510,86.22,351.08,3.0,1.0,60.5,57.3,49.1,True
511,83.66,342.59,3.0,1.0,61.39,49.69,43.08,True
512,89.99,363.58,3.0,1.0,59.2,68.5,57.95,True
513,81.08,334.03,3.0,1.0,62.28,42.03,37.02,True
514,92.85,373.07,3.0,1.0,58.21,77.0,64.68,True
515,90.66,365.81,3.0,1.0,58.96,70.49,59.53,True
516,81.27,334.66,3.0,1.0,62.22,42.59,37.47,True
517,92.27,371.13,3.0,1.0,58.41,75.26,63.3,True
518,90.8,366.25,3.0,1.0,58.92,70.89,59.84,True
519,83.23,341.15,3.0,1.0,61.54,48.41,42.06,True
520,94.37,378.1,3.0,1.0,57.68,81.51,68.24,True
521,81.7,336.08,3.0,1.0,62.07,43.86,38.47,True
522,86.7,352.65,3.0,1.0,60.34,58.71,50.21,True
523,94.63,378.95,3.0,1.0,57.59,82.27,68.84,True
524,89.04,360.43,3.0,1.0,59.53,65.68,55.72,True
525,82.67,339.3,3.0,1.0,61.73,46.75,40.76,True
526,92.35,371.4,3.0,1.0,58.38,75.5,63.49,True
527,86.63,352.44,3.0,1.0,60.36,58.52,50.06,True
528,85.82,349.73,3.0,1.0,60.64,56.09,48.14,True
529,91.52,368.66,3.0,1.0,58.67,73.05,61.55,True
530,84.0,343.72,3.0,1.0,61.27,50.7,43.88,True
531,82.84,339.87,3.0,1.0,61.67,47.26,41.16,True
532,86.17,350.9,3.0,1.0,60.52,57.14,48.97,True
533,95.43,381.62,3.0,1.0,57.31,84.66,70.73,True
534,84.83,346.48,3.0,1.0,60.98,53.18,45.84,True
535,83.91,343.42,3.0,1.0,61.3,50.44,43.67,True
536,88.81,359.68,3.0,1.0,59.6,65.0,55.19,True
537,84.66,345.92,3.0,1.0,61.04,52.68,45.44,True
538,81.97,336.97,3.0,1.0,61.98,44.66,39.1,True
539,86.25,351.16,3.0,1.0,60.49,57.37,49.16,True
540,92.54,372.03,3.0,1.0,58.31,76.07,63.94,True
541,92.65,372.39,3.0,1.0,58.28,76.4,64.2,True
542,94.55,378.7,3.0,1.0,57.62,82.05,68.67,True
543,92.37,371.47,3.0,1.0,58.37,75.56,63.54,True
544,89.25,361.11,3.0,1.0,59.45,66.28,56.2,True
545,82.34,338.21,3.0,1.0,61.85,45.77,39.98,True
546,90.24,364.4,3.0,1.0,59.11,69.24,58.54,True
547,82.47,338.64,3.0,1.0,61.8,46.16,40.29,True
548,90.22,364.34,3.0,1.0,59.12,69.18,58.49,True
549,81.38,335.01,3.0,1.0,62.18,42.91,37.72,True
550,83.54,342.19,3.0,1.0,61.43,49.33,42.8,True
551,95.04,380.33,3.0,1.0,57.45,83.51,69.82,True
552,86.87,353.22,3.0,1.0,60.28,59.22,50.61,True
553,94.67,379.09,3.0,1.0,57.58,82.39,68.94,True
554,93.71,375.91,3.0,1.0,57.91,79.55,66.69,True
555,83.28,341.31,3.0,1.0,61.52,48.55,42.18,True
556,93.87,376.45,3.0,1.0,57.85,80.03,67.07,True
557,94.05,377.03,3.0,1.0,57.79,80.55,67.48,True
558,82.96,340.27,3.0,1.0,61.63,47.62,41.44,True
559,82.6,339.07,3.0,1.0,61.76,46.54,40.59,True
560,82.99,340.37,3.0,1.0,61.62,47.71,41.51,True
561,89.71,362.63,3.0,1.0,59.3,67.65,57.28,True
562,87.17,354.23,3.0,1.0,60.17,60.12,51.33,True
563,90.01,363.63,3.0,1.0,59.19,68.54,57.99,True
564,94.12,377.29,3.0,1.0,57.77,80.78,67.66,True
565,87.3,354.67,3.0,1.0,60.13,60.52,51.64,True
566,95.24,381.0,3.0,1.0,57.38,84.1,70.29,True
567,95.32,381.26,3.0,1.0,57.35,84.34,70.48,True
568,87.32,354.72,3.0,1.0,60.12,60.56,51.68,True
569,93.49,375.19,3.0,1.0,57.98,78.9,66.18,True
570,90.42,365.0,3.0,1.0,59.05,69.77,58.96,True
571,89.12,360.71,3.0,1.0,59.5,65.92,55.92,True
572,93.61,375.58,3.0,1.0,57.94,79.25,66.45,True
573,94.22,377.6,3.0,1.0,57.73,81.06,67.88,True
574,86.59,352.31,3.0,1.0,60.37,58.4,49.97,True
575,90.05,363.77,3.0,1.0,59.18,68.67,58.09,True
576,84.69,345.99,3.0,1.0,61.03,52.74,45.49,True
577,83.91,343.43,3.0,1.0,61.3,50.45,43.68,True
578,86.68,352.61,3.0,1.0,60.34,58.67,50.18,True
579,89.03,360.4,3.0,1.0,59.53,65.65,55.7,True
580,81.56,335.63,3.0,1.0,62.12,43.46,38.16,True
581,94.87,379.76,3.0,1.0,57.51,82.99,69.41,True
582,89.32,361.34,3.0,1.0,59.43,66.49,56.37,True
583,84.54,345.52,3.0,1.0,61.08,52.32,45.16,True
584,92.18,370.85,3.0,1.0,58.44,75.01,63.1,True
585,84.61,345.74,3.0,1.0,61.06,52.52,45.32,True
586,94.42,378.26,3.0,1.0,57.66,81.65,68.35,True
587,94.94,380.01,3.0,1.0,57.48,83.21,69.59,True
588,86.12,350.75,3.0,1.0,60.54,57.0,48.86,True
589,95.08,380.44,3.0,1.0,57.44,83.6,69.9,True
590,91.72,369.3,3.0,1.0,58.6,73.62,62.0,True
591,88.77,359.52,3.0,1.0,59.62,64.86,55.07,True
592,82.53,338.85,3.0,1.0,61.78,46.34,40.44,True
593,82.82,339.79,3.0,1.0,61.68,47.19,41.1,True
594,88.27,357.86,3.0,1.0,59.79,63.37,53.9,True
595,87.54,355.44,3.0,1.0,60.05,61.21,52.19,True
596,87.63,355.73,3.0,1.0,60.02,61.47,52.39,True
597,92.23,370.99,3.0,1.0,58.42,75.14,63.2,True
598,85.9,350.0,3.0,1.0,60.61,56.34,48.34,True
599,83.51,342.08,3.0,1.0,61.44,49.24,42.72,True
600,87.62,355.72,3.0,1.0,60.02,61.46,52.38,True
601,85.55,348.86,3.0,1.0,60.73,55.31,47.52,True
602,88.85,359.81,3.0,1.0,59.59,65.12,55.28,True
603,94.17,377.43,3.0,1.0,57.75,80.91,67.76,True
604,89.35,361.47,3.0,1.0,59.42,66.61,56.46,True
605,88.85,359.79,3.0,1.0,59.59,65.1,55.27,True
606,87.95,356.81,3.0,1.0,59.9,62.44,53.16,True
607,81.21,334.44,3.0,1.0,62.24,42.4,37.31,True
608,95.48,381.78,3.0,1.0,57.3,84.8,70.84,True
609,87.11,354.02,3.0,1.0,60.2,59.93,51.18,True
610,83.57,342.29,3.0,1.0,61.42,49.43,42.87,True
611,93.5,375.23,3.0,1.0,57.98,78.94,66.21,True
612,94.46,378.4,3.0,1.0,57.65,81.78,68.45,True
613,86.81,353.03,3.0,1.0,60.3,59.05,50.48,True
614,92.58,372.17,3.0,1.0,58.3,76.19,64.04,True
615,91.85,369.76,3.0,1.0,58.55,74.03,62.33,True
616,86.35,351.5,3.0,1.0,60.46,57.68,49.4,True
617,91.01,366.96,3.0,1.0,58.84,71.52,60.34,True
618,90.57,365.52,3.0,1.0,58.99,70.23,59.32,True
619,92.68,372.49,3.0,1.0,58.27,76.48,64.27,True
620,93.96,376.75,3.0,1.0,57.82,80.3,67.28,True
621,93.19,374.2,3.0,1.0,58.09,78.01,65.48,True
622,89.1,360.61,3.0,1.0,59.51,65.84,55.85,True
623,85.71,349.39,3.0,1.0,60.68,55.79,47.9,True
624,81.32,334.81,3.0,1.0,62.2,42.73,37.57,True
625,81.36,334.95,3.0,1.0,62.19,42.85,37.67,True
626,94.71,379.22,3.0,1.0,57.56,82.51,69.03,True
627,91.01,366.94,3.0,1.0,58.85,71.51,60.34,True
628,92.21,370.94,3.0,1.0,58.43,75.09,63.17,True
629,89.17,360.86,3.0,1.0,59.48,66.06,56.02,True
630,85.5,348.69,3.0,1.0,60.75,55.16,47.4,True
631,87.39,354.95,3.0,1.0,60.1,60.77,51.84,True
632,93.27,374.44,3.0,1.0,58.06,78.23,65.65,True
633,82.62,339.15,3.0,1.0,61.75,46.61,40.65,True
634,86.56,352.21,3.0,1.0,60.38,58.31,49.9,True
635,94.89,379.82,3.0,1.0,57.5,83.05,69.46,True
636,87.16,354.2,3.0,1.0,60.18,60.1,51.31,True
637,91.91,369.95,3.0,1.0,58.53,74.2,62.46,True
638,89.0,360.29,3.0,1.0,59.54,65.55,55.62,True
639,94.41,378.23,3.0,1.0,57.67,81.62,68.33,True
640,81.23,334.52,3.0,1.0,62.23,42.46,37.37,True
641,87.93,356.75,3.0,1.0,59.91,62.38,53.11,True
642,84.98,346.97,3.0,1.0,60.93,53.62,46.19,True
643,86.28,351.28,3.0,1.0,60.48,57.48,49.24,True
644,83.34,341.51,3.0,1.0,61.5,48.73,42.32,True
645,82.13,337.51,3.0,1.0,61.92,45.15,39.49,True
646,82.35,338.25,3.0,1.0,61.84,45.81,40.01,True
647,88.77,359.54,3.0,1.0,59.62,64.88,55.09,True
648,88.26,357.83,3.0,1.0,59.8,63.35,53.88,True
649,84.73,346.12,3.0,1.0,61.02,52.86,45.58,True
650,85.31,348.04,3.0,1.0,60.82,54.58,46.95,True
651,91.19,367.55,3.0,1.0,58.78,72.05,60.76,True
652,91.83,369.68,3.0,1.0,58.56,73.96,62.27,True
653,95.11,380.56,3.0,1.0,57.42,83.71,69.98,True
654,90.28,364.55,3.0,1.0,59.09,69.37,58.64,True
655,87.96,356.85,3.0,1.0,59.9,62.47,53.19,True
656,89.65,362.46,3.0,1.0,59.31,67.49,57.16,True
657,89.72,362.68,3.0,1.0,59.29,67.7,57.32,True
658,90.38,364.87,3.0,1.0,59.06,69.65,58.87,True
659,91.85,369.75,3.0,1.0,58.55,74.03,62.32,True
660,87.62,355.73,3.0,1.0,60.02,61.47,52.39,True
661,83.46,341.93,3.0,1.0,61.46,49.11,42.62,True
662,91.62,368.99,3.0,1.0,58.63,73.34,61.78,True
663,85.91,350.05,3.0,1.0,60.61,56.38,48.37,True
664,89.77,362.84,3.0,1.0,59.27,67.84,57.43,True
665,92.15,370.73,3.0,1.0,58.45,74.9,63.01,True
666,86.34,351.48,3.0,1.0,60.46,57.66,49.38,True
667,91.71,369.28,3.0,1.0,58.6,73.61,61.99,True
668,94.93,379.97,3.0,1.0,57.48,83.18,69.56,True
669,83.28,341.32,3.0,1.0,61.52,48.56,42.19,True
670,91.25,367.75,3.0,1.0,58.76,72.24,60.91,True
671,83.13,340.83,3.0,1.0,61.57,48.12,41.84,True
672,92.28,371.18,3.0,1.0,58.4,75.31,63.34,True
673,94.42,378.26,3.0,1.0,57.66,81.65,68.35,True
674,92.79,372.88,3.0,1.0,58.23,76.83,64.54,True
675,91.44,368.37,3.0,1.0,58.7,72.79,61.35,True
676,86.74,352.8,3.0,1.0,60.32,58.84,50.32,True
677,84.89,346.65,3.0,1.0,60.96,53.33,45.96,True
678,90.76,366.13,3.0,1.0,58.93,70.79,59.76,True
679,90.73,366.02,3.0,1.0,58.94,70.69,59.68,True
680,94.05,377.03,3.0,1.0,57.79,80.55,67.48,True
681,94.9,379.87,3.0,1.0,57.5,83.09,69.49,True
682,83.01,340.42,3.0,1.0,61.61,47.75,41.55,True
683,93.71,375.91,3.0,1.0,57.91,79.54,66.68,True
684,94.67,379.1,3.0,1.0,57.58,82.4,68.94,True
685,86.1,350.67,3.0,1.0,60.54,56.94,48.81,True
686,94.47,378.43,3.0,1.0,57.65,81.8,68.47,True
687,82.37,338.29,3.0,1.0,61.84,45.84,40.04,True
688,82.79,339.71,3.0,1.0,61.69,47.12,41.05,True
689,89.5,361.96,3.0,1.0,59.37,67.05,56.8,True
690,88.17,357.55,3.0,1.0,59.83,63.1,53.68,True
691,87.19,354.29,3.0,1.0,60.17,60.18,51.37,True
692,91.18,367.54,3.0,1.0,58.78,72.04,60.75,True
693,82.32,338.14,3.0,1.0,61.85,45.71,39.93,True
694,91.51,368.62,3.0,1.0,58.67,73.01,61.52,True
695,92.43,371.67,3.0,1.0,58.35,75.75,63.68,True
696,81.87,336.66,3.0,1.0,62.01,44.38,38.89,True
697,88.02,357.04,3.0,1.0,59.88,62.64,53.32,True
698,86.21,351.05,3.0,1.0,60.51,57.27,49.08,True
699,81.6,335.76,3.0,1.0,62.1,43.58,38.25,True
700,88.79,359.61,3.0,1.0,59.61,64.94,55.14,True
701,89.93,363.36,3.0,1.0,59.22,68.31,57.8,True
702,81.25,334.6,3.0,1.0,62.22,42.54,37.42,True
703,83.67,342.62,3.0,1.0,61.39,49.73,43.11,True
704,92.43,371.68,3.0,1.0,58.35,75.75,63.69,True
705,94.38,378.12,3.0,1.0,57.68,81.53,68.25,True
706,93.76,376.09,3.0,1.0,57.89,79.71,66.81,True
707,82.26,337.96,3.0,1.0,61.87,45.54,39.8,True
708,89.96,363.49,3.0,1.0,59.21,68.42,57.89,True
709,85.05,347.18,3.0,1.0,60.91,53.81,46.34,True
710,94.49,378.5,3.0,1.0,57.64,81.87,68.52,True
711,91.57,368.83,3.0,1.0,58.65,73.2,61.67,True
712,89.21,361.0,3.0,1.0,59.47,66.18,56.12,True
713,87.36,354.84,3.0,1.0,60.11,60.67,51.76,True
714,90.11,363.97,3.0,1.0,59.16,68.85,58.23,True
715,92.26,371.11,3.0,1.0,58.41,75.25,63.29,True
716,85.82,349.75,3.0,1.0,60.64,56.11,48.15,True
717,92.93,373.33,3.0,1.0,58.18,77.23,64.86,True
718,92.52,371.95,3.0,1.0,58.32,76.0,63.88,True
719,87.4,354.98,3.0,1.0,60.09,60.8,51.86,True
720,86.58,352.26,3.0,1.0,60.38,58.36,49.93,True
721,91.34,368.05,3.0,1.0,58.73,72.5,61.12,True
722,83.98,343.63,3.0,1.0,61.28,50.63,43.82,True
723,93.48,375.14,3.0,1.0,57.99,78.86,66.14,True
724,94.79,379.5,3.0,1.0,57.53,82.76,69.23,True
725,89.51,361.99,3.0,1.0,59.36,67.07,56.83,True
726,86.43,351.78,3.0,1.0,60.43,57.93,49.6,True
727,92.17,370.8,3.0,1.0,58.44,74.97,63.07,True
728,93.65,375.71,3.0,1.0,57.93,79.37,66.55,True
729,91.85,369.74,3.0,1.0,58.55,74.01,62.31,True
730,89.6,362.28,3.0,1.0,59.33,67.33,57.03,True
731,89.37,361.51,3.0,1.0,59.41,66.64,56.49,True
732,89.81,362.98,3.0,1.0,59.26,67.96,57.53,True
733,84.68,345.96,3.0,1.0,61.04,52.71,45.47,True
734,81.74,336.2,3.0,1.0,62.06,43.97,38.56,True
735,90.92,366.67,3.0,1.0,58.87,71.27,60.14,True
736,87.04,353.81,3.0,1.0,60.22,59.75,51.03,True
737,81.34,334.9,3.0,1.0,62.19,42.8,37.63,True
738,81.11,334.13,3.0,1.0,62.27,42.12,37.09,True
739,86.91,353.36,3.0,1.0,60.26,59.34,50.71,True
740,90.07,363.85,3.0,1.0,59.17,68.74,58.14,True
741,93.27,374.45,3.0,1.0,58.06,78.23,65.65,True
742,92.78,372.82,3.0,1.0,58.23,76.77,64.5,True
743,82.52,338.79,3.0,1.0,61.79,46.29,40.39,True
744,94.86,379.71,3.0,1.0,57.51,82.95,69.38,True
745,95.16,380.72,3.0,1.0,57.41,83.85,70.09,True
746,94.04,376.99,3.0,1.0,57.8,80.51,67.45,True
747,92.06,370.44,3.0,1.0,58.48,74.64,62.81,True
748,88.59,358.92,3.0,1.0,59.68,64.32,54.65,True
749,85.53,348.78,3.0,1.0,60.74,55.24,47.47,True
750,86.7,352.66,3.0,1.0,60.34,58.72,50.22,True
751,89.2,360.97,3.0,1.0,59.47,66.16,56.1,True
752,85.33,348.11,3.0,1.0,60.81,54.64,47.0,True
753,90.5,365.25,3.0,1.0,59.02,70.0,59.14,True
754,81.15,334.26,3.0,1.0,62.26,42.23,37.18,True
755,89.34,361.43,3.0,1.0,59.42,66.58,56.43,True
756,94.08,377.15,3.0,1.0,57.78,80.65,67.56,True
757,89.03,360.4,3.0,1.0,59.53,65.65,55.7,True
758,82.5,338.73,3.0,1.0,61.79,46.24,40.35,True
759,86.1,350.68,3.0,1.0,60.54,56.94,48.81,True
760,85.34,348.16,3.0,1.0,60.81,54.69,47.03,True
761,88.75,359.46,3.0,1.0,59.63,64.81,55.03,True
762,84.91,346.73,3.0,1.0,60.96,53.4,46.01,True
763,84.24,344.51,3.0,1.0,61.19,51.41,44.44,True
764,90.12,364.0,3.0,1.0,59.15,68.87,58.25,True
765,91.91,369.94,3.0,1.0,58.53,74.2,62.46,True
766,87.35,354.83,3.0,1.0,60.11,60.66,51.76,True
767,95.29,381.14,3.0,1.0,57.36,84.23,70.39,True
768,91.76,369.46,3.0,1.0,58.58,73.77,62.12,True
769,81.19,334.39,3.0,1.0,62.24,42.35,37.28,True
770,90.86,366.47,3.0,1.0,58.89,71.09,60.0,True
771,93.26,374.43,3.0,1.0,58.06,78.22,65.64,True
772,87.94,356.77,3.0,1.0,59.91,62.4,53.13,True
773,86.29,351.32,3.0,1.0,60.48,57.52,49.27,True
774,92.26,371.11,3.0,1.0,58.41,75.25,63.29,True
775,84.93,346.81,3.0,1.0,60.95,53.48,46.08,True
776,82.01,337.12,3.0,1.0,61.96,44.8,39.21,True
777,83.48,342.0,3.0,1.0,61.45,49.17,42.67,True
778,90.3,364.6,3.0,1.0,59.09,69.41,58.67,True
779,83.16,340.91,3.0,1.0,61.56,48.19,41.9,True
780,83.21,341.09,3.0,1.0,61.55,48.35,42.02,True
781,95.27,381.09,3.0,1.0,57.37,84.19,70.36,True
782,91.18,367.53,3.0,1.0,58.78,72.04,60.75,True
783,82.06,337.29,3.0,1.0,61.94,44.95,39.33,True
784,85.41,348.39,3.0,1.0,60.78,54.89,47.19,True
785,87.0,353.64,3.0,1.0,60.23,59.6,50.92,True
786,91.89,369.89,3.0,1.0,58.54,74.15,62.42,True
787,90.99,366.89,3.0,1.0,58.85,71.46,60.29,True
788,83.46,341.92,3.0,1.0,61.46,49.09,42.61,True
789,81.65,335.91,3.0,1.0,62.09,43.71,38.35,True
790,95.09,380.5,3.0,1.0,57.43,83.66,69.94,True
791,84.04,343.85,3.0,1.0,61.26,50.82,43.97,True
792,84.48,345.3,3.0,1.0,61.11,52.13,45.01,True
793,89.05,360.45,3.0,1.0,59.52,65.69,55.73,True
794,89.63,362.39,3.0,1.0,59.32,67.43,57.11,True
795,95.16,380.72,3.0,1.0,57.41,83.85,70.09,True
796,82.05,337.23,3.0,1.0,61.95,44.89,39.29,True
797,90.21,364.32,3.0,1.0,59.12,69.16,58.48,True
798,84.26,344.57,3.0,1.0,61.18,51.47,44.49,True
799,85.11,347.4,3.0,1.0,60.89,54.0,46.49,True
800,81.17,334.34,3.0,1.0,62.25,42.3,37.24,True
801,94.73,379.3,3.0,1.0,57.56,82.58,69.08,True
802,86.52,352.08,3.0,1.0,60.4,58.2,49.81,True
803,86.94,353.46,3.0,1.0,60.25,59.43,50.78,True
804,91.5,368.6,3.0,1.0,58.67,72.99,61.51,True
805,93.91,376.59,3.0,1.0,57.84,80.15,67.17,True
806,94.69,379.16,3.0,1.0,57.57,82.46,68.99,True
807,91.46,368.44,3.0,1.0,58.69,72.85,61.4,True
808,85.61,349.05,3.0,1.0,60.71,55.48,47.66,True
809,89.33,361.4,3.0,1.0,59.42,66.55,56.41,True
810,83.57,342.29,3.0,1.0,61.42,49.42,42.87,True
811,93.42,374.94,3.0,1.0,58.01,78.68,66.0,True
812,93.97,376.78,3.0,1.0,57.82,80.32,67.3,True
813,81.08,334.04,3.0,1.0,62.28,42.03,37.03,True
814,86.11,350.69,3.0,1.0,60.54,56.95,48.82,True
815,90.14,364.08,3.0,1.0,59.14,68.94,58.3,True
816,87.1,354.0,3.0,1.0,60.2,59.92,51.17,True
817,95.01,380.22,3.0,1.0,57.46,83.4,69.74,True
818,86.75,352.85,3.0,1.0,60.32,58.88,50.35,True
819,84.51,345.41,3.0,1.0,61.09,52.22,45.08,True
820,89.99,363.57,3.0,1.0,59.2,68.49,57.94,True
821,90.37,364.83,3.0,1.0,59.07,69.62,58.84,True
822,82.89,340.03,3.0,1.0,61.66,47.41,41.27,True
823,93.6,375.55,3.0,1.0,57.95,79.23,66.43,True
824,92.54,372.03,3.0,1.0,58.31,76.07,63.94,True
825,93.19,374.19,3.0,1.0,58.09,78.01,65.47,True
826,95.0,380.19,3.0,1.0,57.46,83.38,69.72,True
827,84.9,346.7,3.0,1.0,60.96,53.38,46.0,True
828,87.62,355.71,3.0,1.0,60.02,61.45,52.38,True
829,89.75,362.77,3.0,1.0,59.28,67.78,57.38,True
830,89.53,362.04,3.0,1.0,59.36,67.11,56.86,True
831,89.7,362.62,3.0,1.0,59.3,67.64,57.27,True
832,93.9,376.56,3.0,1.0,57.84,80.12,67.14,True
833,84.2,344.37,3.0,1.0,61.2,51.29,44.35,True
834,88.51,358.68,3.0,1.0,59.71,64.11,54.48,True
835,89.12,360.69,3.0,1.0,59.5,65.91,55.9,True
836,93.19,374.19,3.0,1.0,58.09,78.0,65.47,True
837,94.43,378.32,3.0,1.0,57.66,81.7,68.39,True
838,81.67,335.98,3.0,1.0,62.08,43.77,38.4,True
839,87.64,355.77,3.0,1.0,60.01,61.51,52.42,True
840,92.5,371.88,3.0,1.0,58.33,75.94,63.83,True
841,95.07,380.42,3.0,1.0,57.44,83.58,69.88,True
842,91.48,368.53,3.0,1.0,58.68,72.93,61.46,True
843,83.46,341.93,3.0,1.0,61.46,49.11,42.62,True
844,90.97,366.82,3.0,1.0,58.86,71.4,60.25,True
845,92.17,370.81,3.0,1.0,58.44,74.98,63.07,True
846,82.49,338.7,3.0,1.0,61.79,46.21,40.33,True
847,94.34,378.0,3.0,1.0,57.69,81.42,68.17,True
848,93.47,375.13,3.0,1.0,57.99,78.84,66.13,True
849,84.62,345.76,3.0,1.0,61.06,52.54,45.33,True
850,88.89,359.94,3.0,1.0,59.58,65.24,55.37,True
851,93.93,376.63,3.0,1.0,57.83,80.19,67.19,True
852,82.62,339.13,3.0,1.0,61.75,46.59,40.63,True
853,82.74,339.53,3.0,1.0,61.71,46.96,40.92,True
854,93.65,375.71,3.0,1.0,57.93,79.37,66.55,True
855,85.01,347.06,3.0,1.0,60.92,53.7,46.25,True
856,84.92,346.77,3.0,1.0,60.95,53.44,46.05,True
857,85.11,347.39,3.0,1.0,60.89,54.0,46.49,True
858,89.19,360.93,3.0,1.0,59.47,66.13,56.08,True
859,83.04,340.54,3.0,1.0,61.6,47.86,41.63,True
860,89.25,361.13,3.0,1.0,59.45,66.31,56.22,True
861,90.55,365.42,3.0,1.0,59.0,70.15,59.25,True
862,86.03,350.44,3.0,1.0,60.57,56.72,48.64,True
863,92.32,371.29,3.0,1.0,58.39,75.41,63.41,True
864,92.88,373.16,3.0,1.0,58.2,77.08,64.74,True
865,83.18,341.0,3.0,1.0,61.55,48.28,41.96,True
866,84.54,345.49,3.0,1.0,61.09,52.3,45.14,True
867,88.07,357.2,3.0,1.0,59.86,62.79,53.43,True
868,88.59,358.95,3.0,1.0,59.68,64.35,54.67,True
869,91.55,368.74,3.0,1.0,58.66,73.12,61.61,True
870,86.54,352.12,3.0,1.0,60.39,58.23,49.84,True
871,94.96,380.07,3.0,1.0,57.47,83.27,69.63,True
872,84.03,343.82,3.0,1.0,61.26,50.79,43.95,True
873,88.9,359.97,3.0,1.0,59.57,65.26,55.39,True
874,90.28,364.54,3.0,1.0,59.1,69.36,58.63,True
875,81.52,335.5,3.0,1.0,62.13,43.34,38.06,True
876,81.76,336.29,3.0,1.0,62.05,44.05,38.62,True
877,83.34,341.53,3.0,1.0,61.5,48.75,42.33,True
878,85.92,350.08,3.0,1.0,60.61,56.4,48.39,True
879,90.5,365.26,3.0,1.0,59.02,70.01,59.15,True
880,82.47,338.64,3.0,1.0,61.8,46.15,40.28,True
881,94.9,379.87,3.0,1.0,57.49,83.1,69.49,True
882,87.61,355.68,3.0,1.0,60.02,61.42,52.36,True
883,91.23,367.69,3.0,1.0,58.77,72.18,60.87,True
884,83.26,341.25,3.0,1.0,61.53,48.49,42.13,True
885,89.5,361.94,3.0,1.0,59.37,67.03,56.79,True
886,92.34,371.36,3.0,1.0,58.38,75.47,63.46,True
887,89.6,362.3,3.0,1.0,59.33,67.35,57.04,True
888,83.93,343.49,3.0,1.0,61.29,50.5,43.72,True
889,94.68,379.13,3.0,1.0,57.57,82.43,68.96,True
890,91.48,368.53,3.0,1.0,58.68,72.93,61.46,True
891,88.34,358.11,3.0,1.0,59.77,63.6,54.08,True
892,90.21,364.32,3.0,1.0,59.12,69.16,58.48,True
893,89.74,362.76,3.0,1.0,59.28,67.76,57.37,True
894,93.7,375.88,3.0,1.0,57.91,79.51,66.66,True
895,88.25,357.82,3.0,1.0,59.8,63.33,53.87,True
896,86.86,353.19,3.0,1.0,60.28,59.19,50.6,True
897,85.43,348.44,3.0,1.0,60.78,54.94,47.23,True
898,94.27,377.79,3.0,1.0,57.71,81.22,68.01,True
899,94.3,377.87,3.0,1.0,57.7,81.3,68.07,True
900,89.41,361.65,3.0,1.0,59.4,66.77,56.59,True
901,87.76,356.18,3.0,1.0,59.97,61.87,52.71,True
902,82.62,339.13,3.0,1.0,61.75,46.59,40.63,True
903,92.46,371.77,3.0,1.0,58.34,75.83,63.75,True
904,85.43,348.46,3.0,1.0,60.78,54.95,47.24,True
905,81.58,335.7,3.0,1.0,62.11,43.52,38.2,True
906,95.05,380.36,3.0,1.0,57.44,83.53,69.84,True
907,94.52,378.61,3.0,1.0,57.63,81.96,68.6,True
908,87.16,354.2,3.0,1.0,60.18,60.09,51.31,True
909,93.27,374.47,3.0,1.0,58.06,78.25,65.66,True
910,82.85,339.89,3.0,1.0,61.67,47.27,41.17,True
911,85.2,347.69,3.0,1.0,60.86,54.26,46.7,True
912,84.23,344.48,3.0,1.0,61.19,51.39,44.43,True
913,92.47,371.8,3.0,1.0,58.34,75.86,63.77,True
914,86.69,352.63,3.0,1.0,60.34,58.69,50.2,True
915,83.14,340.86,3.0,1.0,61.57,48.15,41.86,True
916,87.9,356.66,3.0,1.0,59.92,62.3,53.05,True
917,84.23,344.48,3.0,1.0,61.19,51.39,44.42,True
918,87.89,356.6,3.0,1.0,59.93,62.25,53.01,True
919,91.19,367.54,3.0,1.0,58.78,72.05,60.76,True
920,88.02,357.06,3.0,1.0,59.88,62.66,53.33,True
921,90.5,365.27,3.0,1.0,59.02,70.02,59.15,True
922,85.28,347.94,3.0,1.0,60.83,54.49,46.88,True
923,91.95,370.09,3.0,1.0,58.52,74.33,62.56,True
924,84.5,345.36,3.0,1.0,61.1,52.18,45.05,True
925,84.55,345.52,3.0,1.0,61.08,52.32,45.16,True
926,88.18,357.58,3.0,1.0,59.82,63.12,53.7,True
927,88.43,358.39,3.0,1.0,59.74,63.85,54.28,True
928,87.64,355.78,3.0,1.0,60.01,61.51,52.43,True
929,91.46,368.45,3.0,1.0,58.69,72.86,61.4,True
930,91.38,368.19,3.0,1.0,58.71,72.63,61.22,True
931,93.72,375.94,3.0,1.0,57.91,79.57,66.71,True
932,86.51,352.05,3.0,1.0,60.4,58.17,49.78,True
933,89.36,361.5,3.0,1.0,59.41,66.64,56.48,True
934,87.07,353.91,3.0,1.0,60.21,59.83,51.1,True
935,88.37,358.19,3.0,1.0,59.76,63.67,54.14,True
936,92.35,371.4,3.0,1.0,58.38,75.5,63.49,True
937,90.5,365.26,3.0,1.0,59.02,70.0,59.14,True
938,94.59,378.82,3.0,1.0,57.6,82.16,68.75,True
939,90.53,365.35,3.0,1.0,59.01,70.09,59.21,True
940,93.14,374.03,3.0,1.0,58.11,77.86,65.35,True
941,84.08,343.99,3.0,1.0,61.24,50.95,44.08,True
942,95.13,380.61,3.0,1.0,57.42,83.75,70.02,True
943,94.11,377.23,3.0,1.0,57.77,80.73,67.62,True
944,93.16,374.1,3.0,1.0,58.1,77.92,65.4,True
945,95.3,381.18,3.0,1.0,57.36,84.26,70.42,True
946,93.9,376.54,3.0,1.0,57.84,80.11,67.13,True
947,91.35,368.1,3.0,1.0,58.72,72.55,61.15,True
948,81.98,337.01,3.0,1.0,61.97,44.7,39.13,True
949,81.44,335.23,3.0,1.0,62.16,43.1,37.87,True
950,90.95,366.77,3.0,1.0,58.86,71.36,60.21,True
951,88.59,358.95,3.0,1.0,59.68,64.35,54.67,True
952,91.17,367.48,3.0,1.0,58.79,71.99,60.71,True
953,88.87,359.86,3.0,1.0,59.58,65.17,55.32,True
954,83.77,342.96,3.0,1.0,61.35,50.03,43.35,True
955,81.61,335.8,3.0,1.0,62.1,43.61,38.27,True
956,93.41,374.9,3.0,1.0,58.01,78.64,65.97,True
957,81.48,335.36,3.0,1.0,62.14,43.21,37.96,True
958,87.15,354.15,3.0,1.0,60.18,60.05,51.27,True
959,83.76,342.93,3.0,1.0,61.35,50.0,43.32,True
960,84.51,345.39,3.0,1.0,61.1,52.2,45.07,True
961,86.17,350.89,3.0,1.0,60.52,57.13,48.97,True
962,94.03,376.96,3.0,1.0,57.8,80.48,67.43,True
963,90.49,365.23,3.0,1.0,59.02,69.97,59.12,True
964,94.6,378.88,3.0,1.0,57.6,82.2,68.79,True
965,85.28,347.96,3.0,1.0,60.83,54.51,46.89,True
966,87.96,356.84,3.0,1.0,59.9,62.46,53.18,True
967,81.51,335.47,3.0,1.0,62.13,43.31,38.04,True
968,82.26,337.93,3.0,1.0,61.88,45.52,39.78,True
969,84.29,344.66,3.0,1.0,61.17,51.55,44.55,True
970,90.83,366.38,3.0,1.0,58.9,71.0,59.93,True
971,90.38,364.87,3.0,1.0,59.06,69.65,58.86,True
972,84.86,346.56,3.0,1.0,60.97,53.25,45.9,True
973,85.33,348.11,3.0,1.0,60.81,54.64,46.99,True
974,89.36,361.5,3.0,1.0,59.41,66.63,56.48,True
975,89.89,363.23,3.0,1.0,59.23,68.18,57.7,True
976,88.42,358.36,3.0,1.0,59.74,63.83,54.26,True
977,94.1,377.19,3.0,1.0,57.77,80.7,67.6,True
978,87.47,355.22,3.0,1.0,60.07,61.01,52.03,True
979,89.3,361.29,3.0,1.0,59.44,66.45,56.33,True
980,88.23,357.75,3.0,1.0,59.81,63.27,53.82,True
981,86.33,351.44,3.0,1.0,60.46,57.62,49.35,True
982,94.47,378.43,3.0,1.0,57.65,81.8,68.47,True
983,91.64,369.06,3.0,1.0,58.62,73.4,61.83,True
984,91.04,367.06,3.0,1.0,58.83,71.61,60.42,True
985,81.81,336.44,3.0,1.0,62.03,44.18,38.73,True
986,81.17,334.33,3.0,1.0,62.25,42.3,37.23,True
987,89.45,361.78,3.0,1.0,59.38,66.88,56.68,True
988,92.38,371.51,3.0,1.0,58.37,75.6,63.57,True
989,84.71,346.05,3.0,1.0,61.03,52.8,45.54,True
990,81.77,336.31,3.0,1.0,62.04,44.07,38.64,True
991,82.62,339.14,3.0,1.0,61.75,46.61,40.64,True
992,92.31,371.26,3.0,1.0,58.39,75.38,63.39,True
993,88.12,357.39,3.0,1.0,59.84,62.95,53.56,True
994,92.92,373.3,3.0,1.0,58.18,77.21,64.84,True
995,84.38,344.98,3.0,1.0,61.14,51.84,44.78,True
996,90.97,366.81,3.0,1.0,58.86,71.4,60.24,True
997,91.85,369.76,3.0,1.0,58.55,74.03,62.33,True
998,92.5,371.89,3.0,1.0,58.33,75.95,63.84,True
999,87.67,355.89,3.0,1.0,60.0,61.61,52.51,True
1000,85.86,349.87,3.0,1.0,60.63,56.22,48.24,True
1001,87.46,355.17,3.0,1.0,60.07,60.97,52.0,True
1002,84.36,344.91,3.0,1.0,61.15,51.77,44.73,True
1003,88.28,357.92,3.0,1.0,59.79,63.43,53.94,True
1004,84.94,346.82,3.0,1.0,60.95,53.49,46.08,True
1005,81.58,335.7,3.0,1.0,62.11,43.52,38.2,True
1006,81.9,336.73,3.0,1.0,62.0,44.45,38.94,True
1007,85.4,348.37,3.0,1.0,60.78,54.87,47.18,True
1008,94.88,379.79,3.0,1.0,57.5,83.02,69.44,True
1009,86.76,352.87,3.0,1.0,60.31,58.91,50.37,True
1010,87.71,356.01,3.0,1.0,59.99,61.71,52.59,True
1011,84.54,345.5,3.0,1.0,61.09,52.3,45.14,True
1012,81.96,336.93,3.0,1.0,61.98,44.63,39.08,True
1013,95.42,381.59,3.0,1.0,57.32,84.63,70.71,True
1014,92.97,373.45,3.0,1.0,58.17,77.34,64.95,True
1015,83.43,341.82,3.0,1.0,61.47,49.0,42.54,True
1016,90.93,366.71,3.0,1.0,58.87,71.3,60.17,True
1017,87.66,355.85,3.0,1.0,60.0,61.57,52.48,True
1018,86.71,352.71,3.0,1.0,60.33,58.76,50.25,True
1019,91.13,367.37,3.0,1.0,58.8,71.89,60.64,True
1020,90.42,365.0,3.0,1.0,59.05,69.77,58.96,True
1021,88.66,359.16,3.0,1.0,59.66,64.54,54.82,True
1022,81.8,336.42,3.0,1.0,62.03,44.17,38.72,True
1023,93.38,374.81,3.0,1.0,58.02,78.56,65.91,True
1024,82.25,337.89,3.0,1.0,61.88,45.49,39.76,True
1025,87.66,355.84,3.0,1.0,60.01,61.56,52.47,True
1026,89.02,360.37,3.0,1.0,59.53,65.62,55.68,True
1027,90.79,366.22,3.0,1.0,58.92,70.86,59.82,True
1028,83.6,342.38,3.0,1.0,61.41,49.51,42.94,True
1029,84.03,343.83,3.0,1.0,61.26,50.8,43.96,True
1030,81.7,336.09,3.0,1.0,62.07,43.87,38.48,True
1031,93.68,375.81,3.0,1.0,57.92,79.45,66.61,True
1032,85.97,350.24,3.0,1.0,60.59,56.55,48.5,True
1033,91.5,368.59,3.0,1.0,58.67,72.98,61.5,True
1034,91.22,367.65,3.0,1.0,58.77,72.14,60.83,True
1035,89.52,362.0,3.0,1.0,59.36,67.09,56.84,True
1036,86.69,352.64,3.0,1.0,60.34,58.7,50.21,True
1037,89.83,363.03,3.0,1.0,59.25,68.01,57.56,True
1038,83.26,341.26,3.0,1.0,61.53,48.5,42.14,True
1039,91.33,368.03,3.0,1.0,58.73,72.48,61.1,True
1040,78.89,362.3,3.0,1.0,67.98,-40.32,-11.87,False
1041,78.84,362.89,3.0,1.0,68.09,-42.03,-12.89,False
1042,79.39,355.79,3.0,1.0,66.67,-21.4,-0.65,False
1043,79.01,360.79,3.0,1.0,67.67,-35.92,-9.27,False
1044,79.09,359.71,3.0,1.0,67.46,-32.79,-7.4,False
1045,79.68,351.99,3.0,1.0,65.9,-10.34,5.92,True
1046,78.83,363.08,3.0,1.0,68.13,-42.58,-13.22,False
1047,78.58,366.29,3.0,1.0,68.78,-51.93,-18.77,False
1048,79.28,357.24,3.0,1.0,66.96,-25.61,-3.14,False
1049,78.73,364.3,3.0,1.0,68.38,-46.13,-15.33,False
1050,79.0,360.88,3.0,1.0,67.69,-36.19,-9.43,False
1051,79.68,352.08,3.0,1.0,65.92,-10.59,5.78,True
1052,78.85,362.84,3.0,1.0,68.09,-41.91,-12.82,False
1053,79.68,352.02,3.0,1.0,65.91,-10.43,5.87,True
1054,78.74,364.24,3.0,1.0,68.37,-45.97,-15.23,False
1055,79.34,356.42,3.0,1.0,66.79,-23.21,-1.72,False
1056,79.09,359.7,3.0,1.0,67.45,-32.76,-7.39,False
1057,79.29,357.15,3.0,1.0,66.94,-25.34,-2.98,False
1058,79.03,360.45,3.0,1.0,67.6,-34.93,-8.68,False
1059,78.56,366.62,3.0,1.0,68.85,-52.89,-19.34,False
1060,78.57,366.43,3.0,1.0,68.81,-52.34,-19.01,False
1061,79.08,359.87,3.0,1.0,67.49,-33.26,-7.68,False
1062,79.07,359.97,3.0,1.0,67.51,-33.55,-7.86,False
1063,79.55,353.69,3.0,1.0,66.24,-15.27,3.0,True
1064,78.82,363.14,3.0,1.0,68.15,-42.77,-13.33,False
1065,79.59,353.26,3.0,1.0,66.16,-14.03,3.73,True
1066,79.46,354.94,3.0,1.0,66.5,-18.92,0.83,True
1067,78.71,364.58,3.0,1.0,68.44,-46.97,-15.83,False
1068,79.46,354.89,3.0,1.0,66.49,-18.78,0.91,True
1069,79.01,360.79,3.0,1.0,67.67,-35.93,-9.27,False
1070,79.38,355.93,3.0,1.0,66.7,-21.78,-0.87,False
1071,79.59,353.19,3.0,1.0,66.15,-13.83,3.85,True
1072,79.75,351.08,3.0,1.0,65.72,-7.7,7.49,True
1073,79.33,356.64,3.0,1.0,66.84,-23.86,-2.1,False
1074,79.08,359.78,3.0,1.0,67.47,-32.99,-7.53,False
1075,79.4,355.61,3.0,1.0,66.63,-20.86,-0.32,False
1076,78.88,362.35,3.0,1.0,67.99,-40.49,-11.98,False
1077,79.49,354.49,3.0,1.0,66.41,-17.6,1.62,True
1078,79.45,354.98,3.0,1.0,66.5,-19.02,0.77,True
1079,79.43,355.29,3.0,1.0,66.57,-19.93,0.23,True
1080,78.79,363.55,3.0,1.0,68.23,-43.96,-14.04,False
1081,79.36,356.22,3.0,1.0,66.76,-22.65,-1.39,False
1082,79.56,353.53,3.0,1.0,66.21,-14.82,3.26,True
1083,79.3,356.94,3.0,1.0,66.9,-24.72,-2.62,False
1084,78.78,363.76,3.0,1.0,68.27,-44.58,-14.41,False
1085,79.09,359.66,3.0,1.0,67.45,-32.64,-7.32,False
1086,78.9,362.09,3.0,1.0,67.94,-39.72,-11.52,False
1087,79.37,356.05,3.0,1.0,66.72,-22.13,-1.08,False
1088,78.67,365.15,3.0,1.0,68.55,-48.63,-16.81,False
1089,79.51,354.24,3.0,1.0,66.36,-16.88,2.04,True
1090,78.67,365.15,3.0,1.0,68.55,-48.62,-16.81,False
1091,79.68,352.06,3.0,1.0,65.92,-10.53,5.81,True
1092,79.0,360.85,3.0,1.0,67.69,-36.11,-9.38,False
1093,79.51,354.23,3.0,1.0,66.35,-16.84,2.06,True
1094,79.03,360.4,3.0,1.0,67.6,-34.8,-8.6,False
1095,78.89,362.32,3.0,1.0,67.98,-40.38,-11.91,False
1096,79.14,358.99,3.0,1.0,67.31,-30.7,-6.16,False
1097,78.56,366.5,3.0,1.0,68.82,-52.55,-19.14,False
1098,79.57,353.53,3.0,1.0,66.21,-14.81,3.27,True
1099,79.43,355.3,3.0,1.0,66.57,-19.95,0.21,True
1100,78.73,364.3,3.0,1.0,68.38,-46.14,-15.34,False
1101,78.7,364.72,3.0,1.0,68.46,-47.36,-16.06,False
1102,79.12,359.36,3.0,1.0,67.39,-31.77,-6.8,False
1103,78.79,363.53,3.0,1.0,68.22,-43.9,-14.0,False
1104,79.72,351.54,3.0,1.0,65.81,-9.02,6.71,True
1105,79.52,354.16,3.0,1.0,66.34,-16.64,2.18,True
1106,78.84,362.91,3.0,1.0,68.1,-42.12,-12.94,False
1107,79.74,351.28,3.0,1.0,65.76,-8.26,7.16,True
1108,79.41,355.51,3.0,1.0,66.61,-20.59,-0.16,True
1109,79.41,355.53,3.0,1.0,66.62,-20.63,-0.19,True
1110,79.58,353.27,3.0,1.0,66.16,-14.07,3.71,True
1111,78.65,365.43,3.0,1.0,68.61,-49.43,-17.29,False
1112,78.74,364.25,3.0,1.0,68.37,-45.99,-15.25,False
1113,79.15,358.96,3.0,1.0,67.31,-30.62,-6.12,False
1114,78.98,361.07,3.0,1.0,67.73,-36.76,-9.76,False
1115,78.7,364.77,3.0,1.0,68.47,-47.5,-16.14,False
1116,79.0,360.85,3.0,1.0,67.69,-36.11,-9.38,False
1117,79.24,357.75,3.0,1.0,67.06,-27.09,-4.02,False
1118,79.24,357.69,3.0,1.0,67.05,-26.91,-3.92,False
1119,79.18,358.52,3.0,1.0,67.22,-29.33,-5.35,False
1120,79.6,353.09,3.0,1.0,66.12,-13.52,4.03,True
1121,79.58,353.28,3.0,1.0,66.16,-14.1,3.69,True
1122,79.74,351.24,3.0,1.0,65.75,-8.15,7.22,True
1123,79.52,354.06,3.0,1.0,66.32,-16.37,2.35,True
1124,79.66,352.23,3.0,1.0,65.95,-11.04,5.51,True
1125,78.82,363.23,3.0,1.0,68.16,-43.03,-13.49,False
1126,79.66,352.3,3.0,1.0,65.97,-11.24,5.39,True
1127,79.12,359.27,3.0,1.0,67.37,-31.52,-6.65,False
1128,79.21,358.11,3.0,1.0,67.13,-28.15,-4.65,False
1129,79.12,359.29,3.0,1.0,67.37,-31.57,-6.68,False
1130,79.41,355.5,3.0,1.0,66.61,-20.54,-0.13,True
1131,78.82,363.17,3.0,1.0,68.15,-42.87,-13.39,False
1132,79.7,351.79,3.0,1.0,65.86,-9.75,6.28,True
1133,79.27,357.3,3.0,1.0,66.97,-25.77,-3.24,False
1134,79.79,350.61,3.0,1.0,65.63,-6.33,8.3,True
1135,78.96,361.43,3.0,1.0,67.8,-37.8,-10.38,False
1136,79.44,355.14,3.0,1.0,66.54,-19.5,0.49,True
1137,79.62,352.76,3.0,1.0,66.06,-12.58,4.59,True
1138,78.97,361.24,3.0,1.0,67.76,-37.24,-10.05,False
1139,79.44,355.11,3.0,1.0,66.53,-19.41,0.54,True
1140,78.53,366.89,3.0,1.0,68.9,-53.67,-19.8,False
1141,78.86,362.71,3.0,1.0,68.06,-41.51,-12.59,False
1142,79.38,355.93,3.0,1.0,66.7,-21.81,-0.88,False
1143,78.87,362.51,3.0,1.0,68.02,-40.92,-12.24,False
1144,78.8,363.48,3.0,1.0,68.21,-43.75,-13.92,False
1145,79.49,354.53,3.0,1.0,66.41,-17.71,1.55,True
1146,79.47,354.71,3.0,1.0,66.45,-18.25,1.23,True
1147,79.01,360.73,3.0,1.0,67.66,-35.76,-9.17,False
1148,79.16,358.78,3.0,1.0,67.27,-30.08,-5.8,False
1149,78.56,366.52,3.0,1.0,68.82,-52.59,-19.16,False
1150,78.91,362.08,3.0,1.0,67.93,-39.68,-11.5,False
1151,78.94,361.67,3.0,1.0,67.85,-38.5,-10.79,False
1152,79.03,360.51,3.0,1.0,67.62,-35.12,-8.79,False
1153,79.06,360.11,3.0,1.0,67.54,-33.95,-8.1,False
1154,78.88,362.36,3.0,1.0,67.99,-40.5,-11.98,False
1155,79.3,356.94,3.0,1.0,66.9,-24.74,-2.62,False
1156,78.81,363.29,3.0,1.0,68.18,-43.2,-13.59,False
1157,78.95,361.44,3.0,1.0,67.8,-37.83,-10.4,False
1158,78.64,365.56,3.0,1.0,68.63,-49.8,-17.5,False
1159,79.67,352.19,3.0,1.0,65.94,-10.93,5.57,True
1160,78.83,363.02,3.0,1.0,68.12,-42.41,-13.12,False
1161,79.75,351.14,3.0,1.0,65.73,-7.86,7.4,True
1162,79.36,356.14,3.0,1.0,66.74,-22.41,-1.25,False
1163,79.51,354.2,3.0,1.0,66.35,-16.76,2.11,True
1164,78.9,362.16,3.0,1.0,67.95,-39.91,-11.64,False
1165,78.56,366.5,3.0,1.0,68.82,-52.53,-19.13,False
1166,79.7,351.72,3.0,1.0,65.85,-9.56,6.39,True
1167,79.02,360.64,3.0,1.0,67.64,-35.49,-9.01,False
1168,78.89,362.26,3.0,1.0,67.97,-40.2,-11.81,False
1169,79.0,360.86,3.0,1.0,67.69,-36.13,-9.39,False
1170,79.17,358.66,3.0,1.0,67.25,-29.75,-5.6,False
1171,79.63,352.73,3.0,1.0,66.05,-12.5,4.64,True
1172,79.17,358.59,3.0,1.0,67.23,-29.55,-5.48,False
1173,79.54,353.9,3.0,1.0,66.29,-15.88,2.63,True
1174,79.72,351.51,3.0,1.0,65.81,-8.93,6.76,True
1175,79.42,355.45,3.0,1.0,66.6,-20.4,-0.05,True
1176,78.7,364.72,3.0,1.0,68.46,-47.35,-16.05,False
1177,79.34,356.47,3.0,1.0,66.8,-23.35,-1.8,False
1178,78.68,365.04,3.0,1.0,68.53,-48.3,-16.62,False
1179,78.83,363.03,3.0,1.0,68.12,-42.46,-13.15,False
1180,78.58,366.31,3.0,1.0,68.78,-52.0,-18.81,False
1181,79.4,355.61,3.0,1.0,66.63,-20.88,-0.33,False
1182,78.62,365.81,3.0,1.0,68.68,-50.53,-17.94,False
1183,79.42,355.47,3.0,1.0,66.6,-20.45,-0.08,True
1184,78.79,363.63,3.0,1.0,68.24,-44.2,-14.18,False
1185,78.93,361.8,3.0,1.0,67.88,-38.86,-11.01,False
1186,79.07,359.98,3.0,1.0,67.51,-33.57,-7.87,False
1187,78.64,365.57,3.0,1.0,68.64,-49.85,-17.54,False
1188,78.65,365.45,3.0,1.0,68.61,-49.5,-17.33,False
1189,78.94,361.7,3.0,1.0,67.86,-38.57,-10.84,False
1190,78.9,362.12,3.0,1.0,67.94,-39.81,-11.58,False
1191,78.65,365.44,3.0,1.0,68.61,-49.45,-17.3,False
1192,79.75,351.14,3.0,1.0,65.73,-7.85,7.4,True
1193,78.83,363.09,3.0,1.0,68.13,-42.61,-13.24,False
1194,79.69,351.93,3.0,1.0,65.89,-10.15,6.04,True
1195,79.7,351.74,3.0,1.0,65.85,-9.6,6.36,True
1196,79.38,355.98,3.0,1.0,66.71,-21.95,-0.97,False
1197,78.75,364.15,3.0,1.0,68.35,-45.7,-15.07,False
1198,79.33,356.53,3.0,1.0,66.82,-23.54,-1.91,False
1199,78.54,366.85,3.0,1.0,68.89,-53.55,-19.73,False
1200,78.95,361.52,3.0,1.0,67.82,-38.05,-10.53,False
1201,79.34,356.46,3.0,1.0,66.8,-23.35,-1.8,False
1202,79.71,351.67,3.0,1.0,65.84,-9.41,6.47,True
1203,78.73,364.38,3.0,1.0,68.4,-46.38,-15.48,False
1204,79.73,351.44,3.0,1.0,65.79,-8.74,6.88,True
1205,79.32,356.65,3.0,1.0,66.84,-23.88,-2.12,False
1206,79.21,358.07,3.0,1.0,67.13,-28.02,-4.57,False
1207,79.39,355.75,3.0,1.0,66.66,-21.28,-0.57,False
1208,78.65,365.41,3.0,1.0,68.6,-49.36,-17.25,False
1209,78.56,366.56,3.0,1.0,68.83,-52.71,-19.24,False
1210,78.89,362.32,3.0,1.0,67.98,-40.37,-11.91,False
1211,79.6,353.13,3.0,1.0,66.13,-13.64,3.96,True
1212,78.89,362.33,3.0,1.0,67.98,-40.43,-11.94,False
1213,79.75,351.16,3.0,1.0,65.74,-7.92,7.36,True
1214,79.13,359.14,3.0,1.0,67.34,-31.13,-6.42,False
1215,79.79,350.58,3.0,1.0,65.62,-6.23,8.36,True
1216,79.36,356.16,3.0,1.0,66.74,-22.46,-1.27,False
1217,79.17,358.62,3.0,1.0,67.24,-29.63,-5.53,False
1218,79.28,357.2,3.0,1.0,66.95,-25.49,-3.07,False
1219,78.64,365.55,3.0,1.0,68.63,-49.78,-17.49,False
1220,79.19,358.41,3.0,1.0,67.19,-29.01,-5.16,False
1221,79.19,358.4,3.0,1.0,67.19,-28.97,-5.14,False
1222,79.54,353.91,3.0,1.0,66.29,-15.91,2.61,True
1223,78.62,365.8,3.0,1.0,68.68,-50.51,-17.93,False
1224,79.63,352.66,3.0,1.0,66.04,-12.29,4.76,True
1225,79.51,354.22,3.0,1.0,66.35,-16.82,2.08,True
1226,79.41,355.55,3.0,1.0,66.62,-20.69,-0.22,True
1227,78.9,362.15,3.0,1.0,67.95,-39.9,-11.63,False
1228,78.58,366.32,3.0,1.0,68.79,-52.04,-18.83,False
1229,79.54,353.81,3.0,1.0,66.27,-15.64,2.78,True
1230,79.58,353.33,3.0,1.0,66.17,-14.22,3.62,True
1231,79.59,353.23,3.0,1.0,66.15,-13.95,3.78,True
1232,78.64,365.49,3.0,1.0,68.62,-49.62,-17.4,False
1233,78.86,362.71,3.0,1.0,68.06,-41.53,-12.6,False
1234,78.69,364.9,3.0,1.0,68.5,-47.89,-16.37,False
1235,79.05,360.26,3.0,1.0,67.57,-34.39,-8.36,False
1236,79.06,360.1,3.0,1.0,67.53,-33.93,-8.08,False
1237,79.64,352.61,3.0,1.0,66.03,-12.13,4.86,True
1238,79.43,355.27,3.0,1.0,66.56,-19.87,0.26,True
1239,78.67,365.13,3.0,1.0,68.55,-48.56,-16.77,False
1240,78.98,361.1,3.0,1.0,67.73,-36.82,-9.8,False
1241,78.91,361.98,3.0,1.0,67.91,-39.4,-11.33,False
1242,78.55,366.75,3.0,1.0,68.87,-53.27,-19.57,False
1243,79.5,354.41,3.0,1.0,66.39,-17.37,1.75,True
1244,78.63,365.62,3.0,1.0,68.64,-49.99,-17.62,False
1245,79.2,358.3,3.0,1.0,67.17,-28.68,-4.97,False
1246,78.56,366.55,3.0,1.0,68.83,-52.69,-19.22,False
1247,78.59,366.12,3.0,1.0,68.74,-51.44,-18.48,False
1248,78.85,362.79,3.0,1.0,68.07,-41.74,-12.72,False
1249,79.29,357.13,3.0,1.0,66.94,-25.27,-2.94,False
1250,78.89,362.32,3.0,1.0,67.98,-40.39,-11.92,False
1251,79.24,357.75,3.0,1.0,67.06,-27.1,-4.03,False
1252,78.81,363.29,3.0,1.0,68.18,-43.22,-13.6,False
1253,79.19,358.45,3.0,1.0,67.2,-29.12,-5.23,False
1254,79.54,353.85,3.0,1.0,66.28,-15.74,2.72,True
1255,79.44,355.15,3.0,1.0,66.54,-19.52,0.48,True
1256,78.85,362.84,3.0,1.0,68.09,-41.9,-12.81,False
1257,79.34,356.46,3.0,1.0,66.8,-23.34,-1.8,False
1258,78.72,364.47,3.0,1.0,68.41,-46.63,-15.62,False
1259,78.85,362.76,3.0,1.0,68.07,-41.66,-12.67,False
1260,78.55,366.66,3.0,1.0,68.85,-53.02,-19.42,False
1261,78.92,361.9,3.0,1.0,67.9,-39.16,-11.19,False
1262,79.03,360.46,3.0,1.0,67.61,-34.98,-8.71,False
1263,78.81,363.29,3.0,1.0,68.18,-43.21,-13.59,False
1264,79.7,351.8,3.0,1.0,65.86,-9.77,6.26,True
1265,78.57,366.38,3.0,1.0,68.8,-52.19,-18.93,False
1266,79.62,352.88,3.0,1.0,66.08,-12.91,4.39,True
1267,78.59,366.19,3.0,1.0,68.76,-51.66,-18.61,False
1268,79.05,360.23,3.0,1.0,67.56,-34.32,-8.31,False
1269,79.78,350.7,3.0,1.0,65.65,-6.6,8.15,True
1270,78.77,363.85,3.0,1.0,68.29,-44.83,-14.56,False
1271,79.16,358.81,3.0,1.0,67.27,-30.16,-5.85,False
1272,78.89,362.22,3.0,1.0,67.96,-40.09,-11.74,False
1273,79.09,359.65,3.0,1.0,67.44,-32.63,-7.31,False
1274,79.09,359.63,3.0,1.0,67.44,-32.57,-7.28,False
1275,79.63,352.74,3.0,1.0,66.05,-12.51,4.63,True
1276,79.49,354.51,3.0,1.0,66.41,-17.65,1.58,True
1277,79.05,360.18,3.0,1.0,67.55,-34.17,-8.22,False
1278,79.54,353.92,3.0,1.0,66.29,-15.94,2.6,True
1279,79.79,350.56,3.0,1.0,65.62,-6.16,8.4,True
1280,78.66,365.26,3.0,1.0,68.57,-48.93,-16.99,False
1281,78.78,363.72,3.0,1.0,68.26,-44.47,-14.34,False
1282,78.72,364.46,3.0,1.0,68.41,-46.62,-15.62,False
1283,79.23,357.86,3.0,1.0,67.08,-27.42,-4.22,False
1284,78.77,363.77,3.0,1.0,68.27,-44.61,-14.42,False
1285,78.59,366.15,3.0,1.0,68.75,-51.52,-18.53,False
1286,78.84,362.89,3.0,1.0,68.1,-42.05,-12.9,False
1287,79.64,352.57,3.0,1.0,66.02,-12.01,4.93,True
1288,78.77,363.83,3.0,1.0,68.28,-44.78,-14.52,False
1289,78.58,366.35,3.0,1.0,68.79,-52.11,-18.88,False
1290,78.83,363.08,3.0,1.0,68.13,-42.59,-13.23,False
1291,79.44,355.11,3.0,1.0,66.53,-19.41,0.54,True
1292,79.21,358.11,3.0,1.0,67.13,-28.14,-4.65,False
1293,79.27,357.3,3.0,1.0,66.97,-25.79,-3.25,False
1294,78.82,363.21,3.0,1.0,68.16,-42.99,-13.46,False
1295,79.09,359.72,3.0,1.0,67.46,-32.81,-7.42,False
1296,78.85,362.8,3.0,1.0,68.08,-41.77,-12.74,False
1297,79.23,357.85,3.0,1.0,67.08,-27.38,-4.2,False
1298,79.31,356.79,3.0,1.0,66.87,-24.31,-2.37,False
1299,79.23,357.87,3.0,1.0,67.09,-27.45,-4.23,False
1300,79.74,351.26,3.0,1.0,65.76,-8.2,7.19,True
1301,79.37,356.01,3.0,1.0,66.71,-22.03,-1.02,False
1302,79.61,352.95,3.0,1.0,66.1,-13.12,4.27,True
1303,79.15,358.86,3.0,1.0,67.28,-30.32,-5.94,False
1304,78.8,363.44,3.0,1.0,68.21,-43.64,-13.85,False
1305,79.21,358.17,3.0,1.0,67.15,-28.31,-4.74,False
1306,78.58,366.35,3.0,1.0,68.79,-52.12,-18.89,False
1307,78.78,363.75,3.0,1.0,68.27,-44.56,-14.39,False
1308,79.51,354.29,3.0,1.0,66.37,-17.03,1.95,True
1309,78.55,366.65,3.0,1.0,68.85,-52.99,-19.4,False
1310,79.28,357.26,3.0,1.0,66.96,-25.67,-3.18,False
1311,78.98,361.12,3.0,1.0,67.74,-36.89,-9.84,False
1312,79.62,352.82,3.0,1.0,66.07,-12.76,4.49,True
1313,79.18,358.46,3.0,1.0,67.21,-29.17,-5.26,False
1314,78.53,366.91,3.0,1.0,68.9,-53.74,-19.85,False
1315,78.68,364.94,3.0,1.0,68.51,-48.0,-16.44,False
1316,79.63,352.74,3.0,1.0,66.05,-12.51,4.64,True
1317,79.72,351.53,3.0,1.0,65.81,-8.99,6.72,True
1318,78.99,360.93,3.0,1.0,67.7,-36.34,-9.51,False
1319,78.79,363.54,3.0,1.0,68.23,-43.92,-14.02,False
1320,79.67,352.16,3.0,1.0,65.94,-10.83,5.63,True
1321,79.34,356.49,3.0,1.0,66.81,-23.41,-1.84,False
1322,78.9,362.1,3.0,1.0,67.94,-39.75,-11.54,False
1323,78.69,364.86,3.0,1.0,68.49,-47.77,-16.3,False
1324,79.2,358.31,3.0,1.0,67.17,-28.72,-4.99,False
1325,79.45,355.0,3.0,1.0,66.51,-19.08,0.73,True
1326,79.45,354.96,3.0,1.0,66.5,-18.97,0.8,True
1327,78.79,363.58,3.0,1.0,68.23,-44.05,-14.09,False
1328,79.47,354.77,3.0,1.0,66.46,-18.41,1.13,True
1329,79.7,351.76,3.0,1.0,65.86,-9.67,6.32,True
1330,78.62,365.82,3.0,1.0,68.68,-50.56,-17.96,False
1331,79.17,358.66,3.0,1.0,67.25,-29.74,-5.6,False
1332,78.53,366.94,3.0,1.0,68.91,-53.83,-19.9,False
1333,79.79,350.65,3.0,1.0,65.63,-6.43,8.25,True
1334,79.42,355.42,3.0,1.0,66.59,-20.3,0.01,True
1335,78.98,361.12,3.0,1.0,67.74,-36.89,-9.84,False
1336,79.43,355.28,3.0,1.0,66.56,-19.89,0.25,True
1337,79.03,360.43,3.0,1.0,67.6,-34.9,-8.66,False
1338,78.56,366.56,3.0,1.0,68.83,-52.73,-19.25,False
1339,79.55,353.67,3.0,1.0,66.24,-15.21,3.03,True
1340,78.92,361.93,3.0,1.0,67.9,-39.26,-11.25,False
1341,79.74,351.3,3.0,1.0,65.77,-8.34,7.11,True
1342,78.77,363.82,3.0,1.0,68.28,-44.75,-14.51,False
1343,79.48,354.66,3.0,1.0,66.44,-18.1,1.32,True
1344,78.94,361.65,3.0,1.0,67.85,-38.43,-10.76,False
1345,78.54,366.77,3.0,1.0,68.88,-53.33,-19.6,False
1346,78.74,364.22,3.0,1.0,68.36,-45.9,-15.19,False
1347,79.76,351.03,3.0,1.0,65.71,-7.55,7.58,True
1348,78.94,361.57,3.0,1.0,67.83,-38.21,-10.62,False
1349,79.58,353.37,3.0,1.0,66.18,-14.34,3.55,True
1350,79.79,350.57,3.0,1.0,65.62,-6.22,8.37,True
1351,79.39,355.77,3.0,1.0,66.66,-21.32,-0.6,False
1352,78.73,364.31,3.0,1.0,68.38,-46.18,-15.36,False
1353,79.56,353.57,3.0,1.0,66.22,-14.93,3.2,True
1354,78.97,361.26,3.0,1.0,67.77,-37.3,-10.08,False
1355,79.49,354.48,3.0,1.0,66.4,-17.58,1.62,True
1356,78.57,366.48,3.0,1.0,68.82,-52.48,-19.1,False
1357,79.0,360.88,3.0,1.0,67.69,-36.21,-9.44,False
1358,79.56,353.58,3.0,1.0,66.22,-14.95,3.18,True
1359,78.63,365.65,3.0,1.0,68.65,-50.08,-17.67,False
1360,78.84,362.94,3.0,1.0,68.11,-42.19,-12.99,False
1361,78.62,365.81,3.0,1.0,68.68,-50.53,-17.94,False
1362,79.53,353.94,3.0,1.0,66.3,-16.01,2.56,True
1363,78.58,366.34,3.0,1.0,68.79,-52.07,-18.85,False
1364,79.04,360.36,3.0,1.0,67.59,-34.67,-8.52,False
1365,79.14,359.03,3.0,1.0,67.32,-30.82,-6.23,False
1366,78.95,361.46,3.0,1.0,67.81,-37.87,-10.43,False
1367,78.78,363.69,3.0,1.0,68.26,-44.37,-14.28,False
1368,78.7,364.81,3.0,1.0,68.48,-47.62,-16.21,False
1369,79.42,355.39,3.0,1.0,66.59,-20.23,0.05,True
1370,79.25,357.66,3.0,1.0,67.04,-26.82,-3.86,False
1371,79.34,356.4,3.0,1.0,66.79,-23.15,-1.68,False
1372,78.61,365.9,3.0,1.0,68.7,-50.81,-18.11,False
1373,78.64,365.52,3.0,1.0,68.62,-49.69,-17.44,False
1374,79.28,357.24,3.0,1.0,66.96,-25.61,-3.15,False
1375,78.72,364.52,3.0,1.0,68.42,-46.8,-15.72,False
1376,78.55,366.63,3.0,1.0,68.85,-52.93,-19.36,False
1377,78.78,363.65,3.0,1.0,68.25,-44.24,-14.21,False
1378,79.68,351.97,3.0,1.0,65.9,-10.29,5.95,True
1379,78.81,363.3,3.0,1.0,68.18,-43.25,-13.61,False
1380,78.54,366.81,3.0,1.0,68.88,-53.44,-19.67,False
1381,79.4,355.69,3.0,1.0,66.65,-21.09,-0.46,False
1382,79.03,360.41,3.0,1.0,67.6,-34.84,-8.62,False
1383,79.28,357.22,3.0,1.0,66.96,-25.56,-3.12,False
1384,79.54,353.79,3.0,1.0,66.27,-15.58,2.81,True
1385,79.26,357.52,3.0,1.0,67.02,-26.43,-3.63,False
1386,79.26,357.53,3.0,1.0,67.02,-26.46,-3.65,False
1387,79.7,351.84,3.0,1.0,65.87,-9.88,6.19,True
1388,79.54,353.79,3.0,1.0,66.27,-15.57,2.82,True
1389,79.08,359.77,3.0,1.0,67.47,-32.96,-7.51,False
1390,78.72,364.45,3.0,1.0,68.41,-46.58,-15.6,False
1391,79.71,351.65,3.0,1.0,65.84,-9.36,6.51,True
1392,78.95,361.48,3.0,1.0,67.81,-37.95,-10.47,False
1393,78.92,361.85,3.0,1.0,67.89,-39.03,-11.11,False
1394,79.23,357.83,3.0,1.0,67.08,-27.33,-4.16,False
1395,79.5,354.32,3.0,1.0,66.37,-17.11,1.9,True
1396,78.86,362.64,3.0,1.0,68.05,-41.33,-12.48,False
1397,79.24,357.73,3.0,1.0,67.06,-27.04,-3.99,False
1398,79.77,350.86,3.0,1.0,65.68,-7.06,7.87,True
1399,79.2,358.27,3.0,1.0,67.17,-28.61,-4.93,False
1400,79.17,358.63,3.0,1.0,67.24,-29.64,-5.54,False
1401,78.95,361.49,3.0,1.0,67.81,-37.98,-10.49,False
1402,79.22,358.07,3.0,1.0,67.13,-28.01,-4.57,False
1403,79.31,356.85,3.0,1.0,66.88,-24.47,-2.47,False
1404,79.21,358.12,3.0,1.0,67.14,-28.18,-4.67,False
1405,78.84,362.9,3.0,1.0,68.1,-42.08,-12.92,False
1406,78.75,364.09,3.0,1.0,68.34,-45.54,-14.98,False
1407,78.76,363.94,3.0,1.0,68.31,-45.09,-14.71,False
1408,78.93,361.75,3.0,1.0,67.87,-38.72,-10.93,False
1409,79.46,354.84,3.0,1.0,66.48,-18.63,1.0,True
1410,78.71,364.66,3.0,1.0,68.45,-47.18,-15.95,False
1411,79.07,359.95,3.0,1.0,67.5,-33.5,-7.83,False
1412,79.55,353.76,3.0,1.0,66.26,-15.49,2.87,True
1413,78.99,360.96,3.0,1.0,67.71,-36.44,-9.57,False
1414,79.56,353.54,3.0,1.0,66.22,-14.86,3.24,True
1415,79.17,358.69,3.0,1.0,67.25,-29.83,-5.65,False
1416,78.79,363.62,3.0,1.0,68.24,-44.17,-14.16,False
1417,79.15,358.97,3.0,1.0,67.31,-30.63,-6.13,False
1418,79.74,351.28,3.0,1.0,65.76,-8.26,7.16,True
1419,78.97,361.26,3.0,1.0,67.77,-37.32,-10.09,False
1420,79.33,356.55,3.0,1.0,66.82,-23.61,-1.95,False
1421,78.93,361.74,3.0,1.0,67.87,-38.71,-10.92,False
1422,78.88,362.43,3.0,1.0,68.0,-40.71,-12.11,False
1423,78.79,363.64,3.0,1.0,68.25,-44.21,-14.19,False
1424,78.84,362.96,3.0,1.0,68.11,-42.25,-13.03,False
1425,79.65,352.41,3.0,1.0,65.99,-11.55,5.2,True
1426,79.6,353.14,3.0,1.0,66.13,-13.67,3.95,True
1427,79.11,359.42,3.0,1.0,67.4,-31.96,-6.91,False
1428,78.84,362.98,3.0,1.0,68.11,-42.29,-13.05,False
1429,79.01,360.68,3.0,1.0,67.65,-35.62,-9.09,False
1430,79.0,360.91,3.0,1.0,67.7,-36.28,-9.48,False
1431,79.18,358.47,3.0,1.0,67.21,-29.17,-5.26,False
1432,79.2,358.32,3.0,1.0,67.18,-28.75,-5.01,False
1433,78.65,365.4,3.0,1.0,68.6,-49.35,-17.24,False
1434,78.66,365.24,3.0,1.0,68.57,-48.88,-16.96,False
1435,79.41,355.53,3.0,1.0,66.62,-20.63,-0.19,True
1436,79.53,353.92,3.0,1.0,66.29,-15.96,2.59,True
1437,78.79,363.62,3.0,1.0,68.24,-44.16,-14.16,False
1438,78.67,365.17,3.0,1.0,68.55,-48.67,-16.83,False
1439,79.73,351.34,3.0,1.0,65.77,-8.45,7.05,True
1440,78.55,366.7,3.0,1.0,68.86,-53.13,-19.48,False
1441,79.48,354.67,3.0,1.0,66.44,-18.14,1.29,True
1442,79.52,354.07,3.0,1.0,66.32,-16.39,2.33,True
1443,78.6,365.98,3.0,1.0,68.72,-51.02,-18.23,False
1444,79.46,354.86,3.0,1.0,66.48,-18.69,0.97,True
1445,79.46,354.9,3.0,1.0,66.49,-18.79,0.91,True
1446,78.89,362.31,3.0,1.0,67.98,-40.36,-11.9,False
1447,79.6,353.02,3.0,1.0,66.11,-13.34,4.14,True
1448,79.56,353.57,3.0,1.0,66.22,-14.93,3.2,True
1449,78.8,363.46,3.0,1.0,68.21,-43.7,-13.88,False
1450,78.71,364.67,3.0,1.0,68.45,-47.22,-15.98,False
1451,78.92,361.85,3.0,1.0,67.89,-39.02,-11.1,False
1452,78.96,361.42,3.0,1.0,67.8,-37.75,-10.35,False
1453,78.99,361.03,3.0,1.0,67.72,-36.64,-9.69,False
1454,79.4,355.67,3.0,1.0,66.64,-21.03,-0.43,False
1455,79.61,352.94,3.0,1.0,66.09,-13.1,4.29,True
1456,79.23,357.81,3.0,1.0,67.07,-27.28,-4.13,False
1457,79.25,357.56,3.0,1.0,67.02,-26.53,-3.69,False
1458,79.49,354.5,3.0,1.0,66.41,-17.64,1.59,True
1459,78.68,365.05,3.0,1.0,68.53,-48.33,-16.63,False
1460,79.45,355.06,3.0,1.0,66.52,-19.28,0.62,True
1461,78.55,366.69,3.0,1.0,68.86,-53.09,-19.46,False
1462,79.28,357.25,3.0,1.0,66.96,-25.63,-3.15,False
1463,79.66,352.28,3.0,1.0,65.96,-11.17,5.43,True
1464,79.39,355.78,3.0,1.0,66.67,-21.36,-0.62,False
1465,79.08,359.85,3.0,1.0,67.48,-33.21,-7.65,False
1466,78.55,366.73,3.0,1.0,68.87,-53.2,-19.53,False
1467,79.39,355.83,3.0,1.0,66.68,-21.51,-0.71,False
1468,79.57,353.51,3.0,1.0,66.21,-14.75,3.31,True
1469,79.23,357.9,3.0,1.0,67.09,-27.52,-4.28,False
1470,78.61,365.97,3.0,1.0,68.71,-50.99,-18.21,False
1471,78.98,361.14,3.0,1.0,67.74,-36.94,-9.87,False
1472,79.39,355.83,3.0,1.0,66.68,-21.51,-0.71,False
1473,79.3,356.98,3.0,1.0,66.91,-24.84,-2.69,False
1474,79.13,359.2,3.0,1.0,67.35,-31.3,-6.52,False
1475,79.13,359.22,3.0,1.0,67.36,-31.37,-6.56,False
1476,78.74,364.27,3.0,1.0,68.37,-46.06,-15.29,False
1477,79.07,360.01,3.0,1.0,67.52,-33.67,-7.93,False
1478,79.38,355.89,3.0,1.0,66.69,-21.69,-0.81,False
1479,78.6,366.0,3.0,1.0,68.72,-51.09,-18.27,False
1480,79.78,350.72,3.0,1.0,65.65,-6.64,8.12,True
1481,78.78,363.75,3.0,1.0,68.27,-44.53,-14.38,False
1482,79.49,354.44,3.0,1.0,66.4,-17.46,1.69,True
1483,79.17,358.6,3.0,1.0,67.23,-29.55,-5.48,False
1484,78.89,362.23,3.0,1.0,67.96,-40.12,-11.76,False
1485,79.69,351.94,3.0,1.0,65.89,-10.19,6.01,True
1486,78.92,361.93,3.0,1.0,67.9,-39.26,-11.25,False
1487,79.7,351.75,3.0,1.0,65.86,-9.65,6.34,True
1488,79.23,357.83,3.0,1.0,67.08,-27.31,-4.15,False
1489,79.61,352.99,3.0,1.0,66.1,-13.23,4.21,True
1490,78.9,362.19,3.0,1.0,67.95,-40.01,-11.69,False
1491,79.55,353.74,3.0,1.0,66.26,-15.44,2.9,True
1492,79.46,354.92,3.0,1.0,66.49,-18.85,0.87,True
1493,79.09,359.73,3.0,1.0,67.46,-32.85,-7.44,False
1494,79.45,355.02,3.0,1.0,66.51,-19.13,0.7,True
1495,79.65,352.48,3.0,1.0,66.0,-11.75,5.09,True
1496,79.58,353.36,3.0,1.0,66.18,-14.31,3.56,True
1497,79.44,355.18,3.0,1.0,66.55,-19.62,0.41,True
1498,78.83,363.04,3.0,1.0,68.13,-42.49,-13.16,False
1499,79.43,355.32,3.0,1.0,66.57,-20.03,0.17,True
1500,79.09,359.69,3.0,1.0,67.45,-32.73,-7.37,False
1501,78.94,361.67,3.0,1.0,67.85,-38.48,-10.79,False
1502,78.9,362.17,3.0,1.0,67.95,-39.96,-11.67,False
1503,79.1,359.61,3.0,1.0,67.44,-32.49,-7.23,False
1504,79.36,356.21,3.0,1.0,66.75,-22.61,-1.36,False
1505,78.62,365.77,3.0,1.0,68.68,-50.43,-17.88,False
1506,79.51,354.19,3.0,1.0,66.35,-16.73,2.13,True
1507,78.59,366.22,3.0,1.0,68.77,-51.74,-18.66,False
1508,79.67,352.19,3.0,1.0,65.94,-10.93,5.58,True
1509,79.75,351.13,3.0,1.0,65.73,-7.83,7.42,True
1510,79.26,357.42,3.0,1.0,67.0,-26.14,-3.46,False
1511,79.42,355.4,3.0,1.0,66.59,-20.25,0.04,True
1512,79.4,355.61,3.0,1.0,66.63,-20.87,-0.33,False
1513,78.54,366.88,3.0,1.0,68.9,-53.65,-19.79,False
1514,79.26,357.44,3.0,1.0,67.0,-26.19,-3.49,False
1515,79.26,357.53,3.0,1.0,67.02,-26.45,-3.65,False
1516,79.74,351.3,3.0,1.0,65.76,-8.31,7.13,True
1517,78.67,365.07,3.0,1.0,68.53,-48.38,-16.66,False
1518,78.95,361.47,3.0,1.0,67.81,-37.91,-10.45,False
1519,78.53,366.89,3.0,1.0,68.9,-53.67,-19.8,False
1520,78.67,365.07,3.0,1.0,68.53,-48.4,-16.67,False
1521,78.62,365.73,3.0,1.0,68.67,-50.3,-17.8,False
1522,79.07,359.97,3.0,1.0,67.51,-33.56,-7.86,False
1523,79.27,357.41,3.0,1.0,66.99,-26.11,-3.44,False
1524,78.96,361.38,3.0,1.0,67.79,-37.65,-10.29,False
1525,79.64,352.51,3.0,1.0,66.01,-11.85,5.02,True
1526,78.8,363.48,3.0,1.0,68.21,-43.75,-13.91,False
1527,78.97,361.28,3.0,1.0,67.77,-37.37,-10.13,False
1528,79.47,354.72,3.0,1.0,66.45,-18.28,1.21,True
1529,79.48,354.67,3.0,1.0,66.44,-18.12,1.3,True
1530,78.78,363.77,3.0,1.0,68.27,-44.6,-14.42,False
1531,78.99,361.05,3.0,1.0,67.73,-36.69,-9.72,False
1532,78.53,366.91,3.0,1.0,68.9,-53.73,-19.84,False
1533,79.6,353.04,3.0,1.0,66.12,-13.4,4.11,True
1534,78.78,363.67,3.0,1.0,68.25,-44.32,-14.25,False
1535,78.87,362.6,3.0,1.0,68.04,-41.19,-12.39,False
1536,78.86,362.63,3.0,1.0,68.04,-41.29,-12.45,False
1537,78.95,361.56,3.0,1.0,67.83,-38.17,-10.6,False
1538,79.42,355.42,3.0,1.0,66.59,-20.31,0.0,True
1539,78.88,362.45,3.0,1.0,68.01,-40.76,-12.14,False
1540,78.65,365.33,3.0,1.0,68.59,-49.14,-17.11,False
1541,78.68,365.03,3.0,1.0,68.53,-48.28,-16.61,False
1542,78.69,364.84,3.0,1.0,68.49,-47.72,-16.27,False
1543,79.51,354.26,3.0,1.0,66.36,-16.94,2.01,True
1544,79.78,350.77,3.0,1.0,65.66,-6.79,8.03,True
1545,78.6,366.08,3.0,1.0,68.74,-51.32,-18.41,False
1546,79.0,360.9,3.0,1.0,67.69,-36.25,-9.46,False
1547,79.14,359.03,3.0,1.0,67.32,-30.82,-6.24,False
1548,78.53,366.92,3.0,1.0,68.91,-53.75,-19.85,False
1549,78.57,366.44,3.0,1.0,68.81,-52.36,-19.03,False
1550,79.68,352.07,3.0,1.0,65.92,-10.57,5.78,True
1551,79.75,351.08,3.0,1.0,65.72,-7.69,7.5,True
1552,78.65,365.38,3.0,1.0,68.6,-49.28,-17.2,False
1553,78.91,362.02,3.0,1.0,67.92,-39.51,-11.4,False
1554,79.3,356.91,3.0,1.0,66.89,-24.65,-2.57,False
1555,79.48,354.59,3.0,1.0,66.43,-17.9,1.43,True
1556,78.84,362.94,3.0,1.0,68.11,-42.18,-12.98,False
1557,78.7,364.76,3.0,1.0,68.47,-47.5,-16.14,False
1558,79.59,353.19,3.0,1.0,66.15,-13.83,3.85,True
1559,79.37,356.0,3.0,1.0,66.71,-21.99,-1.0,False
1560,78.53,366.97,3.0,1.0,68.92,-53.91,-19.95,False
1561,79.54,353.86,3.0,1.0,66.28,-15.76,2.7,True
1562,78.68,365.02,3.0,1.0,68.52,-48.23,-16.58,False
1563,78.62,365.8,3.0,1.0,68.68,-50.51,-17.93,False
1564,78.87,362.54,3.0,1.0,68.03,-41.03,-12.3,False
1565,79.22,357.95,3.0,1.0,67.1,-27.67,-4.37,False
1566,79.66,352.26,3.0,1.0,65.96,-11.12,5.46,True
1567,78.75,364.11,3.0,1.0,68.34,-45.59,-15.01,False
1568,78.68,364.97,3.0,1.0,68.51,-48.09,-16.49,False
1569,79.06,360.04,3.0,1.0,67.52,-33.76,-7.98,False
1570,79.75,351.16,3.0,1.0,65.74,-7.91,7.37,True
1571,79.38,355.92,3.0,1.0,66.69,-21.78,-0.87,False
1572,78.53,366.97,3.0,1.0,68.92,-53.9,-19.94,False
1573,79.79,350.64,3.0,1.0,65.63,-6.4,8.26,True
1574,78.87,362.5,3.0,1.0,68.02,-40.9,-12.22,False
1575,79.64,352.56,3.0,1.0,66.02,-12.0,4.94,True
1576,78.58,366.24,3.0,1.0,68.77,-51.78,-18.68,False
1577,79.63,352.62,3.0,1.0,66.03,-12.18,4.83,True
1578,78.78,363.69,3.0,1.0,68.26,-44.38,-14.29,False
1579,78.63,365.63,3.0,1.0,68.65,-50.01,-17.63,False
1580,78.55,366.69,3.0,1.0,68.86,-53.11,-19.47,False
1581,78.66,365.25,3.0,1.0,68.57,-48.91,-16.98,False
1582,78.74,364.2,3.0,1.0,68.36,-45.85,-15.16,False
1583,78.69,364.91,3.0,1.0,68.5,-47.93,-16.4,False
1584,79.72,351.55,3.0,1.0,65.81,-9.04,6.69,True
1585,79.16,358.78,3.0,1.0,67.27,-30.1,-5.81,False
1586,79.79,350.57,3.0,1.0,65.62,-6.2,8.38,True
1587,79.63,352.63,3.0,1.0,66.03,-12.21,4.81,True
1588,79.49,354.49,3.0,1.0,66.41,-17.62,1.6,True
1589,78.87,362.54,3.0,1.0,68.02,-41.01,-12.29,False
1590,78.65,365.35,3.0,1.0,68.59,-49.19,-17.14,False
1591,79.25,357.64,3.0,1.0,67.04,-26.78,-3.84,False
1592,79.55,353.75,3.0,1.0,66.26,-15.45,2.89,True
1593,79.57,353.49,3.0,1.0,66.21,-14.7,3.34,True
1594,79.08,359.88,3.0,1.0,67.49,-33.29,-7.7,False
1595,78.68,364.94,3.0,1.0,68.51,-48.01,-16.44,False
1596,79.41,355.6,3.0,1.0,66.63,-20.84,-0.31,False
1597,79.18,358.53,3.0,1.0,67.22,-29.35,-5.36,False
1598,78.6,366.01,3.0,1.0,68.72,-51.12,-18.29,False
1599,78.84,362.88,3.0,1.0,68.09,-42.01,-12.88,False
1600,79.1,359.52,3.0,1.0,67.42,-32.25,-7.09,False
1601,78.79,363.62,3.0,1.0,68.24,-44.16,-14.16,False
1602,79.31,356.88,3.0,1.0,66.89,-24.55,-2.51,False
1603,79.43,355.34,3.0,1.0,66.58,-20.08,0.14,True
1604,79.55,353.78,3.0,1.0,66.26,-15.55,2.83,True
1605,79.01,360.72,3.0,1.0,67.66,-35.74,-9.16,False
1606,78.7,364.77,3.0,1.0,68.47,-47.52,-16.15,False
1607,79.53,353.96,3.0,1.0,66.3,-16.08,2.52,True
1608,78.76,363.93,3.0,1.0,68.3,-45.07,-14.7,False
1609,78.68,364.95,3.0,1.0,68.51,-48.03,-16.46,False
1610,78.7,364.77,3.0,1.0,68.47,-47.51,-16.14,False
1611,79.71,351.68,3.0,1.0,65.84,-9.44,6.46,True
1612,79.07,359.94,3.0,1.0,67.5,-33.47,-7.81,False
1613,79.06,360.13,3.0,1.0,67.54,-34.02,-8.13,False
1614,78.83,363.08,3.0,1.0,68.13,-42.6,-13.23,False
1615,79.65,352.44,3.0,1.0,65.99,-11.64,5.15,True
1616,78.85,362.84,3.0,1.0,68.09,-41.9,-12.82,False
1617,79.01,360.72,3.0,1.0,67.66,-35.74,-9.16,False
1618,78.94,361.63,3.0,1.0,67.84,-38.38,-10.72,False
1619,78.66,365.28,3.0,1.0,68.58,-48.99,-17.03,False
1620,79.6,353.08,3.0,1.0,66.12,-13.5,4.05,True
1621,78.71,364.64,3.0,1.0,68.45,-47.12,-15.92,False
1622,78.97,361.19,3.0,1.0,67.75,-37.11,-9.97,False
1623,79.51,354.26,3.0,1.0,66.36,-16.93,2.01,True
1624,79.79,350.6,3.0,1.0,65.62,-6.29,8.33,True
1625,79.37,356.1,3.0,1.0,66.73,-22.29,-1.17,False
1626,79.69,351.93,3.0,1.0,65.89,-10.16,6.03,True
1627,79.24,357.72,3.0,1.0,67.06,-27.01,-3.97,False
1628,79.02,360.57,3.0,1.0,67.63,-35.28,-8.89,False
1629,78.82,363.25,3.0,1.0,68.17,-43.08,-13.52,False
1630,79.56,353.58,3.0,1.0,66.22,-14.95,3.19,True
1631,78.92,361.9,3.0,1.0,67.9,-39.16,-11.19,False
1632,79.33,356.56,3.0,1.0,66.82,-23.63,-1.97,False
1633,79.76,351.06,3.0,1.0,65.72,-7.63,7.53,True
1634,79.09,359.63,3.0,1.0,67.44,-32.55,-7.27,False
1635,79.69,351.86,3.0,1.0,65.88,-9.95,6.15,True
1636,79.09,359.72,3.0,1.0,67.46,-32.83,-7.43,False
1637,79.77,350.82,3.0,1.0,65.67,-6.93,7.95,True
1638,79.48,354.59,3.0,1.0,66.43,-17.89,1.44,True
1639,79.26,357.54,3.0,1.0,67.02,-26.47,-3.66,False
1640,78.93,361.76,3.0,1.0,67.87,-38.76,-10.95,False
1641,79.6,353.09,3.0,1.0,66.13,-13.55,4.02,True
1642,79.61,352.99,3.0,1.0,66.1,-13.24,4.2,True
1643,79.26,357.46,3.0,1.0,67.0,-26.26,-3.53,False
1644,79.56,353.63,3.0,1.0,66.23,-15.11,3.09,True
1645,79.01,360.72,3.0,1.0,67.66,-35.74,-9.16,False
1646,78.71,364.67,3.0,1.0,68.45,-47.22,-15.98,False
1647,79.15,358.86,3.0,1.0,67.29,-30.32,-5.94,False
1648,78.87,362.59,3.0,1.0,68.03,-41.16,-12.38,False
1649,78.6,366.04,3.0,1.0,68.73,-51.21,-18.34,False
1650,79.46,354.88,3.0,1.0,66.49,-18.75,0.93,True
1651,78.74,364.17,3.0,1.0,68.35,-45.76,-15.11,False
1652,79.17,358.7,3.0,1.0,67.25,-29.87,-5.67,False
1653,78.58,366.36,3.0,1.0,68.79,-52.14,-18.9,False
1654,79.69,351.89,3.0,1.0,65.88,-10.04,6.1,True
1655,79.38,355.88,3.0,1.0,66.68,-21.64,-0.79,False
1656,79.19,358.39,3.0,1.0,67.19,-28.95,-5.12,False
1657,78.58,366.25,3.0,1.0,68.77,-51.83,-18.71,False
1658,78.72,364.55,3.0,1.0,68.43,-46.87,-15.77,False
1659,78.92,361.91,3.0,1.0,67.9,-39.2,-11.21,False
1660,79.32,356.66,3.0,1.0,66.84,-23.93,-2.15,False
1661,79.57,353.46,3.0,1.0,66.2,-14.62,3.38,True
1662,78.98,361.13,3.0,1.0,67.74,-36.92,-9.86,False
1663,79.54,353.88,3.0,1.0,66.28,-15.84,2.65,True
1664,78.7,364.75,3.0,1.0,68.47,-47.46,-16.12,False
1665,78.73,364.37,3.0,1.0,68.39,-46.36,-15.46,False
1666,78.95,361.5,3.0,1.0,67.82,-38.01,-10.5,False
1667,78.86,362.63,3.0,1.0,68.04,-41.29,-12.45,False
1668,79.5,354.4,3.0,1.0,66.39,-17.35,1.76,True
1669,78.69,364.94,3.0,1.0,68.51,-47.99,-16.43,False
1670,78.74,364.16,3.0,1.0,68.35,-45.74,-15.1,False
1671,79.27,357.31,3.0,1.0,66.97,-25.8,-3.26,False
1672,78.94,361.61,3.0,1.0,67.84,-38.32,-10.69,False
1673,79.77,350.92,3.0,1.0,65.69,-7.23,7.77,True
1674,78.96,361.31,3.0,1.0,67.78,-37.46,-10.18,False
1675,79.58,353.35,3.0,1.0,66.18,-14.29,3.58,True
1676,78.6,366.09,3.0,1.0,68.74,-51.36,-18.43,False
1677,78.69,364.88,3.0,1.0,68.5,-47.82,-16.33,False
1678,79.05,360.26,3.0,1.0,67.57,-34.4,-8.36,False
1679,78.98,361.09,3.0,1.0,67.73,-36.8,-9.79,False
1680,78.98,361.1,3.0,1.0,67.74,-36.83,-9.81,False
1681,79.31,356.86,3.0,1.0,66.88,-24.5,-2.48,False
1682,79.75,351.1,3.0,1.0,65.72,-7.73,7.47,True
1683,78.62,365.81,3.0,1.0,68.68,-50.55,-17.95,False
1684,79.54,353.9,3.0,1.0,66.29,-15.9,2.62,True
1685,79.68,352.08,3.0,1.0,65.92,-10.6,5.77,True
1686,79.13,359.2,3.0,1.0,67.35,-31.3,-6.52,False
1687,79.37,356.04,3.0,1.0,66.72,-22.11,-1.07,False
1688,78.83,363.0,3.0,1.0,68.12,-42.36,-13.09,False
1689,78.97,361.28,3.0,1.0,67.77,-37.35,-10.12,False
1690,79.06,360.09,3.0,1.0,67.53,-33.9,-8.07,False
1691,78.97,361.24,3.0,1.0,67.76,-37.24,-10.05,False
1692,78.69,364.84,3.0,1.0,68.49,-47.72,-16.27,False
1693,79.29,357.04,3.0,1.0,66.92,-25.04,-2.8,False
1694,78.98,361.06,3.0,1.0,67.73,-36.71,-9.74,False
1695,78.59,366.21,3.0,1.0,68.76,-51.7,-18.63,False
1696,78.96,361.38,3.0,1.0,67.79,-37.64,-10.29,False
1697,79.02,360.63,3.0,1.0,67.64,-35.46,-8.99,False
1698,79.68,352.01,3.0,1.0,65.91,-10.39,5.89,True
1699,78.73,364.34,3.0,1.0,68.39,-46.27,-15.41,False
1700,79.28,357.22,3.0,1.0,66.96,-25.56,-3.11,False
1701,79.5,354.32,3.0,1.0,66.37,-17.1,1.91,True
1702,78.84,362.87,3.0,1.0,68.09,-41.99,-12.87,False
1703,79.6,353.13,3.0,1.0,66.13,-13.66,3.95,True
1704,78.57,366.39,3.0,1.0,68.8,-52.22,-18.94,False
1705,79.68,352.01,3.0,1.0,65.91,-10.39,5.89,True
1706,79.48,354.62,3.0,1.0,66.43,-18.0,1.38,True
1707,79.51,354.23,3.0,1.0,66.35,-16.86,2.05,True
1708,79.79,350.65,3.0,1.0,65.63,-6.44,8.24,True
1709,78.74,364.29,3.0,1.0,68.38,-46.1,-15.31,False
1710,79.11,359.45,3.0,1.0,67.4,-32.03,-6.96,False
1711,78.61,365.92,3.0,1.0,68.7,-50.86,-18.13,False
1712,78.84,362.93,3.0,1.0,68.1,-42.17,-12.98,False
1713,78.88,362.43,3.0,1.0,68.0,-40.71,-12.11,False
1714,78.96,361.32,3.0,1.0,67.78,-37.49,-10.2,False
1715,79.58,353.33,3.0,1.0,66.17,-14.23,3.61,True
1716,79.08,359.79,3.0,1.0,67.47,-33.03,-7.55,False
1717,78.85,362.86,3.0,1.0,68.09,-41.95,-12.84,False
1718,79.74,351.24,3.0,1.0,65.75,-8.15,7.23,True
1719,78.59,366.15,3.0,1.0,68.75,-51.52,-18.53,False
1720,79.04,360.36,3.0,1.0,67.59,-34.69,-8.54,False
1721,79.37,356.11,3.0,1.0,66.73,-22.31,-1.18,False
1722,79.55,353.7,3.0,1.0,66.25,-15.3,2.98,True
1723,79.21,358.16,3.0,1.0,67.14,-28.27,-4.72,False
1724,78.83,363.06,3.0,1.0,68.13,-42.53,-13.19,False
1725,79.02,360.64,3.0,1.0,67.64,-35.51,-9.02,False
1726,79.05,360.25,3.0,1.0,67.57,-34.37,-8.35,False
1727,79.03,360.47,3.0,1.0,67.61,-35.01,-8.73,False
1728,78.82,363.18,3.0,1.0,68.15,-42.89,-13.4,False
1729,78.88,362.4,3.0,1.0,68.0,-40.61,-12.05,False
1730,79.79,350.62,3.0,1.0,65.63,-6.35,8.29,True
1731,78.63,365.66,3.0,1.0,68.65,-50.11,-17.69,False
1732,79.04,360.34,3.0,1.0,67.58,-34.64,-8.5,False
1733,79.02,360.59,3.0,1.0,67.63,-35.35,-8.93,False
1734,79.56,353.53,3.0,1.0,66.21,-14.82,3.26,True
1735,79.31,356.77,3.0,1.0,66.87,-24.25,-2.34,False
1736,79.32,356.74,3.0,1.0,66.86,-24.14,-2.27,False
1737,79.49,354.49,3.0,1.0,66.41,-17.6,1.61,True
1738,79.52,354.09,3.0,1.0,66.33,-16.43,2.31,True
1739,78.69,364.84,3.0,1.0,68.49,-47.71,-16.26,False
1740,78.8,363.4,3.0,1.0,68.2,-43.52,-13.78,False
1741,79.57,353.48,3.0,1.0,66.2,-14.67,3.35,True
1742,79.63,352.73,3.0,1.0,66.05,-12.49,4.65,True
1743,78.82,363.25,3.0,1.0,68.17,-43.08,-13.51,False
1744,78.61,365.92,3.0,1.0,68.7,-50.84,-18.13,False
1745,79.56,353.6,3.0,1.0,66.23,-15.01,3.15,True
1746,79.68,351.99,3.0,1.0,65.9,-10.33,5.93,True
1747,79.53,353.99,3.0,1.0,66.3,-16.14,2.48,True
1748,79.27,357.32,3.0,1.0,66.98,-25.84,-3.28,False
1749,79.55,353.7,3.0,1.0,66.25,-15.3,2.98,True
1750,79.75,351.15,3.0,1.0,65.74,-7.9,7.37,True
1751,79.26,357.48,3.0,1.0,67.01,-26.29,-3.55,False
1752,79.6,353.12,3.0,1.0,66.13,-13.63,3.97,True
1753,79.5,354.38,3.0,1.0,66.38,-17.29,1.8,True
1754,79.36,356.18,3.0,1.0,66.75,-22.52,-1.31,False
1755,78.67,365.15,3.0,1.0,68.55,-48.63,-16.81,False
1756,78.68,365.01,3.0,1.0,68.52,-48.22,-16.57,False
1757,78.86,362.65,3.0,1.0,68.05,-41.34,-12.48,False
1758,78.86,362.72,3.0,1.0,68.06,-41.56,-12.62,False
1759,79.78,350.74,3.0,1.0,65.65,-6.7,8.08,True
1760,79.65,352.46,3.0,1.0,66.0,-11.71,5.11,True
1761,79.72,351.5,3.0,1.0,65.81,-8.92,6.76,True
1762,78.54,366.76,3.0,1.0,68.87,-53.3,-19.59,False
1763,79.16,358.73,3.0,1.0,67.26,-29.96,-5.72,False
1764,79.54,353.86,3.0,1.0,66.28,-15.79,2.69,True
1765,79.24,357.69,3.0,1.0,67.05,-26.91,-3.91,False
1766,78.69,364.86,3.0,1.0,68.49,-47.79,-16.31,False
1767,79.78,350.7,3.0,1.0,65.64,-6.58,8.16,True
1768,79.66,352.33,3.0,1.0,65.97,-11.33,5.33,True
1769,79.1,359.62,3.0,1.0,67.44,-32.53,-7.25,False
1770,79.16,358.73,3.0,1.0,67.26,-29.95,-5.72,False
1771,79.46,354.95,3.0,1.0,66.5,-18.96,0.81,True
1772,78.62,365.83,3.0,1.0,68.69,-50.59,-17.98,False
1773,79.22,358.03,3.0,1.0,67.12,-27.9,-4.5,False
1774,78.54,366.82,3.0,1.0,68.89,-53.47,-19.68,False
1775,79.68,351.98,3.0,1.0,65.9,-10.31,5.94,True
1776,79.12,359.36,3.0,1.0,67.39,-31.77,-6.8,False
1777,78.8,363.4,3.0,1.0,68.2,-43.52,-13.78,False
1778,79.35,356.29,3.0,1.0,66.77,-22.83,-1.49,False
1779,79.02,360.58,3.0,1.0,67.63,-35.33,-8.91,False
1780,79.69,351.88,3.0,1.0,65.88,-10.01,6.12,True
1781,79.53,353.96,3.0,1.0,66.3,-16.06,2.53,True
1782,79.25,357.6,3.0,1.0,67.03,-26.65,-3.76,False
1783,78.86,362.65,3.0,1.0,68.05,-41.35,-12.49,False
1784,79.74,351.27,3.0,1.0,65.76,-8.24,7.17,True
1785,78.79,363.58,3.0,1.0,68.24,-44.06,-14.1,False
1786,79.08,359.77,3.0,1.0,67.47,-32.98,-7.52,False
1787,78.63,365.65,3.0,1.0,68.65,-50.08,-17.67,False
1788,78.93,361.78,3.0,1.0,67.87,-38.82,-10.99,False
1789,79.74,351.22,3.0,1.0,65.75,-8.11,7.25,True
1790,79.78,350.7,3.0,1.0,65.64,-6.57,8.16,True
1791,78.73,364.37,3.0,1.0,68.39,-46.36,-15.46,False
1792,79.58,353.29,3.0,1.0,66.17,-14.12,3.68,True
1793,79.64,352.61,3.0,1.0,66.03,-12.12,4.86,True
1794,79.12,359.27,3.0,1.0,67.37,-31.5,-6.64,False
1795,79.31,356.79,3.0,1.0,66.87,-24.31,-2.37,False
1796,78.74,364.24,3.0,1.0,68.37,-45.98,-15.24,False
1797,79.43,355.25,3.0,1.0,66.56,-19.81,0.3,True
1798,79.76,350.97,3.0,1.0,65.7,-7.36,7.69,True
1799,79.75,351.14,3.0,1.0,65.73,-7.87,7.39,True
1800,79.75,351.12,3.0,1.0,65.73,-7.81,7.42,True
1801,79.42,355.44,3.0,1.0,66.6,-20.36,-0.03,True
1802,78.67,365.18,3.0,1.0,68.56,-48.7,-16.86,False
1803,79.7,351.73,3.0,1.0,65.85,-9.58,6.38,True
1804,78.62,365.84,3.0,1.0,68.69,-50.63,-18.0,False
1805,78.79,363.6,3.0,1.0,68.24,-44.1,-14.12,False
1806,79.75,351.07,3.0,1.0,65.72,-7.66,7.52,True
1807,79.19,358.38,3.0,1.0,67.19,-28.92,-5.11,False
1808,79.45,354.98,3.0,1.0,66.5,-19.03,0.76,True
1809,78.77,363.82,3.0,1.0,68.28,-44.76,-14.51,False
1810,79.75,351.07,3.0,1.0,65.72,-7.66,7.52,True
1811,78.67,365.09,3.0,1.0,68.54,-48.45,-16.71,False
1812,79.75,351.09,3.0,1.0,65.72,-7.72,7.48,True
1813,78.88,362.44,3.0,1.0,68.0,-40.73,-12.12,False
1814,78.91,361.98,3.0,1.0,67.91,-39.38,-11.32,False
1815,78.88,362.45,3.0,1.0,68.01,-40.77,-12.15,False
1816,79.43,355.26,3.0,1.0,66.56,-19.85,0.28,True
1817,79.56,353.63,3.0,1.0,66.23,-15.09,3.1,True
1818,79.31,356.88,3.0,1.0,66.89,-24.55,-2.52,False
1819,79.05,360.19,3.0,1.0,67.55,-34.2,-8.24,False
1820,79.77,350.84,3.0,1.0,65.67,-7.0,7.91,True
1821,79.79,350.58,3.0,1.0,65.62,-6.23,8.36,True
1822,79.32,356.72,3.0,1.0,66.85,-24.09,-2.24,False
1823,78.72,364.53,3.0,1.0,68.43,-46.82,-15.74,False
1824,79.44,355.11,3.0,1.0,66.53,-19.4,0.55,True
1825,79.26,357.5,3.0,1.0,67.01,-26.36,-3.59,False
1826,79.29,357.13,3.0,1.0,66.94,-25.28,-2.94,False
1827,78.93,361.73,3.0,1.0,67.86,-38.66,-10.89,False
1828,79.01,360.77,3.0,1.0,67.67,-35.89,-9.25,False
1829,79.32,356.77,3.0,1.0,66.86,-24.23,-2.32,False
1830,79.19,358.4,3.0,1.0,67.19,-28.97,-5.14,False
1831,79.28,357.18,3.0,1.0,66.95,-25.42,-3.03,False
1832,79.4,355.66,3.0,1.0,66.64,-21.01,-0.41,False
1833,79.16,358.83,3.0,1.0,67.28,-30.24,-5.89,False
1834,79.55,353.7,3.0,1.0,66.25,-15.32,2.97,True
1835,78.79,363.6,3.0,1.0,68.24,-44.11,-14.13,False
1836,79.64,352.54,3.0,1.0,66.01,-11.92,4.98,True
1837,79.62,352.78,3.0,1.0,66.06,-12.64,4.56,True
1838,78.53,366.99,3.0,1.0,68.92,-53.96,-19.98,False
1839,79.62,352.77,3.0,1.0,66.06,-12.6,4.58,True
1840,79.21,358.07,3.0,1.0,67.13,-28.03,-4.58,False
1841,78.79,363.63,3.0,1.0,68.24,-44.2,-14.18,False
1842,78.58,366.32,3.0,1.0,68.79,-52.02,-18.82,False
1843,79.37,356.0,3.0,1.0,66.71,-22.0,-1.0,False
1844,79.27,357.41,3.0,1.0,66.99,-26.09,-3.43,False
1845,79.17,358.59,3.0,1.0,67.23,-29.52,-5.47,False
1846,79.45,354.99,3.0,1.0,66.51,-19.05,0.75,True
1847,79.37,356.0,3.0,1.0,66.71,-21.99,-0.99,False
1848,78.9,362.19,3.0,1.0,67.95,-40.0,-11.69,False
1849,79.42,355.43,3.0,1.0,66.59,-20.34,-0.01,True
1850,79.4,355.73,3.0,1.0,66.66,-21.21,-0.53,False
1851,78.87,362.56,3.0,1.0,68.03,-41.09,-12.33,False
1852,79.57,353.53,3.0,1.0,66.21,-14.81,3.27,True
1853,79.41,355.55,3.0,1.0,66.62,-20.69,-0.22,True
1854,78.65,365.43,3.0,1.0,68.61,-49.42,-17.28,False
1855,79.14,359.1,3.0,1.0,67.33,-31.01,-6.35,False
1856,78.69,364.91,3.0,1.0,68.5,-47.93,-16.4,False
1857,79.36,356.17,3.0,1.0,66.74,-22.48,-1.29,False
1858,79.19,358.4,3.0,1.0,67.19,-28.98,-5.14,False
1859,78.79,363.64,3.0,1.0,68.25,-44.21,-14.19,False
1860,78.58,366.36,3.0,1.0,68.79,-52.14,-18.9,False
1861,79.36,356.18,3.0,1.0,66.75,-22.51,-1.31,False
1862,78.65,365.39,3.0,1.0,68.6,-49.32,-17.22,False
1863,78.97,361.2,3.0,1.0,67.75,-37.12,-9.97,False
1864,78.69,364.9,3.0,1.0,68.5,-47.88,-16.37,False
1865,79.48,354.57,3.0,1.0,66.42,-17.83,1.47,True
1866,79.47,354.7,3.0,1.0,66.45,-18.23,1.24,True
1867,79.09,359.63,3.0,1.0,67.44,-32.56,-7.27,False
1868,79.21,358.11,3.0,1.0,67.13,-28.13,-4.64,False
1869,78.96,361.35,3.0,1.0,67.79,-37.57,-10.24,False
1870,79.35,356.31,3.0,1.0,66.77,-22.9,-1.53,False
1871,79.41,355.48,3.0,1.0,66.61,-20.48,-0.1,True
1872,79.79,350.58,3.0,1.0,65.62,-6.23,8.37,True
1873,79.67,352.11,3.0,1.0,65.93,-10.69,5.71,True
1874,79.36,356.13,3.0,1.0,66.74,-22.37,-1.22,False
1875,79.25,357.63,3.0,1.0,67.04,-26.75,-3.82,False
1876,78.53,366.95,3.0,1.0,68.91,-53.85,-19.91,False
1877,78.68,365.02,3.0,1.0,68.52,-48.25,-16.58,False
1878,79.04,360.31,3.0,1.0,67.58,-34.54,-8.44,False
1879,79.15,358.97,3.0,1.0,67.31,-30.64,-6.13,False
1880,79.15,358.88,3.0,1.0,67.29,-30.39,-5.98,False
1881,78.95,361.45,3.0,1.0,67.81,-37.87,-10.42,False
1882,79.69,351.97,3.0,1.0,65.9,-10.26,5.97,True
1883,79.04,360.28,3.0,1.0,67.57,-34.46,-8.4,False
1884,79.08,359.76,3.0,1.0,67.47,-32.94,-7.49,False
1885,78.73,364.31,3.0,1.0,68.38,-46.18,-15.36,False
1886,79.14,359.04,3.0,1.0,67.32,-30.86,-6.26,False
1887,78.67,365.09,3.0,1.0,68.54,-48.44,-16.7,False
1888,79.58,353.28,3.0,1.0,66.16,-14.07,3.71,True
1889,79.74,351.25,3.0,1.0,65.75,-8.17,7.21,True
1890,79.18,358.47,3.0,1.0,67.21,-29.19,-5.27,False
1891,79.57,353.51,3.0,1.0,66.21,-14.75,3.3,True
1892,79.24,357.72,3.0,1.0,67.06,-27.02,-3.98,False
1893,79.31,356.88,3.0,1.0,66.89,-24.55,-2.51,False
1894,78.71,364.56,3.0,1.0,68.43,-46.9,-15.78,False
1895,78.71,364.6,3.0,1.0,68.44,-47.03,-15.86,False
1896,79.06,360.14,3.0,1.0,67.54,-34.04,-8.15,False
1897,79.21,358.16,3.0,1.0,67.14,-28.28,-4.73,False
1898,79.8,350.53,3.0,1.0,65.61,-6.07,8.46,True
1899,79.19,358.38,3.0,1.0,67.19,-28.93,-5.12,False
1900,79.64,352.57,3.0,1.0,66.02,-12.02,4.92,True
1901,79.77,350.84,3.0,1.0,65.67,-7.0,7.9,True
1902,79.57,353.46,3.0,1.0,66.2,-14.6,3.4,True
1903,79.5,354.36,3.0,1.0,66.38,-17.24,1.83,True
1904,79.35,356.26,3.0,1.0,66.76,-22.75,-1.45,False
1905,79.07,360.0,3.0,1.0,67.51,-33.62,-7.9,False
1906,79.18,358.48,3.0,1.0,67.21,-29.23,-5.29,False
1907,79.24,357.71,3.0,1.0,67.05,-26.96,-3.95,False
1908,79.1,359.6,3.0,1.0,67.43,-32.47,-7.21,False
1909,79.14,359.07,3.0,1.0,67.33,-30.94,-6.31,False
1910,79.44,355.12,3.0,1.0,66.53,-19.45,0.51,True
1911,78.83,363.07,3.0,1.0,68.13,-42.56,-13.21,False
1912,79.55,353.77,3.0,1.0,66.26,-15.53,2.84,True
1913,78.86,362.67,3.0,1.0,68.05,-41.41,-12.52,False
1914,78.7,364.72,3.0,1.0,68.46,-47.37,-16.06,False
1915,78.63,365.66,3.0,1.0,68.65,-50.09,-17.68,False
1916,78.68,365.03,3.0,1.0,68.53,-48.26,-16.59,False
1917,79.54,353.89,3.0,1.0,66.29,-15.86,2.65,True
1918,79.73,351.35,3.0,1.0,65.77,-8.47,7.03,True
1919,78.83,363.09,3.0,1.0,68.13,-42.61,-13.24,False
1920,78.76,363.99,3.0,1.0,68.32,-45.23,-14.79,False
1921,79.2,358.24,3.0,1.0,67.16,-28.53,-4.88,False
1922,78.74,364.26,3.0,1.0,68.37,-46.04,-15.27,False
1923,79.06,360.06,3.0,1.0,67.53,-33.82,-8.02,False
1924,78.71,364.56,3.0,1.0,68.43,-46.89,-15.78,False
1925,79.75,351.12,3.0,1.0,65.73,-7.81,7.42,True
1926,79.34,356.49,3.0,1.0,66.81,-23.43,-1.85,False
1927,78.84,362.88,3.0,1.0,68.09,-42.03,-12.89,False
1928,78.57,366.43,3.0,1.0,68.81,-52.34,-19.01,False
1929,78.81,363.32,3.0,1.0,68.18,-43.3,-13.65,False
1930,79.28,357.22,3.0,1.0,66.96,-25.56,-3.11,False
1931,78.67,365.07,3.0,1.0,68.53,-48.39,-16.67,False
1932,79.49,354.5,3.0,1.0,66.41,-17.62,1.6,True
1933,79.57,353.47,3.0,1.0,66.2,-14.65,3.36,True
1934,79.71,351.66,3.0,1.0,65.84,-9.38,6.49,True
1935,79.19,358.39,3.0,1.0,67.19,-28.96,-5.13,False
1936,79.2,358.27,3.0,1.0,67.17,-28.59,-4.92,False
1937,79.73,351.36,3.0,1.0,65.78,-8.49,7.02,True
1938,78.67,365.18,3.0,1.0,68.56,-48.72,-16.86,False
1939,79.71,351.61,3.0,1.0,65.83,-9.23,6.58,True
1940,79.36,356.22,3.0,1.0,66.75,-22.64,-1.38,False
1941,79.51,354.18,3.0,1.0,66.34,-16.7,2.15,True
1942,79.07,359.95,3.0,1.0,67.5,-33.48,-7.82,False
1943,79.24,357.71,3.0,1.0,67.05,-26.97,-3.95,False
1944,79.12,359.34,3.0,1.0,67.38,-31.7,-6.76,False
1945,78.89,362.25,3.0,1.0,67.97,-40.19,-11.8,False
1946,79.29,357.15,3.0,1.0,66.94,-25.34,-2.98,False
1947,78.71,364.64,3.0,1.0,68.45,-47.13,-15.92,False
1948,79.5,354.35,3.0,1.0,66.38,-17.21,1.84,True
1949,78.75,364.15,3.0,1.0,68.35,-45.72,-15.08,False
1950,78.71,364.65,3.0,1.0,68.45,-47.15,-15.94,False
1951,79.45,355.08,3.0,1.0,66.53,-19.33,0.59,True
1952,78.95,361.48,3.0,1.0,67.81,-37.93,-10.46,False
1953,79.51,354.22,3.0,1.0,66.35,-16.81,2.08,True
1954,79.22,358.04,3.0,1.0,67.12,-27.93,-4.52,False
1955,78.57,366.41,3.0,1.0,68.8,-52.29,-18.99,False
1956,79.33,356.52,3.0,1.0,66.82,-23.53,-1.91,False
1957,79.31,356.86,3.0,1.0,66.88,-24.49,-2.48,False
1958,79.73,351.36,3.0,1.0,65.78,-8.49,7.02,True
1959,79.79,350.59,3.0,1.0,65.62,-6.26,8.35,True
1960,79.33,356.63,3.0,1.0,66.84,-23.85,-2.1,False
1961,79.77,350.85,3.0,1.0,65.67,-7.01,7.9,True
1962,79.54,353.86,3.0,1.0,66.28,-15.78,2.69,True
1963,79.6,353.07,3.0,1.0,66.12,-13.47,4.06,True
1964,78.55,366.7,3.0,1.0,68.86,-53.13,-19.48,False
1965,79.7,351.82,3.0,1.0,65.87,-9.85,6.21,True
1966,79.61,352.96,3.0,1.0,66.1,-13.15,4.25,True
1967,78.83,363.06,3.0,1.0,68.13,-42.53,-13.19,False
1968,79.58,353.33,3.0,1.0,66.17,-14.22,3.62,True
1969,79.1,359.52,3.0,1.0,67.42,-32.25,-7.09,False
1970,79.17,358.61,3.0,1.0,67.23,-29.59,-5.5,False
1971,78.94,361.61,3.0,1.0,67.84,-38.33,-10.7,False
1972,79.49,354.57,3.0,1.0,66.42,-17.83,1.48,True
1973,78.97,361.21,3.0,1.0,67.76,-37.14,-9.99,False
1974,79.67,352.11,3.0,1.0,65.93,-10.68,5.72,True
1975,78.59,366.11,3.0,1.0,68.74,-51.42,-18.47,False
1976,79.14,358.98,3.0,1.0,67.31,-30.67,-6.14,False
1977,78.57,366.37,3.0,1.0,68.8,-52.18,-18.92,False
1978,79.49,354.56,3.0,1.0,66.42,-17.82,1.48,True
1979,78.9,362.09,3.0,1.0,67.93,-39.72,-11.52,False
1980,79.15,358.85,3.0,1.0,67.28,-30.28,-5.92,False
1981,78.58,366.34,3.0,1.0,68.79,-52.07,-18.86,False
1982,79.57,353.5,3.0,1.0,66.21,-14.73,3.31,True
1983,79.64,352.62,3.0,1.0,66.03,-12.16,4.84,True
1984,79.5,354.39,3.0,1.0,66.39,-17.31,1.79,True
1985,78.9,362.13,3.0,1.0,67.94,-39.82,-11.58,False
1986,78.73,364.36,3.0,1.0,68.39,-46.32,-15.44,False
1987,79.26,357.51,3.0,1.0,67.01,-26.4,-3.61,False
1988,78.78,363.71,3.0,1.0,68.26,-44.43,-14.32,False
1989,79.58,353.34,3.0,1.0,66.18,-14.27,3.59,True
1990,79.54,353.82,3.0,1.0,66.27,-15.67,2.76,True
1991,78.67,365.14,3.0,1.0,68.55,-48.6,-16.79,False
1992,78.88,362.45,3.0,1.0,68.01,-40.75,-12.13,False
1993,79.76,350.95,3.0,1.0,65.69,-7.3,7.73,True
1994,78.89,362.24,3.0,1.0,67.97,-40.17,-11.79,False
1995,79.78,350.78,3.0,1.0,65.66,-6.82,8.01,True
1996,78.83,363.03,3.0,1.0,68.12,-42.45,-13.14,False
1997,79.61,352.95,3.0,1.0,66.1,-13.14,4.26,True
1998,78.62,365.81,3.0,1.0,68.68,-50.53,-17.94,False
1999,78.56,366.58,3.0,1.0,68.84,-52.78,-19.28,False
2000,78.6,366.04,3.0,1.0,68.73,-51.22,-18.35,False
2001,79.2,358.21,3.0,1.0,67.15,-28.43,-4.82,False
2002,79.75,351.17,3.0,1.0,65.74,-7.95,7.34,True
2003,78.84,362.94,3.0,1.0,68.11,-42.2,-12.99,False
2004,78.82,363.14,3.0,1.0,68.15,-42.78,-13.34,False
2005,79.45,355.06,3.0,1.0,66.52,-19.26,0.62,True
2006,79.48,354.67,3.0,1.0,66.44,-18.14,1.29,True
2007,79.71,351.64,3.0,1.0,65.83,-9.32,6.53,True
2008,78.76,363.94,3.0,1.0,68.31,-45.11,-14.72,False
2009,79.1,359.56,3.0,1.0,67.43,-32.37,-7.16,False
2010,79.27,357.38,3.0,1.0,66.99,-26.02,-3.39,False
2011,79.56,353.66,3.0,1.0,66.24,-15.19,3.05,True
2012,79.19,358.38,3.0,1.0,67.19,-28.93,-5.11,False
2013,78.93,361.75,3.0,1.0,67.87,-38.72,-10.93,False
2014,79.79,350.64,3.0,1.0,65.63,-6.41,8.26,True
2015,78.78,363.72,3.0,1.0,68.26,-44.45,-14.33,False
2016,78.77,363.84,3.0,1.0,68.29,-44.79,-14.53,False
2017,79.16,358.76,3.0,1.0,67.27,-30.04,-5.77,False
2018,79.29,357.12,3.0,1.0,66.94,-25.27,-2.94,False
2019,79.24,357.77,3.0,1.0,67.07,-27.16,-4.06,False
2020,79.24,357.78,3.0,1.0,67.07,-27.19,-4.08,False
2021,79.19,358.35,3.0,1.0,67.18,-28.84,-5.06,False
2022,79.13,359.11,3.0,1.0,67.34,-31.05,-6.37,False
2023,78.93,361.75,3.0,1.0,67.87,-38.74,-10.94,False
2024,79.52,354.07,3.0,1.0,66.32,-16.39,2.33,True
2025,79.04,360.31,3.0,1.0,67.58,-34.52,-8.44,False
2026,78.9,362.19,3.0,1.0,67.95,-40.0,-11.69,False
2027,79.35,356.32,3.0,1.0,66.77,-22.94,-1.56,False
2028,79.07,359.99,3.0,1.0,67.51,-33.61,-7.89,False
2029,79.35,356.29,3.0,1.0,66.77,-22.85,-1.5,False
2030,79.36,356.24,3.0,1.0,66.76,-22.69,-1.41,False
2031,79.27,357.4,3.0,1.0,66.99,-26.08,-3.42,False
2032,79.48,354.67,3.0,1.0,66.44,-18.14,1.29,True
2033,79.17,358.65,3.0,1.0,67.24,-29.71,-5.58,False
2034,78.79,363.52,3.0,1.0,68.22,-43.89,-14.0,False
2035,79.47,354.79,3.0,1.0,66.47,-18.48,1.09,True
2036,78.87,362.6,3.0,1.0,68.04,-41.19,-12.39,False
2037,79.01,360.78,3.0,1.0,67.67,-35.91,-9.26,False
2038,78.64,365.52,3.0,1.0,68.62,-49.69,-17.44,False
2039,79.32,356.67,3.0,1.0,66.84,-23.95,-2.16,False
