test_idx,candidate_id,nuc,aexp,ns,age,asexp,la,proba0,proba1,num_features_changed,dist_unit_l2
1912,0,19.2142857142857,68.0,1.0,74.46428571428571,54.0,55.73828125,0.5,0.5,1,3.38712651527834
1918,0,10.2,71.0,1.0,131.0,57.0,97.0205078125,0.5,0.5,1,3.965302011232551
1921,0,20.3703703703704,73.0,1.0,65.9259259259259,59.0,53.06346881389618,0.5,0.5,1,1.5110515448873871
1923,0,40.0,17.0,1.6639004349708557,15.166666666666698,0.0626220703125,1.0,0.5,0.5,2,336099565029.1443
1942,0,51.80952380952379,63.0,1.6500732898712158,76.1904761904762,0.7187271136579629,1.0,0.5,0.5,2,349926710128.7842
1951,0,66.25,15.0,1.0,32.25,6.0,128.90777683258057,0.5,0.5,1,0.8267421999495135
1956,0,49.43243243243239,352.0,1.6634123921394348,45.2432432432432,0.349939727829602,1.0,0.5,0.5,2,2336587607860.5654
1958,0,71.0,75.0,1.0,46.0,61.0,99.404541015625,0.5,0.5,1,0.8209652542408512
1962,0,43.4285714285714,66.0,1.6487675309181213,84.25714285714291,0.269856770542295,1.0,0.5,0.5,2,2351232469081.879
1973,0,71.9375,8.0,1.806640625,33.625,0.0233196159122085,1.0,0.5,0.5,2,1193359375000.0
1978,0,1.5,2.0,2.0,73.0,0.75,75.033203125,0.5,0.5,1,5.325765045504807
1980,0,8.0,34.0,2.0,72.25,0.515499006723985,34.081298828125,0.5,0.5,1,10.79090671527494
1988,0,66.6153846153846,39.0,1.9766597747802734,96.8461538461538,1.00049205541654,1.0,0.5,0.5,2,23340225219.726562
2002,0,74.8571428571429,16.0,1.839111328125,23.4285714285714,0.0148468017578125,1.0,0.5,0.5,2,160888671875.0
2003,0,4.1,0.0,1.0,111.6,0.0,194.338134765625,0.5,0.5,1,3.5545879935338602
2005,0,64.2173913043478,69.0,1.8134765625,18.0869565217391,0.384773631577357,1.0,0.5,0.5,2,1186523437500.0
2015,0,49.7826086956522,7.0,1.7548828125,65.6521739130435,0.0169181527206219,1.0,0.5,0.5,2,1245117187500.0
2022,0,21.466666666666697,82.0,1.0,55.4,66.0,51.801513671875,0.5,0.5,1,4.25857750280403
2023,0,57.8571428571429,11.0,7.0,53.17142857142861,0.0242940657987146,391.397705078125,0.5,0.5,1,10.566273309724583
2031,0,18.08013916015625,360.0,2.0,41.25,1.15951012159542,1.0,0.5,0.5,2,6.957042458879237
2033,0,28.602564102564106,422.0,2.884033203125,156.012820512821,0.0480000000002748,111.0,0.5,0.5,1,2115966796875.0
2036,0,8.0,423.0,1.0,104.23266601562499,151.0,4.0,0.5,0.5,1,5.04197583280372
2037,0,72.5714285714286,42.0,1.86474609375,37.9523809523809,0.500005647608916,1.0,0.5,0.5,2,1135253906250.0
2041,0,13.2352941176471,6.0,2.0,71.0588235294118,0.609375,23.810546875,0.5,0.5,1,2.107079514610841
2042,0,46.2903225806452,13.0,3.0,156.49141701318905,0.179049665594738,84.0,0.5,0.5,1,3.1627757778188093
2045,0,53.5,6.0,1.0,44.5,6.0,115.84598743915558,0.5,0.5,1,0.5018445294245889
2046,0,47.4444444444444,20.0,1.7004148960113525,61.6666666666667,1.69622898101807,1.0,0.5,0.5,2,299585103988.64746
2048,0,48.8181818181818,9.0,1.6758605241775513,25.6818181818182,0.352798461914062,1.0,0.5,0.5,2,2324139475822.4487
2057,0,85.1428571428571,1.0,2.0,133.857142857143,0.5,112.6719651222229,0.5,0.5,1,1.9575121394122996
2060,0,13.25,0.0,1.0,177.75,0.0,236.76405918598175,0.5,0.5,1,1.363354461337921
2063,0,35.7,44.0,2.0,190.9,1.37650020589928,203.76953125,0.5,0.5,1,4.898552737618386
2069,0,21.3333333333333,8.0,1.0,103.777777777778,2.0,134.34513640403748,0.5,0.5,1,1.1356431571279881
2070,0,21.5909090909091,37.0,3.0,127.26494621508041,0.371054984383822,1.0,0.5,0.5,2,56.224045851811205
2071,0,19.2857142857143,11.0,1.89208984375,56.485714285714295,0.7080277961241229,1.0,0.5,0.5,2,1107910156250.0
2076,0,17.4426229508197,287.0,1.0,86.27868852459021,227.0,34.22265625,0.5,0.5,1,18.452873374244476
2077,0,46.1034482758621,16.0,1.66943359375,15.448275862068998,0.006356960395351,1.0,0.5,0.5,2,2330566406250.0
2087,0,67.5,0.0,1.0,11.0,0.0,145.46240234375,0.5,0.5,1,2.7623605973691054
2089,0,23.400387939952644,372.0,2.0,89.90476190476191,1.15951012159542,1.0,0.5,0.5,2,4.104683732821491
2096,0,44.58928571428571,2.0,1.7177734375,51.53571428571429,0.1944444444444439,1.0,0.5,0.5,2,4282226562500.0
2101,0,8.70588235294118,87.0,1.0,18.8235294117647,71.0,93.578125,0.5,0.5,1,13.622641898900655
2106,0,23.05468749999997,293.0,1.0,35.615384615384606,0.0500000211350978,119.0,0.5,0.5,2,4000000000000.0
2108,0,63.4444444444444,0.0,1.7451171875,37.8888888888889,0.0,1.12060546875,0.5,0.5,2,3254882812500.0
2138,0,71.7,36.0,2.0,58.8,92.5603205719938,87.0,0.5,0.5,1,53.74852526991839
2145,0,64.4705882352941,12.0,1.7509765625,40.0882352941176,0.5111931522031611,1.0,0.5,0.5,2,1249023437500.0
2146,0,11.333333333333302,31.0,1.7625091671943665,38.6666666666667,1.5000152583234,17.0,0.5,0.5,1,237490832805.63354
2153,0,47.53846153846151,90.0,1.0,70.07692307692311,74.0,29.514404296875,0.5,0.5,1,3.796750300068394
2171,0,45.4166666666667,0.0,2.0,167.333333333333,0.0,156.58984375,0.5,0.5,1,4.795979991464149
2189,0,24.0625,49.0,1.6927770376205444,10.0,0.703369863622708,1.0,0.5,0.5,2,307222962379.45557
2193,0,20.66902669270835,301.0,1.0,125.0,0.0500000211350978,122.0,0.5,0.5,2,4000000000000.0
2198,0,51.5,0.0,2.0,77.75,105.58476562500016,136.0,0.5,0.5,1,61.41899706535906
2199,0,29.368421052631607,1.0,2.0,118.368421052632,0.5,64.110595703125,0.5,0.5,1,4.301499745285201
2203,0,22.8,41.0,1.6966073513031006,23.8,0.833333356563907,1.0,0.5,0.5,2,1303392648696.8994
2220,0,21.0555555555556,93.0,1.0,37.22222222222221,77.0,66.1943359375,0.5,0.5,1,7.940450188421228
2222,0,20.461538461538503,48.0,1.7133448719978333,15.2307692307692,0.161784052853271,1.0,0.5,0.5,2,286655128002.16675
2228,0,54.4814814814815,11.0,1.6945598125457764,13.333333333333302,0.99365234375,1.0,0.5,0.5,2,305440187454.22363
2241,0,78.52941176470591,392.0,4.0,67.2352941176471,0.3333333333197019,51.1591796875,0.5,0.5,1,2.1379126640582236
2242,0,43.0,43.0,1.6288434267044067,49.1428571428571,0.9921874613720552,1.0,0.5,0.5,2,371156573295.59326
2247,0,72.6666666666667,267.0,2.0,42.22222222222221,1.00109722403067,118.34912109375,0.5,0.5,1,1.7286835208679103
2250,0,46.0615384615385,447.0,5.46741509437561,73.1076923076923,0.140625003760094,1.0,0.5,0.5,2,1467415094375.6104
2259,0,15.8181818181818,44.0,2.0,126.363636363636,0.992187461350056,96.5078125,0.5,0.5,1,1.680321470436353
2263,0,24.25,4.0,1.0,124.0,3.0,143.96142578125,0.5,0.5,1,1.8029669943615856
2266,0,17.5897435897436,1.0,2.3121798038482666,84.2051282051282,0.4,1.0,0.5,0.5,2,2687820196151.7334
2271,0,23.2372881355932,0.0,2.888671875,112.661016949153,0.0,1.0,0.5,0.5,2,111328125000.0
2272,0,11.6727272727273,0.0,1.78857421875,17.4727272727273,0.0,1.0,0.5,0.5,2,4211425781250.0
2274,0,45.9583333333333,47.0,1.62841796875,50.0833333333333,0.333272298177086,1.0,0.5,0.5,2,2371582031250.0
2281,0,72.0769230769231,3.0,1.7911176681518555,5.53846153846154,1.0,1.0,0.5,0.5,2,208882331848.14453
2291,0,4.6,126.0,2.0,4.93333333333333,0.99999618063999,19.9970703125,0.5,0.5,1,18.24617202872263
2296,0,107.75,99.84441709518435,2.0,6.0,0.90625,215.0,0.5,0.5,1,1.776991192184574
2341,0,49.3478260869565,17.0,2.0,184.47826086956505,1.17870330810547,187.76401805877686,0.5,0.5,1,8.666461783600276
2363,0,41.7857142857143,108.0,1.0,38.4285714285714,88.0,60.46435546875,0.5,0.5,1,3.7973323254493065
