project,min,max,mean
apache_activemq,0.020118220425093186,0.4314150919215647,0.07522121523152221
apache_activemq,0.0316043502979595,0.4665905695039888,0.09847286002290667
apache_activemq,0.01775604816501004,0.5094105112437695,0.1117748447082527
apache_activemq,0.019628118685145798,0.446535623059323,0.07833899934880348
apache_activemq,0.02993961976980317,0.45090068886412127,0.09500432152728353
apache_activemq,0.041563835833649095,0.5810150327890101,0.1702824652012797
apache_activemq,0.033805703464518354,0.4649646945380763,0.10009053196583238
apache_activemq,0.00809230018142197,0.4622881312631036,0.050698932816581166
apache_activemq,0.07943552445856966,0.48888211350324307,0.16036734340909367
apache_activemq,0.06295304679664099,0.4906259020880158,0.15571727106306152
apache_activemq,0.1346837087052641,0.6135511486123296,0.338395854603424
apache_activemq,0.017490378095409518,0.4157515383966287,0.06268634522109269
apache_activemq,0.006356017437484711,0.43937078306482175,0.04698008649917565
apache_activemq,0.0014949631202506167,0.43802668457100263,0.04079543985205188
apache_activemq,0.02310336365734998,0.47899438148582313,0.06488535819214333
apache_activemq,0.010532198784114878,0.402104961050382,0.047533147922756785
apache_activemq,0.002730514437692197,0.4419393480599973,0.038907505088334716
apache_activemq,0.0409352271646865,0.5126872396564747,0.14956739025574556
apache_activemq,0.04035179574190797,0.5820160887744932,0.17097199382648062
apache_activemq,0.009856314671844113,0.4400419679538644,0.04517209197212885
apache_activemq,0.033546432475471566,0.5451263736757221,0.15958795523504177
apache_activemq,0.008065409348167673,0.4612974784425643,0.04956093318277489
apache_activemq,0.029710730440020032,0.5395581691071224,0.1540920848533087
apache_activemq,0.016590424764793367,0.47786291411452425,0.06359788368418177
apache_activemq,0.00369945293618729,0.43772797688343856,0.03745954377974574
apache_activemq,0.025348770674560483,0.5365427112213254,0.15121965625887093
apache_activemq,0.03953276938715558,0.6311320362216097,0.18530253805725524
apache_activemq,0.004584479509595395,0.4089361350133636,0.04014226624905656
apache_activemq,0.010420025447877134,0.399208036872053,0.048923740302738224
apache_activemq,0.07474439448066215,0.5220154504007438,0.16732585897548838
apache_activemq,0.027695955609933036,0.5306763922075552,0.1023479796204054
apache_activemq,0.029086817635986185,0.4410172731072321,0.09001907632765532
apache_activemq,0.023564388818078496,0.5260962732644876,0.09523925536871827
apache_activemq,0.07323909510577034,0.5350807569561169,0.16918401369224165
apache_activemq,0.029025476249538853,0.45027082790993356,0.09467563340134319
apache_activemq,0.07402123471543896,0.49281957848033436,0.16138288532477763
apache_activemq,0.016214635471994348,0.39721966127782576,0.06968045501494094
apache_activemq,0.07874411312092608,0.5271845832323537,0.17287328688721715
apache_activemq,0.05631013400951633,0.5285133408396815,0.1588306452824765
apache_activemq,0.022251053895492336,0.4315156150324012,0.07975695338598665
apache_activemq,0.020145800448948446,0.4467570890924121,0.0780861037036924
apache_activemq,0.05160155348440503,0.5879099436432493,0.17812409082211308
apache_activemq,0.007336538863599276,0.4409532340298984,0.041836671696560655
apache_activemq,0.010502576625680009,0.49749999081760726,0.07630601301217006
apache_activemq,0.010711844305743793,0.4428642396764827,0.06592887098594608
apache_activemq,0.005040448949484286,0.43854987126997885,0.04165803479819795
apache_activemq,0.05347053368301566,0.458031543659591,0.14537488393632128
apache_activemq,0.03675067234826518,0.5815646883455612,0.17016024985448996
apache_activemq,0.029855972059625282,0.45166553407293103,0.09796049983463967
apache_activemq,0.041174789604011906,0.5472554356859429,0.1624251346984706
apache_activemq,0.03322445982228733,0.5448374922160811,0.1592781936683773
apache_activemq,0.018088875861665094,0.5258857268981377,0.1408420324342247
apache_activemq,0.03720624705683252,0.5463106022044447,0.1612805670364218
apache_activemq,0.11210289078479517,0.5942929163306282,0.25561194723625846
apache_activemq,0.0331611060591969,0.5435098156387829,0.15798835771155464
apache_activemq,0.02250077378984226,0.5032861438819548,0.08495939383753069
apache_activemq,0.006619508610340752,0.43869031647493006,0.05131005817386423
apache_activemq,0.0203572184281657,0.5049046720111805,0.08795741413681026
apache_activemq,0.0061158792840528145,0.4435986511052516,0.05074541892989128
apache_activemq,0.007829730172245296,0.4401467907500819,0.05060864645297083
apache_activemq,0.042454172115675926,0.5469284109931665,0.1625342508814763
apache_activemq,0.00415882193415133,0.4426793862185748,0.0490948265167051
apache_activemq,0.026492621934855232,0.4239611842829524,0.07682105321540686
apache_activemq,0.032373358691797145,0.5403414131839206,0.15554149969317152
apache_activemq,0.0036118734517955153,0.4403499632906308,0.04572846086871245
apache_activemq,0.112196431403619,0.48934547304878956,0.17601964516122767
apache_activemq,0.027032929899196347,0.4757760605847849,0.09535145878964528
apache_activemq,0.03401778435681963,0.5794345558765237,0.16791468148700725
apache_activemq,0.028262011941661738,0.42613934252319213,0.07849045197592662
apache_activemq,0.008529474642023091,0.5003372020825507,0.09243780980037962
apache_activemq,0.04383930861067267,0.5501409980773949,0.1990891272261605
apache_activemq,0.024131666538697114,0.4574030842298785,0.08703029916886988
apache_activemq,0.07620334494093023,0.48787193800090023,0.16419855101553438
apache_activemq,0.060659370642694874,0.5121665317825121,0.12525307246703213
apache_activemq,0.010879815001704967,0.44754838486355775,0.08370633744963425
apache_activemq,0.0064728316215936455,0.4495206685577794,0.07970106684741278
apache_activemq,0.01063744008507725,0.4556125943252685,0.08041628868426597
apache_activemq,0.06622780658542395,0.48627337535441184,0.15426078435269372
apache_activemq,0.009578377454491733,0.42732543088619296,0.07554770608325719
apache_activemq,0.008702373271422991,0.44671734215849074,0.0837889521867238
apache_activemq,0.07875210775921408,0.5868604314858611,0.23680517071309393
apache_activemq,0.04001371556435282,0.4158107679130306,0.13455297965236535
apache_activemq,0.016448446217033466,0.4715180040179466,0.06889065198939415
apache_activemq,0.01036245113465837,0.4127914749182657,0.0461881368349084
apache_activemq,0.015070867404858726,0.5471508512503936,0.10690357874531956
apache_activemq,0.02131167494781514,0.4051432424957772,0.06297687687609042
apache_activemq,0.03853569949216324,0.5779045761805742,0.16716306027903968
apache_activemq,0.034040661664828324,0.5051748459257075,0.145963672047624
apache_activemq,0.01199155494990118,0.45220998361254394,0.047548582473633194
apache_activemq,0.02319059366149027,0.5026530428425149,0.08434638265119145
apache_activemq,0.008676953590238469,0.38402978693525275,0.03998326607708744
apache_activemq,0.00895288468851384,0.4457000578574513,0.045207025147324
apache_activemq,0.008779080252987227,0.38422229266038654,0.04052451512720605
apache_activemq,0.008764677611658894,0.38709488476168086,0.04278637043699526
apache_activemq,0.009204790421294592,0.4065029304662434,0.043678033515246795
apache_activemq,0.01289230042738846,0.4049357838624029,0.05016359794157879
apache_activemq,0.009981638244266944,0.4488387274948858,0.05009034534943002
apache_activemq,0.0325011197095222,0.4791561851758641,0.13705199459145764
apache_activemq,0.011260320298926256,0.4114574157845073,0.05118066851295958
apache_activemq,0.03235492002087875,0.5147549309742415,0.15076072991683184
apache_camel,0.059418413291559814,0.6214225918267061,0.19158503534655769
apache_camel,0.0008058067709362465,0.4391057482588723,0.030223553262612914
apache_camel,0.0018258971436220352,0.4456949267473629,0.03136816687246057
apache_camel,0.001565729651900032,0.46940344883613005,0.03306634859313445
apache_camel,0.0021371488402288055,0.4456830063850706,0.032144924808284465
apache_camel,0.007030911617791359,0.4600218941259293,0.03382509866045555
apache_camel,0.036537568305164955,0.5706033434541593,0.14144504709432074
apache_camel,0.07014525952773042,0.5644956902270728,0.18337218527870885
apache_camel,0.0010899058735754728,0.44559671087219205,0.031465991526201505
apache_camel,0.0400776956963425,0.6060830573489968,0.17194291702706466
apache_camel,0.0332667577150344,0.47952506881722123,0.14861224296404094
apache_camel,0.04156538524890332,0.4303287744428062,0.13329370461630627
apache_camel,0.048308418214661385,0.5414509775044416,0.129353776569494
apache_camel,0.020120281460482118,0.3974026749069456,0.10044016934361924
apache_camel,0.001966376283168896,0.445940480303973,0.03198762160253261
apache_camel,0.007596462787534753,0.43138061157954216,0.06517593621472398
apache_camel,0.0049903179709744625,0.43651666387423915,0.05748801475070619
apache_camel,0.007891748705488,0.37372560208093486,0.05573505918578144
apache_camel,0.030938179349898138,0.5429020807126748,0.1316105431285915
apache_camel,0.0464895816297389,0.6255533817149687,0.18465426192871046
apache_camel,0.03397022471819067,0.6511710118519167,0.23369559961448416
apache_camel,0.04651743623053528,0.8238650344708008,0.40390897366535594
apache_camel,0.04200925853910463,0.61904842083913,0.17750469178119782
apache_camel,0.032365279218092215,0.6012919352935916,0.1593789199802997
apache_camel,0.005446780220699266,0.4050451561422475,0.057833052539513916
apache_camel,0.039714623603696896,0.6125386584384321,0.17045077783291646
apache_camel,0.004082645004151005,0.43774644212483976,0.05879828689456129
apache_camel,0.03772234451538498,0.6273722066123082,0.1851721296853344
apache_camel,0.04086199059588508,0.6294602634742926,0.18829181842158463
apache_camel,0.003961098034823584,0.38162815822294266,0.05876175118113641
apache_camel,0.013819987271254434,0.43860285887764366,0.06198848889790191
apache_camel,0.005327338109626572,0.46894860905967095,0.07242015279427577
apache_camel,0.008883368084890654,0.39668978087390033,0.05348321784279843
apache_camel,0.03928984577477897,0.6286414800241473,0.18637897983201343
apache_camel,0.02408011848418449,0.5690495994352206,0.1287632132074739
apache_camel,0.03858589709897292,0.687890464527301,0.31993461238034804
apache_camel,0.04293145276462387,0.6289208793578756,0.18612579611518226
apache_camel,0.042149439493088824,0.6303792401387599,0.18844784863200553
apache_camel,0.004137934408893977,0.439219876835954,0.058086237633129104
apache_camel,0.003961541775466004,0.4283488585811636,0.057299911862148854
apache_camel,0.04029764259718088,0.6137368324829964,0.1694679569912059
apache_camel,0.014630660623659614,0.4345224326669091,0.06162514830294848
apache_camel,0.04191667601417832,0.5853728001539951,0.164350481263087
apache_camel,0.014036670092207812,0.4321060872854911,0.06150918712481448
apache_camel,0.030791336606300523,0.5984921726968413,0.1574349252589891
apache_camel,0.047011851523567176,0.6266751209046857,0.18809355209200998
apache_camel,0.005069102082185782,0.37944545657421763,0.052388015930452204
apache_camel,0.03831906935976655,0.6292062876466925,0.18700125711073193
apache_camel,0.005590241729211661,0.44187093400215155,0.06094553175492912
apache_camel,0.006466374878410613,0.3782247028493298,0.0670437845146398
apache_camel,0.02399773895449795,0.5752745027419185,0.13475073341704674
apache_camel,0.005314440374234387,0.4354776871205989,0.05939137891201485
apache_camel,0.04719567570933635,0.662837071097639,0.198696150194457
apache_camel,0.03794916233048166,0.6239953806563633,0.18163295361395346
apache_camel,0.03832752737242012,0.6282973797039317,0.1865570254862639
apache_camel,0.013257264062444324,0.44080317573855476,0.06141505185839621
apache_camel,0.030471846343538514,0.5700608435545044,0.16052666679053074
apache_camel,0.011152801105788934,0.35632023640780053,0.047436787230043874
apache_camel,0.002499058104367112,0.3706817565583157,0.049852800165243495
apache_camel,0.007436549596280231,0.4232642509443121,0.06208066059299976
apache_camel,0.002709247351943286,0.447339323199867,0.030792986339591943
apache_camel,0.013517822243247818,0.4412315951686236,0.060704708462251254
apache_camel,0.0074865934109792885,0.4324965023824688,0.056316584259420904
apache_camel,0.03847090593611602,0.6262332039156895,0.18402479553814866
apache_camel,0.04413319094226924,0.630041677309188,0.18851592173249082
apache_camel,0.0345708451021201,0.6281509095559522,0.1858974900359679
apache_camel,0.03585881628430375,0.6054435640671473,0.16376521033896627
apache_camel,0.03955181829919934,0.6278607449439826,0.1856943031423213
apache_camel,0.038707671122747866,0.6234237644816215,0.18121833586462613
apache_camel,0.034657599279537044,0.6771260499013958,0.2003063314166025
apache_camel,0.002463286472472707,0.3606101086657725,0.04551980416963537
apache_camel,0.0441558102815169,0.6162676927579978,0.17501395821417665
apache_camel,0.031634044659332484,0.6277227898085457,0.18252508046366506
apache_camel,0.039279444649528344,0.6260089800523099,0.18388507755677072
apache_camel,0.010300643387937614,0.43889731090173567,0.059075893339800185
apache_camel,0.03917869356967339,0.6194070268441398,0.17770368971871184
apache_camel,0.03735832370147565,0.6291387706496203,0.1866785314082351
apache_camel,0.01497169569066093,0.4527340366189766,0.06644312976334943
apache_camel,0.039181075946987214,0.6286218885352165,0.18609600009185956
apache_camel,0.0373354671512342,0.6227091035471337,0.18020455696495463
apache_camel,0.03864147729605153,0.6168380336688202,0.17480784711176217
apache_camel,0.04749620599730997,0.6232045397833793,0.18266886994741469
apache_camel,0.037509440666618245,0.624283588061884,0.17891110457285933
apache_camel,0.034303571955412164,0.6039893525687349,0.1629843386514939
apache_camel,0.019064306689042826,0.5835102094214059,0.1415274565204327
apache_camel,0.04926797788434652,0.6332884426674944,0.18835372985184412
apache_camel,0.007894517653401932,0.3744947905769563,0.07024898110493795
apache_camel,0.00401057759072075,0.4198166130332412,0.0687368783715304
apache_camel,0.014449347245972077,0.45959810458330885,0.06722577188385176
apache_camel,0.04501045265250919,0.6082187624405099,0.18218402691237143
apache_camel,0.041635847322322735,0.6049875912780823,0.1790372120469085
apache_cassandra,0.004975732581361297,0.47411843052607894,0.05160022359659079
apache_cassandra,0.001921463982493071,0.44392127864870135,0.042278595250281534
apache_cassandra,0.024751952844575136,0.4717650540151909,0.0649172466727426
apache_cassandra,0.0058242552936560886,0.45189443607266067,0.04098995964834326
apache_cassandra,0.0034565716939002236,0.4405530027570602,0.04751883932695372
apache_cassandra,0.008649765866594456,0.5029534739432641,0.07373806148583445
apache_cassandra,0.003929963649249962,0.4406407845433002,0.041015908112199774
apache_cassandra,0.005883218862668728,0.4519272769887165,0.041016393787800365
apache_cassandra,0.008322087808474944,0.44574859570616915,0.049056313273824134
apache_cassandra,0.008729243777914713,0.4542093128819783,0.04575354448065375
apache_cassandra,0.00402540804783024,0.43959622851061375,0.035284866317552004
apache_cassandra,0.013998676992588981,0.4981471557966922,0.07016557856453984
apache_cassandra,0.002746062159101974,0.3841939455251631,0.03564409146037425
apache_cassandra,0.007705715084458691,0.5404927685724759,0.10577859337769425
apache_cassandra,0.02001904200070795,0.4698616606770583,0.06046184017836235
apache_cassandra,0.008490494304567553,0.4314244171686223,0.11313014897841991
apache_cassandra,0.010437346817459768,0.45092232378100605,0.04808363684229791
apache_cassandra,0.009089158978152068,0.4448921744669,0.039497456429256415
apache_cassandra,0.0017900253206100765,0.43970402361653776,0.03738562963940779
apache_cassandra,0.016070018063372934,0.47223940204474063,0.09800797649678407
apache_cassandra,0.03338280592701102,0.48642603095762593,0.07476391632791847
apache_cassandra,0.004124815539021179,0.4460009993580945,0.04404154915538663
apache_cassandra,0.013475489255197,0.5048560927535327,0.1472648191835278
apache_cassandra,0.007529659212937565,0.4839817324031303,0.05847243032563885
apache_cassandra,0.004065505463304271,0.4399540299312794,0.03883402224771849
apache_cassandra,0.0049043642638137794,0.442021397180746,0.04912911597788094
apache_cassandra,0.004889971544188408,0.4143709690527803,0.0333780625643269
apache_cassandra,0.007543143051494775,0.48279389717783167,0.05864688283390817
apache_cassandra,0.008228740742460968,0.43635065990295363,0.05108287627312097
apache_cassandra,0.004437186723133754,0.4139471266043218,0.0331044080854216
apache_cassandra,0.010765936200927403,0.4808393860670696,0.055148489714079506
apache_cassandra,0.02186496963420165,0.4955405821132527,0.08041361785101986
apache_cassandra,0.008403604275533156,0.4189463040339392,0.03944618901790978
apache_cassandra,0.005324996628963848,0.44766391860903115,0.049767731635705345
apache_cassandra,0.01594457923816281,0.462425597062755,0.0664623322729597
apache_cassandra,0.005431559263464875,0.4369499643348864,0.046500706690216165
apache_cassandra,0.015179460326749938,0.4880614582409431,0.0634034398132691
apache_cassandra,0.012308203711024725,0.4715596453231137,0.05073367359844907
apache_cassandra,0.019903998667203084,0.47743723036398167,0.06310542796823623
apache_cassandra,0.012540336257246093,0.5674160722564069,0.14019163147056068
apache_cassandra,0.0047847691628166615,0.4342735802570211,0.046870566978686454
apache_cassandra,0.0036839033050139317,0.4225917985712831,0.03929340101889758
apache_cassandra,0.004428668809069644,0.44345459002743587,0.0414722446119973
apache_cassandra,0.01275786733291038,0.47754354659164006,0.053434052821001145
apache_cassandra,0.007741587591451243,0.4234799899606759,0.040736836745293735
apache_cassandra,0.006188950530067704,0.48097906181894196,0.054914597112635
apache_cassandra,0.007910655292163542,0.43493353245671806,0.054740358620973185
apache_cassandra,0.006687438368867228,0.4449257029493407,0.04545949474371706
apache_cassandra,0.01006160946756698,0.46435982614391963,0.09189038814185149
apache_cassandra,0.009448545241801366,0.44652941343678704,0.05287156847577434
apache_cassandra,0.020526788441464095,0.4820940932916442,0.11796024702607992
apache_cassandra,0.004809505561751721,0.43558547132380065,0.08061860049281308
apache_cassandra,0.010944008479905324,0.4535017235465513,0.05289476175802064
apache_cassandra,0.019590703511181043,0.4778837627968729,0.08409269376467907
apache_cassandra,0.00926050197061252,0.48464759517823486,0.05800931972096539
apache_cassandra,0.009531815466618958,0.4856257878571948,0.059442960541908695
apache_cassandra,0.003580575477145145,0.43125868552856966,0.04286214900766047
apache_cassandra,0.01142485822077502,0.460275474245121,0.05684644614699245
apache_cassandra,0.008529498577610055,0.45209228858439787,0.04873675267819266
apache_cassandra,0.023922174579837526,0.4908090824738693,0.07958968965991024
apache_cassandra,0.004074858520363878,0.4397497378361517,0.04726229050505595
apache_cassandra,0.0038751469320737948,0.4210867313440024,0.040313973100364255
apache_cassandra,0.006062717927980612,0.4355325819282731,0.05487194753388029
apache_cassandra,0.014605250732989626,0.4856264390517215,0.07287655133901214
apache_cassandra,0.006266603323634482,0.4540922081203188,0.05724097453239819
apache_cassandra,0.021865463494576978,0.3765628068211778,0.056425850653900565
apache_cassandra,0.007330819415820349,0.4438482023925936,0.059220072921456285
apache_cassandra,0.010057526238444338,0.43550239594576157,0.05891266098232441
apache_cassandra,0.0031427476853599107,0.4341662373474598,0.045999897377094215
apache_cassandra,0.010617570995549453,0.4853457576914151,0.06139747574228008
apache_cassandra,0.00544964816874326,0.4195117504882645,0.03785854359050827
apache_cassandra,0.003998736346781956,0.42243071634246926,0.04164556186602723
apache_cassandra,0.0059639564134693745,0.4361299670627197,0.054220588648958803
apache_cassandra,0.015440231914492704,0.47612057807895997,0.06698043910998744
apache_cassandra,0.005673056177292766,0.4194246505183343,0.039588116265448434
apache_cassandra,0.004107319584692457,0.4357762920770014,0.04651926142955157
apache_cassandra,0.015734581504515538,0.5935468371242284,0.16537039158406963
apache_cassandra,0.005295286080060044,0.48189736661407007,0.05627239261011305
apache_cassandra,0.005487167257455452,0.4646843470610133,0.0484782378362108
apache_cassandra,0.005212528914604362,0.41814584162598,0.0388070831154059
apache_cassandra,0.012921381804657274,0.45803994132233383,0.05341275596990112
apache_cassandra,0.008950384992498065,0.43617909203439864,0.060567526237980625
apache_cassandra,0.01196478553423758,0.4398738535542423,0.05737727297488183
apache_cassandra,0.010444375670921,0.5339045001215722,0.10995699189738817
apache_cassandra,0.01741983809759022,0.49039681652887285,0.066404703807102
apache_cassandra,0.0053913500662612236,0.4139700977856178,0.03473378570203591
apache_cassandra,0.01126593966507729,0.48067089593829054,0.057107680822014936
apache_cassandra,0.0076960668601429765,0.4355774765658258,0.05668722370807005
apache_cassandra,0.010411199675890274,0.3838108665294124,0.048998090754478016
apache_cassandra,0.0071694127378760086,0.47272033673840214,0.05998369115620058
apache_cassandra,0.003616927865515725,0.43753003016125475,0.04489042153036753
apache_cassandra,0.003864698922759954,0.4368929615967626,0.04518326677909338
apache_cassandra,0.016623343205842037,0.490682927349811,0.06560754157839635
apache_cassandra,0.00807017065555494,0.3685685955321657,0.08885515179669207
apache_cassandra,0.008249923638254227,0.45659016862842383,0.05133034638588678
apache_cassandra,0.01400419210414613,0.4825710856759947,0.06065657974977952
apache_cassandra,0.007156822466149553,0.4494224528488772,0.050539426561149146
apache_cassandra,0.029145345869382472,0.5091937494875949,0.10946127118831579
apache_cassandra,0.012341094704396626,0.4386403211727655,0.06580828689087356
apache_cassandra,0.016892624745985595,0.3833992891499349,0.04561019857196225
apache_cassandra,0.005204900988595767,0.4185337258041328,0.03881753601654586
apache_cassandra,0.019963799385291504,0.4809904163340158,0.060664960042200726
apache_cassandra,0.010399537813151092,0.4463234730534241,0.05896987024903078
apache_cassandra,0.015031918441176687,0.44437026115533396,0.06318704794937081
apache_cassandra,0.009217804852965951,0.48466497908167655,0.05966132956104625
apache_cassandra,0.006786034415883895,0.436702331451997,0.05063086741267861
apache_cassandra,0.007490022734701061,0.4004025960011614,0.04871744546591668
apache_cassandra,0.0030938086789987136,0.439733956274349,0.043828977921577555
apache_cassandra,0.019592043503779362,0.4839438652440353,0.06997645679843417
apache_cassandra,0.01364791471486962,0.3728578956424547,0.040851229500990946
apache_cassandra,0.009403233835067245,0.4350705085034341,0.0568558091614866
apache_cassandra,0.012567795634058097,0.48349080591016874,0.04722400206721481
apache_cassandra,0.009939656784754726,0.42966987781360255,0.04749503282115822
apache_cassandra,0.010091316337080911,0.43592696840578127,0.06036907101070035
apache_cassandra,0.011147111784767221,0.4979137183507572,0.07912316548656154
apache_cassandra,0.01035202310675416,0.48630427710086377,0.07216288109837818
apache_cassandra,0.020178462394956086,0.46502633207752525,0.06476393688634939
apache_cassandra,0.0044746042496867835,0.4402322888950663,0.05269499785802557
apache_cassandra,0.012889500161484267,0.4831724977622726,0.060435993415409936
apache_cassandra,0.009438388206052662,0.41346715488261376,0.03902681805227613
apache_cassandra,0.02516391209430906,0.48109045953301144,0.06790514985943404
apache_cassandra,0.01171339296688465,0.4626778600231344,0.05585263163176273
apache_cassandra,0.007869450123429916,0.4315524606049861,0.04876004346595975
apache_cassandra,0.011900550489944334,0.43653600556484273,0.05952603798939236
apache_cassandra,0.0029151960982991367,0.46349975370419905,0.05101019487121985
apache_cassandra,0.017749232197255643,0.4387273931070673,0.05647110755424286
apache_cassandra,0.0038322451898105394,0.43416733987994927,0.046595733335033376
apache_cassandra,0.015695231739140877,0.4518346355631009,0.06072992111197435
apache_cassandra,0.008774753076441679,0.45296593635558785,0.04915751803796801
apache_cassandra,0.014169082732193557,0.4194451156056586,0.04549434110902387
apache_cassandra,0.015248081210208896,0.46381957583937017,0.051949640833778836
apache_cassandra,0.007956146370058472,0.41337416225059426,0.03664584277455764
apache_cassandra,0.0036665215708700364,0.4021992664303519,0.027945351623291714
apache_cassandra,0.02299624421363809,0.40306684033343415,0.05486483172881084
apache_cassandra,0.0029455522349989835,0.43546808185097,0.048272345752572804
apache_cassandra,0.004613297653861924,0.4033903425502629,0.03294224339756492
apache_cassandra,0.03747142382179434,0.5189542636205347,0.11797666241749957
apache_cassandra,0.007944853062473832,0.44477598480344466,0.058669328049609254
apache_cassandra,0.025424749733277546,0.48095200812423017,0.06809251751579538
apache_cassandra,0.005345368891534629,0.41167790267914495,0.03405446560339779
apache_cassandra,0.005067738814194859,0.4429936466627771,0.044010870486037204
apache_cassandra,0.014397217841877512,0.37535449895896594,0.04403863316934506
apache_cassandra,0.013967522625598056,0.48583264706855583,0.0622904002771223
apache_cassandra,0.020095492475306728,0.46261844534444024,0.06386160776603311
apache_cassandra,0.015147123177157088,0.48113733860761304,0.05817030923880028
apache_cassandra,0.01572485867760995,0.48508041079225334,0.06394373431701532
apache_cassandra,0.012762452528733847,0.375087101175932,0.04360437167002008
apache_cassandra,0.008899083625111714,0.44761286261462074,0.06135958426458401
apache_cassandra,0.012165757361831519,0.4801159076995263,0.05701010310172275
apache_cassandra,0.008928303157005041,0.43610998501733506,0.061403982447757605
apache_cassandra,0.012521292018028471,0.48309804863675604,0.05914611449715938
apache_cassandra,0.005221897828544158,0.3958270094301811,0.03947663625382956
apache_cassandra,0.010484002484358193,0.48438383542082675,0.06234039805613457
apache_cassandra,0.03798461094170182,0.5232025414870508,0.12925075734032135
apache_cassandra,0.01622182330093674,0.47841060537109437,0.05664286510180318
apache_cassandra,0.0067291841576923575,0.43649642163464514,0.051957263515136284
apache_cassandra,0.01430075956034187,0.4854302366363549,0.06109281326485921
apache_cassandra,0.014383553462476426,0.4373881215359261,0.05467341410789737
apache_cassandra,0.016001693572177577,0.4961687285803691,0.07834036908195349
apache_cassandra,0.010893482021423406,0.4839594352935143,0.09882376190119506
apache_cassandra,0.01131020192800493,0.47142429825877363,0.11771558069569464
apache_cassandra,0.009233188820195321,0.37865546379121606,0.04501541609371374
apache_cassandra,0.011656990025193133,0.48312551200955467,0.05723272260348935
apache_cassandra,0.014368736085136197,0.43735333698793155,0.05461498254281172
apache_cassandra,0.023764757424871344,0.5091557425900983,0.0751920573630125
apache_cassandra,0.011484595034883346,0.43987594949724595,0.06467615967687247
apache_cassandra,0.004303294938600496,0.4145133439389311,0.03508683294089645
apache_cassandra,0.009415195421004165,0.46209247077925886,0.06584174676759179
apache_cassandra,0.011887957731319487,0.45089094098143756,0.0653527465298424
apache_cassandra,0.015187497629306433,0.4856076424701051,0.06082946790255245
apache_cassandra,0.012724443579919052,0.48314519964963376,0.05960367762461341
apache_cassandra,0.004964688200213356,0.4046219664079451,0.029997673312342144
apache_cassandra,0.019295460313205115,0.4925194185024821,0.09381165218826389
apache_cassandra,0.012855503006298164,0.46126345683110254,0.04725464501079698
apache_cassandra,0.013662934564727676,0.4449456165319353,0.06464490430028341
apache_cassandra,0.010484061106488874,0.4390321071024774,0.06312069998791542
apache_cassandra,0.010737225443412757,0.47707230912111975,0.12926525813641856
apache_cassandra,0.011680097420883913,0.4422897465906679,0.04553322423884015
apache_cassandra,0.01901818029316822,0.45851527488421434,0.06632773114635584
apache_cassandra,0.009451529683852036,0.4447967780621601,0.0481300012768313
apache_cassandra,0.016885571468063982,0.4198800556753812,0.0507247740979568
apache_cassandra,0.014868323879067112,0.4942731033723407,0.11608049068257624
apache_cassandra,0.006326744011838028,0.43732424860376784,0.059361769017058766
apache_cassandra,0.004587887487821565,0.4032463656175977,0.029324353367995718
apache_cassandra,0.01658021008575089,0.41971350037084687,0.05104583043285847
apache_cassandra,0.013663868574928779,0.48617117425474016,0.06223471245198612
apache_cassandra,0.011802806170981449,0.4402293554526657,0.06597357702344304
apache_cassandra,0.012436124401291793,0.4157061439766505,0.038963558820990465
apache_cassandra,0.00606514832719032,0.4361259923381967,0.06203350244653007
apache_cassandra,0.012261021773750555,0.48121707493492794,0.07486735380187777
apache_cassandra,0.011306438434733104,0.43398341224124454,0.05457869729162812
apache_cassandra,0.007756137723612684,0.4117942948336313,0.034440620827564355
apache_cassandra,0.01491381159443863,0.3785887285351271,0.05367498563931943
apache_cassandra,0.004362171686870335,0.4368939102156737,0.054186000687750965
apache_cassandra,0.01654775886715285,0.48904533208021794,0.06503989818067135
apache_cassandra,0.0041265028900565395,0.41515801053846935,0.0370550786472464
apache_cassandra,0.010476645612301038,0.4441163010492081,0.06378288016179369
apache_cassandra,0.006462643744725721,0.4795229643253971,0.07626619324969454
apache_cassandra,0.01566891908873375,0.4903791636386771,0.06771704584747963
apache_cassandra,0.012442060146661445,0.44270217408132007,0.06146644594706874
apache_cassandra,0.00823317290208742,0.43732339155173006,0.06502092671667005
apache_cassandra,0.007807375786922712,0.41182783917899723,0.037900211676593985
apache_cassandra,0.010298891274800355,0.46129210007239535,0.06227543325701646
apache_cassandra,0.005202008004329127,0.4205407460031463,0.03975315726804056
apache_cassandra,0.004147031332539817,0.39788095126822004,0.031013895907337993
apache_cassandra,0.017645405576530052,0.48600216059795853,0.0629091472452449
apache_cassandra,0.010294871530446677,0.43561859951042714,0.0590239574785382
apache_cassandra,0.005305019490668351,0.4037499409339803,0.032493445077244595
apache_cassandra,0.013506732060840595,0.4196517407269263,0.054820875078824764
apache_cassandra,0.011163070255199402,0.4633372893395897,0.06501972486337304
apache_cassandra,0.00801671672142048,0.43885635756648855,0.053916322248406395
apache_cassandra,0.012661161256129407,0.4454201423254839,0.0660163243814603
apache_cassandra,0.0031606919471231587,0.4000010220131554,0.030402998428065212
apache_cassandra,0.019946643309788605,0.5077582913208979,0.07097859866815971
apache_cassandra,0.0074708432464814225,0.4114333280261054,0.03542509766619723
apache_cassandra,0.012869368193260783,0.42240293007214347,0.06839353369880437
apache_cassandra,0.034765357319895995,0.5522654528605917,0.18207089118472444
apache_cassandra,0.010226741129170908,0.42004709529603973,0.04203528122608073
apache_cassandra,0.015036158588243894,0.48582074024387367,0.06161936562145109
apache_cassandra,0.027248798207666652,0.49988009465581373,0.0931718036758427
apache_cassandra,0.008207799152422706,0.42793602681717635,0.04768989197531443
apache_cassandra,0.006513118174843272,0.44165846872058384,0.06719701966971253
apache_cassandra,0.0034193376202842473,0.4160468915693382,0.038408024234431425
apache_cassandra,0.020837880277911613,0.48139114053883647,0.06770550392021885
apache_cassandra,0.00913668032110366,0.4651807269608861,0.04997846409401112
apache_cassandra,0.035859415590278776,0.5206298396719994,0.12933164815954268
apache_cassandra,0.011288011083961135,0.36957974607227295,0.039060027659637245
apache_cassandra,0.01290930562102923,0.4126610721189622,0.04787061320392471
apache_cassandra,0.00899105190496291,0.43612133290108807,0.060814826472571866
apache_cassandra,0.005901824943456895,0.4809461387859607,0.05630100763700318
apache_cassandra,0.01887035794251129,0.4617203806542388,0.08136490422482366
apache_cassandra,0.005835381015485321,0.4122342220542469,0.0346812131715457
apache_cassandra,0.008523631473141377,0.41298859230898644,0.0374834813600422
apache_cassandra,0.008460615271370894,0.4303574465558718,0.047276806968208136
apache_cassandra,0.01481176374703803,0.48504092458236,0.06206892820550017
apache_cassandra,0.00727924053779306,0.4466295322649626,0.06345597097299331
apache_cassandra,0.011628723366594767,0.48524798171421685,0.06134764467936527
apache_cassandra,0.008634942909841683,0.4034094320949385,0.03444766598735264
apache_cassandra,0.03431964672626644,0.4853916418818635,0.07559655832974059
apache_cassandra,0.02000033257585983,0.49399498420519805,0.07640686196531815
apache_cassandra,0.016618928804457887,0.4379487496273546,0.07269888579161785
apache_cassandra,0.007337227065695749,0.4072065079537061,0.034267653698065
apache_cassandra,0.00381560718147026,0.43806547232555815,0.04811007148986636
apache_cassandra,0.003556112655590039,0.4389093998465264,0.044185094418940384
apache_cassandra,0.00645336439157806,0.43470714768641394,0.05094853260859138
apache_cassandra,0.019777072268171516,0.48928872154825803,0.07342433954102265
apache_cassandra,0.012706967098444865,0.41924744566948974,0.050914681383824455
apache_cassandra,0.011402261085559801,0.48060916721391894,0.057665609038774886
apache_cassandra,0.02274865967365783,0.4390872209677386,0.060763015141153905
apache_cassandra,0.02160235121294719,0.4890737355187845,0.06655375239417234
apache_cassandra,0.016026419273594616,0.456838082596564,0.055631199588979656
apache_cassandra,0.00793100719258758,0.438261094714226,0.06727361514057092
apache_cassandra,0.008065068172640752,0.4451181743102594,0.06450552874327065
apache_cassandra,0.00797890969023762,0.43299740047446855,0.05043687940208171
apache_cassandra,0.014969067601294711,0.48750022157076234,0.062333946199660234
apache_cassandra,0.03497831621073934,0.47613823255773496,0.08249955643455532
apache_cassandra,0.004381909303224032,0.4015357554052227,0.032458111509041085
apache_cassandra,0.005763241243675968,0.4446251043529265,0.06547635634492767
apache_cassandra,0.02063443254662514,0.37504735212424517,0.09079791524196458
apache_cassandra,0.018503008484243497,0.44346620154252636,0.07438047931720917
apache_cassandra,0.019291224461348837,0.4937474942812711,0.07747428731140275
apache_cassandra,0.017350312784716333,0.4922982290488515,0.07731276462182762
apache_cassandra,0.01742482036299662,0.4515242956271177,0.0756010892367456
apache_cassandra,0.030353003811980715,0.44373518752195146,0.07332539051064597
apache_cassandra,0.015703879733045746,0.47966063339635717,0.05744031496911732
apache_cassandra,0.004416580582608074,0.40108788254308575,0.03237922311516237
apache_cassandra,0.010806435218163518,0.4096871136593158,0.037163864500981296
apache_cassandra,0.015888113837565436,0.4862270338747909,0.06196837683929566
apache_cassandra,0.03214286339550168,0.44325217517550836,0.07444296271144264
apache_cassandra,0.02559440083883643,0.4669998848530555,0.06760767293743955
apache_cassandra,0.01143382144351786,0.43682749243985186,0.05389600030009219
apache_cassandra,0.008905911646811746,0.4415229158823889,0.05713579778583246
apache_cassandra,0.01832519977569151,0.4857567730861813,0.06320597590131104
apache_cassandra,0.017247472545062835,0.44683626036252716,0.07693211144511845
apache_cassandra,0.019897360378543064,0.4410495377536266,0.060891651403132796
apache_cassandra,0.021464782663421427,0.4398129137278276,0.06056846500796202
apache_cassandra,0.014743285807957432,0.4561874039588063,0.06621582662945229
apache_cassandra,0.037641391010780005,0.4544921697957825,0.11108657997544535
apache_cassandra,0.004015510529151537,0.3950736300352325,0.03227876175025448
apache_cassandra,0.004285194114982307,0.39749496139812523,0.028963068399545985
apache_cassandra,0.0158226254048241,0.4798350006288886,0.05952781667063541
apache_cassandra,0.009955087490276479,0.4387969263784948,0.061146070806473746
apache_cassandra,0.024672397558752106,0.45105198860831314,0.08086237096165245
apache_cassandra,0.011075814895646777,0.41199938868067326,0.03811678234422978
apache_cassandra,0.008611477162729564,0.44519645959463217,0.07865909063415333
apache_cassandra,0.013398548763866112,0.48226365467206783,0.058394450535412326
apache_cassandra,0.017319883128939468,0.4788391508778852,0.06082487749686308
apache_cassandra,0.03710419033029093,0.5190835568595655,0.11840434011421884
apache_cassandra,0.019319457678900392,0.4892055265207898,0.07182937861564036
apache_cassandra,0.036332327460598036,0.4803572979416553,0.08046687234705756
apache_cassandra,0.028507928468000047,0.44982505770538145,0.09732912931658425
apache_cassandra,0.0055665661212128525,0.42253892970746787,0.04175191329191314
apache_cassandra,0.030674042788191122,0.47449528209923275,0.09365838434178896
apache_cassandra,0.021864874461929036,0.48520968613153403,0.06581332447619377
apache_cassandra,0.02288774994333308,0.48466298357073545,0.06827463088746058
apache_cassandra,0.03838545852333609,0.4884609115728095,0.08678849115036497
apache_cassandra,0.021125240590453426,0.4781519307565977,0.05889223503813848
apache_cassandra,0.02163359576905522,0.43935782866470047,0.07548709353872016
apache_cassandra,0.013030723029974864,0.4712971122809544,0.05553132009396173
apache_cassandra,0.021605148115867435,0.4446847176980463,0.08460835299515648
apache_cassandra,0.010822669737989517,0.4538580329443681,0.06789445555300831
apache_cassandra,0.021206864668258982,0.46387183899536955,0.08557595011233535
apache_cassandra,0.01593200261999687,0.4365586453524887,0.08591691268175564
apache_cassandra,0.0057279127079122175,0.4059942224104654,0.03233106342399551
apache_cassandra,0.01461741821883561,0.483426169561224,0.05904660964871674
apache_cassandra,0.008225545234261751,0.4287452743866551,0.054000257501027084
apache_cassandra,0.006187949726718708,0.41591948930807987,0.03885084969353763
apache_cassandra,0.0064407792558855955,0.42045173388581697,0.04311902406458996
apache_cassandra,0.004767978369352993,0.4378400404253227,0.04547013005942026
apache_cassandra,0.0159722441486832,0.45996430680081357,0.08212819026377913
apache_cassandra,0.00918947937082549,0.47322994163069676,0.09889278170265271
apache_cassandra,0.006999507463066679,0.4495566145863421,0.08546568282699153
apache_cassandra,0.005538336963980722,0.4399689096617357,0.050432873715923386
apache_cassandra,0.010381173359156413,0.44295228987004803,0.0804780816927777
apache_cassandra,0.014756053181564949,0.4277157477036065,0.05628246488169571
apache_cassandra,0.012007083990964552,0.43071717932838266,0.05024957777736219
apache_cassandra,0.003428610480784475,0.39415135585283934,0.028995039902200148
apache_cassandra,0.021384587206797163,0.4918990164375391,0.06890092562801489
apache_cassandra,0.015692359961355363,0.48088289306250803,0.05685067978363923
apache_cassandra,0.01396100469283295,0.4884631121190982,0.0677259669261116
apache_cassandra,0.01069094591374826,0.39862675400540476,0.05458514913802075
apache_cassandra,0.02488250762820469,0.39500932978728825,0.06364832612015978
apache_cassandra,0.011145560892777523,0.43968951168547604,0.05359190600009499
apache_flink,0.002502310265903702,0.3438457322515019,0.043022291295829296
apache_flink,0.0062011578497553,0.3885293024149288,0.05436673264615037
apache_flink,0.0002433920639728584,0.3659508707828242,0.03358080356731545
apache_flink,0.003060620122937238,0.39048794317285757,0.0634689079934402
apache_flink,0.0003084970224380277,0.37489607095476507,0.04234238188275356
apache_flink,0.003668073747258441,0.39961981344954717,0.05709914238994929
apache_flink,0.006013718218601861,0.4106944949902902,0.06571114225419594
apache_flink,0.004090370610783878,0.3597931283330813,0.06943600269872323
apache_flink,0.0030268325814201405,0.3729542306892026,0.04434523226550026
apache_flink,0.010653597141358865,0.3843000200371123,0.07378713759356866
apache_flink,0.0011453017520273875,0.38636938274136606,0.052426323317537146
apache_flink,0.00023745540219019808,0.3426332537036293,0.041265047513512725
apache_flink,0.0031823115029304106,0.36725622048756656,0.03997724284602987
apache_flink,0.00015344686261710167,0.39177385634504275,0.04221532371149472
apache_flink,0.005177678075105633,0.391986531969185,0.05441863171262714
apache_flink,0.002111008701975496,0.39508683880272705,0.05011456619235337
apache_flink,0.022399803230994032,0.5046270919716143,0.14463910027191268
apache_flink,0.0026813660753308966,0.3707876604387374,0.04717919469227749
apache_flink,0.010339850611283504,0.4205491116279973,0.09417518083591661
apache_flink,0.012132812728689716,0.429013945905672,0.09987499621716171
apache_flink,0.0010156120898312784,0.42177036332409623,0.056729770234818074
apache_flink,0.003099142259557743,0.3954561428546321,0.05154798939996331
apache_flink,0.00683513850390772,0.41282107454952494,0.0916458816037636
apache_flink,0.007554732839886898,0.3870174441196058,0.0585110429910536
apache_flink,0.0023531659582754026,0.36569935621100735,0.04013029834056865
apache_flink,0.008252315860590585,0.42167840626427144,0.0843867079748379
apache_flink,0.0007503985409347433,0.3688107249574683,0.04259551060135494
apache_flink,0.0015739470414542656,0.3948712342856243,0.04975426507557662
apache_flink,0.02325620692040035,0.5014733660393123,0.14186091201671855
apache_flink,0.0065376716097286436,0.39501122955528933,0.0581758253736337
apache_flink,0.004989532741170389,0.3904173039588709,0.053259804834382925
apache_flink,0.012733652240139661,0.4435173702696029,0.11254923587550893
apache_flink,0.007463844086853097,0.3893788111395926,0.069911371346672
apache_flink,0.0009787803487649133,0.3681129605499379,0.04080896669274706
apache_flink,0.00427081151555397,0.3904032804105609,0.05284001356285603
apache_flink,0.00889034748898767,0.39226438153587595,0.05208682453951797
apache_flink,0.004676013629077302,0.3935636032920051,0.05012326434780351
apache_flink,0.002262300887874712,0.39508344947630947,0.05011779268467778
apache_flink,0.004059644434247794,0.4117066989116609,0.0601191930074822
apache_flink,0.0007412528608830567,0.31841625591242617,0.037843406520893914
apache_flink,0.01740051058133387,0.48759501239258324,0.1348766790490979
apache_flink,0.003560582751691376,0.38897609961529733,0.05589941763658302
apache_flink,0.0029012420119451676,0.39364569799085675,0.05052035525860299
apache_flink,0.009288597036565285,0.41734711596418667,0.058079098266620686
apache_flink,0.0010490697526576841,0.3908866507071187,0.049393120732566555
apache_flink,0.0038833344668083407,0.3900442076456581,0.052229584090537046
apache_flink,0.01413381713790235,0.389176700532539,0.07527324438334386
apache_flink,0.01840953194330944,0.4876748124276928,0.1561369710144782
apache_flink,0.02188283051703156,0.4811726242383071,0.14853238155413423
apache_flink,0.020778626363244124,0.43481569815432314,0.09136599387909872
apache_flink,0.0074497946397208865,0.34532504866527525,0.05329115477018318
apache_flink,0.004149575464042932,0.3954674465462541,0.05121663942888929
apache_flink,0.02933661211450642,0.5000524473037224,0.14037914330761564
apache_flink,0.014317343991639139,0.43273625069932037,0.11120973714883316
apache_flink,0.005699112351431502,0.4021130749290317,0.061233043967141465
apache_flink,0.016374317093667084,0.48428877191652187,0.13177689260677894
apache_flink,0.016441003464451133,0.5059934109549206,0.14639501440213423
apache_flink,0.0016491192109568957,0.3167348262084679,0.039028224054786585
apache_flink,0.021453922395129717,0.4896273682830137,0.13698167759358415
apache_flink,0.030163470195725683,0.44909122932515977,0.12576055307978584
apache_flink,0.015090974016481835,0.42761164870737867,0.10022123747651197
apache_flink,0.003678724472241823,0.34526623142947654,0.0480638077096275
apache_flink,0.055957821361145285,0.45481382573864,0.14459795839299835
apache_flink,0.021040096754650267,0.48853540479175517,0.13721254225356175
apache_flink,0.009714814017896067,0.3474713536446327,0.052425274578576965
apache_flink,0.006930470678191883,0.4023713799897795,0.06256233762356608
apache_flink,0.002551994404155601,0.34656771002637915,0.04907797412044416
apache_flink,0.016733101181924493,0.45660396264809805,0.12449891363119285
apache_flink,0.011681525958623708,0.4032066092805772,0.06321569361078938
apache_flink,0.015506451612456472,0.48876754734609945,0.1361536758476743
apache_flink,0.027223822382658365,0.4847969402108178,0.13361008139113775
apache_flink,0.010335724061378209,0.39988935693252614,0.0600704682158099
apache_flink,0.025037658089429718,0.41719007758714005,0.09559685127323694
apache_flink,0.0048566188174845,0.3901564968350974,0.052008914167427485
apache_flink,0.0016500526227180726,0.36708732549270867,0.041260884580330864
apache_flink,0.006591546166767962,0.4021354566994207,0.06062387082788476
apache_flink,0.002730994282737067,0.36592029848935237,0.041334690180639316
apache_flink,0.028035498514787753,0.49967174589077634,0.1398625241403101
apache_flink,0.005210807397263219,0.3883444370467374,0.056194521769957456
apache_flink,0.020760419944611194,0.40624516279774303,0.0942075486397247
apache_flink,0.006572078154371556,0.3968427032508419,0.0611627860078669
apache_flink,0.0011054138075142577,0.34347478980920204,0.0422365143999223
apache_flink,0.01940661756462798,0.43415817848164756,0.08943587901918126
apache_flink,0.0036558168790131163,0.39533237104107666,0.05131528263794703
apache_flink,0.01734217960071036,0.4849534166178346,0.13232910230327297
apache_flink,0.00464021099382891,0.3911711793092411,0.048908583314666625
apache_flink,0.0006954509391218622,0.3908025078015231,0.049154127095268466
apache_flink,0.002303486383398537,0.3686216836571985,0.04147609483684049
apache_flink,0.028809853216208537,0.46716403908240844,0.13782701256895918
apache_flink,0.009938609034212004,0.362192330447798,0.08613630307956491
apache_flink,0.008563780292690951,0.38638924456690055,0.062344737611541065
apache_flink,0.003639916785852196,0.3933935785549186,0.05060723733395867
apache_flink,0.004868439025460842,0.3900203596226942,0.05178704222074927
apache_flink,0.0065839385285022525,0.3378448012255493,0.06618443934360675
apache_flink,0.007200173495579186,0.3912943490173402,0.04992397420587312
apache_flink,0.017012416519853493,0.46994272123118025,0.13879891931341848
apache_flink,0.004097877744119125,0.3943163564121032,0.048790541582699895
apache_flink,0.004951607110940764,0.39559131845653783,0.05156700351597408
apache_flink,0.00810162669763859,0.3403298110358959,0.06319114704050251
apache_flink,0.018308199467192678,0.48195745174305155,0.12973665613946614
apache_flink,0.008967839932663927,0.3866518406282447,0.06397628537100754
apache_flink,0.0017100292287412968,0.36732084980583185,0.03928021201145982
apache_flink,0.008374102491648031,0.3896175219214087,0.05763583035897523
apache_flink,0.015757974956517453,0.45805998561109623,0.1261133045979183
apache_flink,0.02316853232720809,0.49637799527917303,0.13804708873236562
apache_flink,0.022875762733028198,0.48846411864208017,0.1360172352292979
apache_flink,0.01957999616284686,0.48488241903713825,0.13248869858878065
apache_flink,0.001611588423531954,0.3948343988644991,0.049567054018603125
apache_flink,0.007179564562973043,0.4079311285890786,0.05847857660712055
apache_flink,0.006187979121178295,0.4028266076066898,0.06132919582946353
apache_flink,0.008982026005636853,0.40674917056899423,0.059586331955241344
apache_flink,0.0015708811000048825,0.40753687149906864,0.056710005457400264
apache_flink,0.010770074230635593,0.4093900965511153,0.08716305810039074
apache_flink,0.0013143260881161795,0.3659350989348167,0.03928339391943267
apache_flink,0.012631210011681755,0.4101373745189712,0.07905313179176093
apache_flink,0.0021908315280637744,0.36636788833674266,0.04796418694315794
apache_flink,0.020209782649753972,0.48317457581338247,0.13110402200599322
apache_flink,0.004139839919123007,0.347272937565368,0.046476880328476675
apache_flink,0.012046909292151098,0.3420312846582363,0.06494334280951579
apache_flink,0.007909630030508047,0.40906799202298855,0.06340790135482069
apache_flink,0.011642218689157314,0.408600406385414,0.06571017281001901
apache_flink,0.04557435005214533,0.4537828208492521,0.13587031209631525
apache_flink,0.018401214099684825,0.4217141362259634,0.090433167300294
apache_flink,0.017315667703332465,0.33750176122767983,0.07587253743927799
apache_flink,0.012199640041524499,0.40917478594021117,0.08722356383225299
apache_flink,0.018563844402268322,0.5234731945151826,0.1977012815088115
apache_flink,0.01659050761387248,0.4215172359902248,0.10008717658991653
apache_flink,0.009878069841206054,0.4063269371227233,0.061157982284070274
apache_flink,0.012843240837554741,0.40950238409354456,0.07121258819784192
apache_flink,0.0243739204813446,0.55537195827672,0.22317233493390531
apache_flink,0.011672733046010512,0.41050184979458854,0.09125980190265053
apache_flink,0.009945911337280108,0.4073456613528166,0.0735713948171192
apache_flink,0.010980663323307152,0.41196751294214473,0.08012711835919802
apache_flink,0.014874897461456555,0.42013818459010915,0.09528079898731653
apache_flink,0.009331758959475734,0.4147560898188705,0.0848395875883384
apache_flink,0.00977205907255687,0.4062079055301736,0.061282067078157886
apache_flink,0.015191660934983135,0.4549050070346247,0.13221658529860347
apache_flink,0.057134275818431494,0.4435901378011208,0.1407036452683576
apache_flink,0.04157754394104574,0.45032386488737364,0.11635733410651108
apache_flink,0.0408729459884128,0.43626738336899107,0.11859340850563779
apache_flink,0.017136683196940665,0.42645355022620235,0.11486144836491506
apache_flink,0.018507134495387014,0.4818126505466351,0.16615627384697373
apache_flink,0.011951816161582307,0.41416505842816265,0.07377925138479668
apache_flink,0.09361356783431872,0.5441099475758375,0.2248258468696312
apache_flink,0.012154252315232669,0.41402004723057567,0.07394311171433818
apache_flink,0.054833225339751844,0.46029033104494055,0.15396754188218092
apache_flink,0.01588510127450902,0.47523351360433536,0.11264019082722145
apache_flink,0.030901896368405728,0.4507720120756846,0.13738865321468258
apache_flink,0.08967081177790266,0.6043289032759227,0.27306400441433704
apache_flink,0.013660568869852922,0.4292229883660701,0.10371012055704826
apache_flink,0.04752958359379153,0.46802782340976384,0.15379079962542183
apache_flink,0.011318785391023864,0.40215133957211596,0.06506868432595843
apache_flink,0.04013026689029897,0.4344733018748265,0.11725272545092054
apache_flink,0.041547845792779585,0.47688070197909205,0.16049253942081187
apache_flink,0.013338484621249085,0.4079324221101862,0.07836729794858441
apache_flink,0.047282995986946776,0.44204844305790786,0.1295110880526512
apache_flink,0.09777143882219129,0.5632540587678603,0.23496388801677942
apache_flink,0.016628340006528845,0.42560963756942066,0.09675669324247461
apache_flink,0.01728967331278243,0.4177790059359008,0.09859965927265119
apache_flink,0.0650513911821631,0.457760274376797,0.15588742339412448
apache_flink,0.04453084096105789,0.43910423744127997,0.1254988176350261
apache_flink,0.05153779855827947,0.4408123731157804,0.13181971076711127
apache_flink,0.05207223067835741,0.4481841083652141,0.13568236899393263
apache_flink,0.016595823744818477,0.42500017737853696,0.09473368211772698
apache_flink,0.015083468996223075,0.42022815115907736,0.0862552898443693
apache_flink,0.05228996627840557,0.4737215413154221,0.1618366194871144
apache_flink,0.030215475362080007,0.43000725830447656,0.11327949996968012
apache_flink,0.03298708107463074,0.46895018445186853,0.15081663070139742
apache_flink,0.02318953955982244,0.38891860341932,0.09683035650235905
apache_flink,0.011880164901122701,0.41347470561316385,0.07356778327200261
apache_flink,0.05755399171129997,0.4494781896036801,0.13785216722518032
apache_flink,0.02434721158474435,0.37891223249394795,0.10530948617794612
apache_flink,0.007016489985392465,0.3220269519933763,0.051716763634301374
apache_flink,0.03952394775481424,0.4348788099699073,0.1191908608422247
apache_flink,0.010083263036537943,0.40684149712658135,0.059210803575951196
apache_flink,0.03685446622236616,0.5154153930472007,0.17803937840400844
apache_flink,0.028229568646365583,0.38757388270759846,0.10549164076889926
apache_flink,0.042763047622564554,0.47426388768454075,0.15969040351070798
apache_flink,0.022057368094421465,0.4835109310245394,0.13475143789394667
apache_flink,0.008705282273990558,0.3994110833054753,0.05269075329470424
apache_flink,0.027054859911378758,0.490827675707962,0.1600058555409321
apache_flink,0.032682213109615034,0.5651506293456463,0.23719616492278545
apache_flink,0.022630325509272953,0.4716199086547908,0.14512279817684393
apache_flink,0.034243546371135754,0.6600732230303451,0.3224212675779472
apache_flink,0.09610889580878382,0.5636524403569605,0.23453970762587786
apache_flink,0.010688610052758937,0.4099159221735289,0.07469780682978616
apache_flink,0.023039717449413206,0.5732890638363108,0.2410639656409792
apache_flink,0.029862084055438554,0.3416770715702588,0.0937789838389251
apache_flink,0.03106442343628458,0.6182452904878645,0.28497764647547974
apache_flink,0.008600414401565955,0.3996158960201405,0.05153363342311149
apache_flink,0.03493924847206649,0.46434231586232705,0.14901501596592567
apache_flink,0.00825081496100745,0.3992690094747721,0.05353251383828012
apache_flink,0.027104439876664197,0.4227621139994857,0.10997745724402129
apache_flink,0.060493758603632125,0.4970728838811689,0.16286778428011023
apache_flink,0.011502720367630379,0.41867357301274377,0.08332498170497374
apache_flink,0.02320384028911462,0.3726622290789889,0.09879685292544725
apache_flink,0.029415546267942204,0.48668541352421035,0.15997535487194003
apache_flink,0.04668881070105662,0.47185016568648624,0.15946489118041704
apache_flink,0.008251547649548626,0.3995703515311685,0.05248247150004561
apache_flink,0.022506664086680277,0.4958407386627483,0.14720011749067433
apache_flink,0.006795552226978295,0.37213450216811816,0.04493019064648205
apache_flink,0.02148835937982412,0.370752696190345,0.08649574060740495
apache_flink,0.008500263817459617,0.47787916802178926,0.12640440283325705
apache_flink,0.039241484218832876,0.46203471676438695,0.14321868218076447
apache_flink,0.010367095498040626,0.3991589883313059,0.05552505683231785
apache_flink,0.07268688852423678,0.5050988476843603,0.16968823955262
apache_flink,0.04104686954912433,0.43668875370329835,0.11950419722566169
apache_flink,0.009013507011331664,0.35098888762554153,0.05411968628200413
apache_flink,0.025379600527336833,0.4277955261391564,0.12293096191861863
apache_flink,0.008580723789899757,0.4681490689128621,0.11751515362522183
apache_flink,0.00929057091300798,0.3993804143004514,0.05951658898628356
apache_flink,0.02518118144534019,0.4278406032957657,0.12298619118926851
apache_flink,0.011494784948693512,0.4163490522495116,0.09415465495077205
apache_flink,0.03306577913394238,0.4319169490996584,0.11509331709815755
apache_flink,0.011545306715377776,0.41343034232197545,0.07306409587630609
apache_flink,0.03395816192798633,0.4235837778006471,0.11327297081490773
apache_flink,0.05403977587153674,0.49623095342444823,0.1611646888568555
apache_flink,0.009540884935836326,0.4808273130928226,0.12918671100393667
apache_flink,0.008160467106801045,0.4064250869711762,0.06026796417431486
apache_flink,0.006310596828132622,0.3205554320587927,0.04615174616214471
apache_flink,0.05470703255541728,0.49257597441361467,0.1579468603219231
apache_flink,0.052785751027765025,0.490073551270962,0.15580236055789534
apache_flink,0.010108994079942335,0.47994881644971243,0.12832127432851867
apache_flink,0.008365075500161056,0.4012081041253492,0.05535684390525932
apache_flink,0.008682174810369465,0.3995664061735342,0.05404982492990975
apache_flink,0.04755489567529374,0.4241537163855639,0.12017223121092013
apache_flink,0.008366988589235683,0.40123469770531406,0.05538494879382639
apache_flink,0.057906880208921374,0.49793831711888614,0.16237958992712154
apache_flink,0.05643175304867964,0.4247389082394947,0.11893833350998421
apache_groovy,0.05217430790346952,0.8028216498982704,0.245468692696167
apache_groovy,0.048052754097796954,0.7875822188410142,0.2287520491874483
apache_groovy,0.04104039188053893,0.7670303098554276,0.22171591693249734
apache_groovy,0.0033668615881746024,0.4402936750140992,0.0871736611572549
apache_groovy,0.032168520402610194,0.7593790575875283,0.2162330290451329
apache_groovy,0.046920476392562034,0.7921167743447974,0.23355933798885825
apache_groovy,0.07237762556131505,0.7847877303169862,0.2300894938212217
apache_groovy,0.15608100740731184,0.8171922361508968,0.26952604201685526
apache_groovy,0.004846000475089423,0.40993308157587777,0.06575426179171001
apache_groovy,0.13551399759316674,0.836909994078064,0.2842424463387529
apache_groovy,0.03927609439655881,0.7646855884003914,0.21951194678173294
apache_groovy,0.015488068931694906,0.413985169598259,0.11840501272333435
apache_groovy,0.002130924812725407,0.5381533650830502,0.03728958604443786
apache_groovy,0.012828414361447514,0.4069515007575972,0.08535831192065979
apache_groovy,0.004950842667838027,0.40666144516302755,0.07433038178966879
apache_groovy,0.004984883931963879,0.4075422832659279,0.07461085617187165
apache_groovy,0.019918487251339424,0.4046276689043303,0.07977345893838023
apache_groovy,0.011927077764467914,0.40388404561345276,0.07544944159154564
apache_groovy,0.03372301987896672,0.4068867890055878,0.09030655422689063
apache_groovy,0.0326840147614508,0.7455560618410175,0.21367917620998
apache_groovy,0.0028095039508140686,0.4069499303274074,0.07358087598056404
apache_groovy,0.012954619034021163,0.4048428866706976,0.07622704055148223
apache_groovy,0.007222193468351278,0.40893501363831836,0.07524874060005984
apache_groovy,0.005003489635060603,0.4068164499856949,0.07393428898974307
apache_groovy,0.036300168510211395,0.7619960475805052,0.2304693808738882
apache_groovy,0.04702888210969896,0.7171910893126371,0.18956098380287137
apache_groovy,0.011193320407904547,0.40820198913154015,0.08086090326299597
apache_groovy,0.05214225719615691,0.49088806615745817,0.1566937087577
apache_groovy,0.032169266606814705,0.4067524993457187,0.08650313493910532
apache_groovy,0.10183636635298642,0.5712745181567741,0.2627724851024456
apache_groovy,0.029082429644406584,0.46293674154204467,0.1609617565707359
apache_groovy,0.026294026107924588,0.4891434669290347,0.1613433119860381
apache_groovy,0.02979218090290893,0.40785305612535844,0.09052413630098968
apache_groovy,0.01080451339261741,0.4093645795541379,0.0805082614753803
apache_groovy,0.02518962499312135,0.4905384537601933,0.18928322369334505
apache_groovy,0.014462803846393068,0.4091714233888501,0.08484797165967752
apache_groovy,0.01309380164654309,0.4060884180217317,0.08092522919800069
apache_groovy,0.009785495825156169,0.4193662491558904,0.07539508289887248
apache_groovy,0.018904692564770287,0.40455171343869045,0.08158719973689726
apache_groovy,0.0011360433464612629,0.5379043150345127,0.036380596675592805
apache_groovy,0.007553249263226856,0.40570029561631954,0.07353782684089356
apache_groovy,0.010446505905945426,0.4123897796591847,0.07496626984416781
apache_groovy,0.017179602036050727,0.45692781812914063,0.14359728096916355
apache_groovy,0.005526407538169526,0.40395685476855697,0.0737774780634655
apache_groovy,0.009084020968350842,0.5398771720044011,0.04507052243412887
apache_groovy,0.0044290745296897485,0.33560898864865635,0.05704020340887509
apache_groovy,0.020075890209884078,0.4132250727216664,0.08596520633353816
apache_groovy,0.010542791411421793,0.4082182928771483,0.06706813546457964
apache_groovy,0.0088044921184998,0.40734688760903914,0.0662427566226187
apache_groovy,0.01063544448704299,0.346747626373285,0.06170858538408527
apache_groovy,0.0037214023519226485,0.3281081729346697,0.056822037680842256
apache_groovy,0.008959813570698517,0.4083173375966554,0.06666649481026372
apache_groovy,0.0070594440618353595,0.34043748693661136,0.06442804793447482
apache_groovy,0.0012665171026493946,0.5372126240431851,0.0364394874269777
apache_groovy,0.006272986700350972,0.5382595799630202,0.04570053309645138
apache_groovy,0.003961490413098934,0.3277829822840607,0.05692042823296491
apache_groovy,0.010460072678757227,0.40875062678479834,0.06716964983359432
apache_groovy,0.011728372312661897,0.4103954877034601,0.08170657929902458
apache_groovy,0.01440506767181665,0.4091951771979976,0.07702832914943444
apache_groovy,0.015974533465248204,0.40901340407317105,0.07616864289018417
