,nuc,arexp,nd,ns,age,la,ld,target
0,4.0,2.0,1.0,1.0,0.0,2.0,1.0,1
1,0.33,4.0,2.0,1.0,0.67,8.0,16.0,1
2,3.0,28.0,2.0,1.0,3.0,56.0,28.0,1
3,1.0,40.0,2.0,1.0,6.0,6.0,8.0,1
4,1.6,45.0,9.0,1.0,0.4,70.0,85.0,1
5,2.5,62.0,6.0,1.0,0.83,7.0,52.0,1
6,12.0,40.0,1.0,1.0,0.0,7.0,2.0,1
7,3.33,87.0,3.0,1.0,0.0,37.0,25.0,1
8,1.0,100.0,3.0,1.0,0.67,5.0,5.0,1
9,0.73,108.0,11.0,1.0,2.2,101.0,21.0,1
10,20.0,116.0,1.0,1.0,0.0,40.0,32.0,1
11,4.75,55.0,4.0,1.0,6.38,240.0,149.0,1
12,7.0,70.0,4.0,1.0,4.0,77.0,35.0,1
13,1.0,63.0,1.0,1.0,0.0,2.0,1.0,1
14,6.57,66.0,10.0,1.0,7.63,376.0,359.0,1
15,5.0,34.0,1.0,1.0,0.0,0.0,2.0,0
16,9.75,135.0,4.0,1.0,0.0,57.0,47.0,1
17,6.0,36.0,1.0,1.0,0.0,0.0,3.0,0
18,11.14,138.0,3.0,1.0,0.86,9.0,12.0,1
19,6.0,86.0,1.0,1.0,1.0,0.0,1.0,0
20,7.5,116.0,2.0,1.0,5.0,0.0,5.0,0
21,3.0,65.0,4.0,1.0,26.38,0.0,354.0,0
22,0.0,137.0,1.0,1.0,0.0,1.0,3.0,1
23,1.0,17.0,1.0,1.0,0.0,1.0,1.0,1
24,13.0,128.0,2.0,1.0,2.5,0.0,81.0,0
25,3.0,146.0,1.0,1.0,1.0,2.0,2.0,1
26,1.0,162.0,5.0,1.0,37.0,8.0,241.0,1
27,7.0,123.0,2.0,1.0,0.0,40.0,11.0,1
28,6.5,173.0,2.0,1.0,0.0,0.0,7.0,1
29,3.0,133.0,1.0,1.0,0.0,6.0,0.0,1
30,3.0,143.0,2.0,1.0,0.33,58.0,41.0,1
31,3.5,196.0,2.0,1.0,20.5,8.0,4.0,1
32,3.0,2.0,1.0,1.0,4.0,1.0,1.0,1
33,7.0,50.0,1.0,1.0,0.0,0.0,5.0,0
34,3.0,52.0,3.0,1.0,0.67,351.0,305.0,1
35,4.0,0.0,1.0,1.0,7.0,2.0,6.0,0
36,0.0,1.0,1.0,1.0,0.0,0.0,7.0,0
37,3.67,57.0,2.0,1.0,0.78,84.0,65.0,1
38,2.0,230.0,4.0,1.0,1.8,5.0,2.0,1
39,0.7,21.0,10.0,1.0,1.55,77.0,575.0,1
40,3.29,197.0,3.0,1.0,2.29,207.0,43.0,1
41,0.0,240.0,2.0,1.0,0.0,6.0,5.0,1
42,5.0,251.0,1.0,1.0,0.0,31.0,5.0,1
43,8.29,403.0,5.0,1.0,11.71,0.0,294.0,0
44,8.5,300.0,2.0,1.0,0.0,10.0,9.0,1
45,11.5,193.0,2.0,1.0,0.0,18.0,1.0,1
46,2.0,54.0,1.0,1.0,3.0,3.0,0.0,1
47,0.67,33.0,2.0,1.0,1.0,190.0,1.0,1
48,2.14,317.0,4.0,1.0,3.86,228.0,230.0,1
49,2.33,318.0,2.0,1.0,0.33,39.0,6.0,1
50,2.4,334.0,5.0,1.0,0.2,1488.0,221.0,1
51,0.5,112.0,1.0,1.0,0.0,61.0,1.0,1
52,4.0,215.0,1.0,1.0,0.0,7.0,0.0,1
53,19.5,33.0,2.0,1.0,2.5,48.0,6.0,1
54,6.0,238.0,3.0,1.0,0.6,12.0,21.0,1
55,4.95,236.0,6.0,1.0,0.0,165.0,127.0,1
56,1.4,473.0,3.0,1.0,0.0,490.0,217.0,1
57,15.33,490.0,3.0,1.0,0.0,9.0,4.0,1
58,8.79,335.0,7.0,1.0,20.16,551.0,124.0,1
59,8.78,95.0,7.0,1.0,1.0,79.0,115.0,1
60,0.5,360.0,1.0,1.0,0.0,26.0,24.0,1
61,2.0,174.0,1.0,1.0,0.0,2.0,2.0,1
62,2.0,180.0,1.0,1.0,0.0,3.0,0.0,1
63,2.0,384.0,1.0,1.0,0.5,193.0,43.0,1
64,14.0,400.0,1.0,1.0,0.0,23.0,32.0,1
65,2.5,213.0,1.0,1.0,0.0,7.0,7.0,1
66,3.75,406.0,1.0,1.0,1.58,926.0,538.0,1
67,6.0,230.0,1.0,1.0,1.0,322.0,180.0,1
68,13.0,117.0,1.0,1.0,0.0,194.0,72.0,1
69,14.0,118.0,1.0,1.0,0.0,30.0,20.0,1
70,10.25,569.0,2.0,1.0,0.0,49.0,33.0,1
71,25.0,228.0,1.0,1.0,2.0,8.0,6.0,1
72,16.71,454.0,6.0,1.0,0.29,55.0,77.0,1
73,9.25,471.0,1.0,1.0,0.0,271.0,152.0,1
74,3.67,239.0,3.0,1.0,22.67,31.0,4.0,1
75,5.75,241.0,3.0,1.0,23.0,0.0,149.0,0
76,26.0,369.0,2.0,1.0,1.0,9.0,25.0,1
77,0.0,217.0,1.0,1.0,0.0,4.0,2.0,1
78,22.0,548.0,3.0,1.0,9.0,15.0,1.0,1
79,3.33,428.0,2.0,1.0,20.33,65.0,11.0,1
80,1.5,260.0,2.0,1.0,0.0,134.0,24.0,1
81,10.0,396.0,2.0,1.0,24.0,61.0,35.0,1
82,8.62,273.0,6.0,1.0,2.0,48.0,21.0,1
83,8.03,458.0,8.0,1.0,54.7,64.0,74.0,1
84,3.11,195.0,3.0,1.0,19.11,885.0,518.0,1
85,11.65,444.0,10.0,1.0,30.65,331.0,59.0,1
86,25.0,287.0,3.0,1.0,0.0,9.0,4.0,1
87,35.5,314.0,2.0,1.0,0.0,104.0,1.0,1
88,19.67,251.0,1.0,1.0,0.0,66.0,82.0,1
89,0.0,735.0,1.0,1.0,0.0,66.0,0.0,1
90,8.3,662.0,13.0,1.0,63.48,876.0,66.0,1
91,34.0,64.0,1.0,1.0,2.0,35.0,1.0,1
92,8.5,14.0,2.0,1.0,24.0,15.0,0.0,1
93,5.0,16.0,1.0,1.0,0.0,0.0,10.0,0
94,41.0,73.0,1.0,1.0,0.0,74.0,52.0,1
95,33.67,726.0,2.0,1.0,11.67,91.0,21.0,1
96,12.0,586.0,1.0,1.0,1.0,28.0,65.0,1
97,11.0,39.0,1.0,1.0,0.0,0.0,7.0,0
98,8.0,8.0,1.0,1.0,0.0,0.0,10.0,0
99,11.17,398.0,3.0,1.0,3.5,36.0,2.0,1
100,35.0,646.0,2.0,1.0,3.67,36.0,14.0,1
101,20.85,295.0,8.0,1.0,5.1,252.0,213.0,1
102,2.35,656.0,4.0,1.0,0.13,167.0,170.0,1
103,22.0,846.0,10.0,1.0,16.0,38.0,39.0,1
104,5.21,389.0,5.0,1.0,22.21,303.0,43.0,1
105,16.0,18.0,1.0,1.0,2.0,0.0,78.0,0
106,18.0,23.0,1.0,1.0,0.0,24.0,0.0,1
107,13.0,37.0,1.0,1.0,6.0,0.0,1.0,0
108,15.0,40.0,6.0,1.0,7.0,0.0,9.0,0
109,20.5,52.0,2.0,1.0,0.0,0.0,2.0,0
110,11.4,15.0,7.0,1.0,0.07,239.0,330.0,1
111,4.0,10.0,1.0,1.0,1.0,14.0,9.0,1
112,2.25,760.0,2.0,1.0,0.0,56.0,51.0,1
113,13.0,87.0,3.0,1.0,0.33,3.0,6.0,1
114,4.0,7.0,1.0,1.0,0.0,15.0,12.0,1
115,2.67,698.0,3.0,1.0,0.17,1325.0,4.0,1
116,0.0,72.0,1.0,1.0,0.0,1.0,1.0,1
117,10.0,59.0,1.0,1.0,0.0,0.0,10.0,0
118,1.0,29.0,1.0,1.0,1.0,1.0,1.0,1
119,6.44,1351.0,15.0,1.0,1.9,1143.0,436.0,1
120,3.6,744.0,9.0,1.0,2.2,1177.0,762.0,1
121,3.64,1357.0,7.0,1.0,4.36,230.0,157.0,1
122,7.49,1366.0,15.0,1.0,2.29,415.0,426.0,1
123,2.19,22.0,12.0,1.0,0.0,48.0,107.0,1
124,19.43,777.0,4.0,1.0,0.0,28.0,257.0,1
125,6.65,32.0,15.0,1.0,0.38,228.0,234.0,1
126,6.0,141.0,1.0,1.0,0.0,28.0,28.0,1
127,6.33,435.0,2.0,1.0,5.11,155.0,140.0,1
128,11.83,1422.0,8.0,1.0,0.57,1015.0,18.0,1
129,15.24,23.0,12.0,1.0,1.29,33.0,31.0,1
130,18.67,796.0,2.0,1.0,3.67,95.0,54.0,1
131,23.23,213.0,8.0,1.0,2.92,135.0,84.0,1
132,6.94,214.0,4.0,1.0,4.36,383.0,469.0,1
133,21.25,67.0,3.0,1.0,0.0,80.0,71.0,1
134,8.67,48.0,3.0,1.0,2.33,0.0,113.0,0
135,36.0,84.0,1.0,1.0,0.0,15.0,0.0,1
136,10.0,244.0,1.0,1.0,5.0,58.0,39.0,1
137,6.0,153.0,1.0,1.0,0.0,0.0,30.0,0
138,11.5,164.0,3.0,1.0,0.67,0.0,83.0,0
139,18.0,255.0,1.0,1.0,3.0,18.0,27.0,1
140,17.75,248.0,4.0,1.0,0.0,11.0,11.0,1
141,31.67,740.0,1.0,1.0,0.0,110.0,136.0,1
142,21.26,1538.0,9.0,1.0,3.89,422.0,377.0,1
143,18.0,326.0,2.0,1.0,0.0,4.0,13.0,1
144,16.8,340.0,10.0,1.0,10.0,29.0,154.0,1
145,11.38,342.0,4.0,1.0,0.0,0.0,17.0,0
146,22.57,213.0,5.0,1.0,3.79,0.0,73.0,0
147,0.0,194.0,2.0,1.0,0.0,10.0,13.0,1
148,65.0,291.0,2.0,1.0,0.0,172.0,3.0,1
149,3.33,200.0,4.0,1.0,0.83,29.0,12.0,1
150,9.43,568.0,3.0,1.0,5.0,80.0,65.0,1
151,17.0,174.0,2.0,1.0,6.0,79.0,28.0,1
152,39.56,600.0,6.0,1.0,2.89,150.0,136.0,1
153,14.62,981.5,5.0,1.0,5.62,51.0,50.0,1
154,21.02,822.0,15.0,2.0,1.15,409.0,148.0,1
155,12.0,121.0,1.0,1.0,2.0,0.0,9.0,0
156,20.75,248.0,3.0,1.0,3.5,7.0,6.0,1
157,1.0,182.0,1.0,1.0,0.0,25.0,4.0,1
158,33.83,1734.5,2.0,1.0,1.83,303.0,324.0,1
159,9.06,196.0,7.0,1.0,15.35,37.0,86.0,1
160,2.0,384.0,1.0,1.0,0.0,40.0,52.0,1
161,10.5,28.0,1.0,1.0,0.0,9.0,4.0,1
162,39.67,840.0,3.0,1.0,15.0,192.0,21.0,1
163,12.17,447.0,4.0,1.0,11.5,53.0,28.0,1
164,22.08,567.0,5.0,1.0,7.92,126.0,80.0,1
165,3.33,861.0,2.0,1.0,0.0,77.0,0.0,1
166,3.0,50.0,1.0,1.0,10.0,16.0,4.0,1
167,49.5,868.0,2.0,1.0,0.0,307.0,0.0,1
168,9.25,57.0,4.0,1.0,1.0,0.0,20.0,0
169,42.11,840.0,7.0,1.0,13.11,287.0,0.0,1
170,18.33,66.0,3.0,1.0,6.67,301.0,12.0,1
171,0.0,73.0,1.0,1.0,0.0,214.0,0.0,1
172,7.35,0.0,4.0,1.0,107.0,198.0,109.0,0
173,1.0,297.0,1.0,1.0,0.0,20.0,14.0,1
174,1.0,341.0,1.0,1.0,2.0,26.0,17.0,1
175,3.67,357.0,2.0,1.0,0.0,40.0,12.0,1
176,3.29,168.0,5.0,1.0,0.0,864.0,180.0,1
177,31.88,804.5,6.0,1.0,12.0,47.0,34.0,1
178,4.58,26.0,11.0,1.0,13.6,592.0,572.0,1
179,6.0,69.0,1.0,1.0,0.0,0.0,4.0,0
180,2.0,34.0,1.0,1.0,7.0,1.0,1.0,1
181,19.0,103.0,1.0,1.0,0.0,3.0,15.0,1
182,3.0,895.83,1.0,1.0,0.0,86.0,63.0,1
183,59.75,550.33,3.0,1.0,2.75,407.0,174.0,1
184,2.38,546.67,1.0,1.0,0.0,23.0,34.0,1
185,26.22,0.0,4.0,1.0,66.33,635.0,63.0,0
186,2.0,10.0,1.0,1.0,0.0,220.0,16.0,1
187,13.0,570.0,1.0,1.0,0.0,36.0,36.0,1
188,18.0,572.83,1.0,1.0,1.0,74.0,21.0,1
189,11.5,571.33,2.0,1.0,5.5,25.0,27.0,1
190,50.33,1.0,3.0,1.0,0.0,54.0,3.0,1
191,4.5,79.0,1.0,1.0,0.0,17.0,16.0,1
192,108.64,1608.17,6.0,1.0,8.91,1213.0,905.0,1
193,117.33,95.0,7.0,1.0,9.67,281.0,163.0,1
194,14.07,739.67,7.0,1.0,25.29,181.0,146.0,1
195,39.21,6.0,6.0,1.0,34.5,543.0,215.0,1
196,63.15,1596.33,7.0,1.0,57.62,775.0,238.0,1
197,76.25,8.0,1.0,1.0,3.0,113.0,17.0,1
198,15.0,11.0,1.0,1.0,1.0,0.0,2.0,0
199,20.0,746.83,7.0,1.0,10.73,30.0,272.0,1
200,19.14,36.0,5.0,1.0,6.71,7.0,10.0,1
201,36.0,164.5,3.0,1.0,0.0,0.0,9.0,0
202,3.43,86.0,3.0,1.0,60.29,357.0,5.0,1
203,14.0,88.0,4.0,1.0,37.5,142.0,5.0,1
204,4.4,682.0,2.0,1.0,36.0,212.0,26.0,1
205,42.0,45.0,3.0,1.0,6.0,24.0,42.0,1
206,14.9,0.0,7.0,1.0,64.8,711.0,3.0,1
207,18.6,69.0,5.0,1.0,1.7,658.0,108.0,1
208,40.33,74.0,2.0,1.0,0.0,389.0,350.0,1
209,63.46,0.0,5.0,1.0,113.38,832.0,125.0,0
210,21.67,147.0,2.0,1.0,0.67,0.0,244.0,0
211,4.5,17.0,2.0,1.0,5.0,3.0,1.0,1
212,5.0,8.0,1.0,1.0,4.0,23.0,8.0,1
213,33.1,806.5,4.0,1.0,60.8,175.0,15.0,1
214,64.5,85.0,2.0,1.0,0.0,66.0,20.0,1
215,0.83,2.0,3.0,1.0,98.33,280.0,16.0,1
216,46.0,124.0,3.0,1.0,6.2,62.0,44.0,1
217,2.0,1.0,2.0,1.0,0.5,26.0,14.0,1
218,6.8,0.0,4.0,1.0,139.6,290.0,38.0,0
219,32.5,12.0,2.0,1.0,0.5,2.0,2.0,1
220,5.33,9.0,1.0,1.0,16.67,62.0,7.0,1
221,4.0,156.5,5.0,1.0,60.4,6.0,9.0,1
222,13.0,34.0,1.0,1.0,0.0,61.0,24.0,1
223,4.67,256.0,2.0,1.0,12.33,3.0,3.0,1
224,25.33,17.0,2.0,1.0,36.67,30.0,28.0,1
225,8.0,4.0,1.0,1.0,0.0,0.0,7.0,0
226,4.83,79.0,7.0,1.0,11.5,145.0,95.0,1
227,16.0,1.0,4.0,1.0,18.0,136.0,48.0,1
228,55.83,0.0,4.0,1.0,7.83,447.0,6.0,0
229,20.62,132.0,9.0,1.0,145.26,2974.0,781.0,1
230,6.0,24.0,1.0,1.0,0.0,0.0,2.0,0
231,29.9,1530.67,7.0,1.0,0.0,890.0,130.0,1
232,13.6,889.5,3.0,1.0,42.0,135.0,43.0,1
233,9.47,364.5,7.0,1.0,157.0,497.0,280.0,1
234,42.33,320.0,2.0,1.0,5.33,14.0,14.0,1
235,5.5,0.0,1.0,1.0,15.5,16.0,5.0,0
236,36.48,13.0,17.0,1.0,100.5,810.0,555.0,1
237,17.25,140.0,2.0,1.0,5.25,0.0,25.0,0
238,65.67,157.0,8.0,1.0,20.2,563.0,304.0,1
239,10.2,144.0,6.0,1.0,6.6,0.0,310.0,0
240,24.17,195.42,1.19,1.0,1.63,6.52,5.26,1
241,22.39,126.02,1.58,1.0,0.84,3.36,3.68,1
242,22.25,120.57,1.61,1.0,0.78,3.12,3.56,1
243,23.19,157.06,1.4,1.0,1.19,4.78,4.39,1
244,24.76,218.81,1.05,1.0,1.9,7.58,5.79,1
245,21.58,94.07,1.76,1.0,0.48,1.91,2.96,1
246,20.89,67.08,1.91,1.0,0.17,0.69,2.34,1
247,23.47,168.13,1.34,1.0,1.32,5.28,4.64,1
248,22.59,133.79,1.54,1.0,0.93,3.72,3.86,1
249,20.58,55.14,1.98,1.0,0.04,0.14,2.07,0
250,21.39,86.8,1.8,1.0,0.4,1.58,2.79,1
251,24.5,208.45,1.11,1.0,1.78,7.11,5.56,1
252,24.58,211.49,1.09,1.0,1.81,7.25,5.62,1
253,23.46,167.73,1.34,1.0,1.32,5.26,4.63,1
254,24.1,192.68,1.2,1.0,1.6,6.39,5.2,1
255,22.75,139.83,1.5,1.0,1.0,3.99,4.0,1
256,23.13,154.67,1.42,1.0,1.17,4.67,4.33,1
257,21.83,104.08,1.7,1.0,0.59,2.37,3.18,1
258,24.96,226.58,1.01,1.0,1.98,7.94,5.97,1
259,21.6,95.1,1.76,1.0,0.49,1.96,2.98,1
260,24.08,191.84,1.21,1.0,1.59,6.36,5.18,1
261,22.44,127.97,1.57,1.0,0.86,3.45,3.73,1
262,24.44,206.09,1.12,1.0,1.75,7.0,5.5,1
263,22.0,110.48,1.67,1.0,0.66,2.66,3.33,1
264,24.84,221.9,1.03,1.0,1.93,7.72,5.86,1
265,21.05,73.57,1.88,1.0,0.25,0.98,2.49,1
266,22.77,140.95,1.49,1.0,1.01,4.04,4.02,1
267,22.22,119.22,1.62,1.0,0.76,3.06,3.53,1
268,22.35,124.3,1.59,1.0,0.82,3.29,3.64,1
269,21.44,88.74,1.79,1.0,0.42,1.67,2.83,1
270,23.9,185.17,1.24,1.0,1.51,6.05,5.03,1
271,21.82,103.76,1.71,1.0,0.59,2.35,3.18,1
272,22.37,124.99,1.59,1.0,0.83,3.32,3.66,1
273,24.3,200.56,1.16,1.0,1.69,6.75,5.38,1
274,22.04,112.28,1.66,1.0,0.69,2.74,3.37,1
275,20.59,55.69,1.98,1.0,0.04,0.17,2.08,0
276,20.68,59.06,1.96,1.0,0.08,0.32,2.16,1
277,23.99,188.58,1.22,1.0,1.55,6.21,5.1,1
278,24.11,193.28,1.2,1.0,1.61,6.42,5.21,1
279,22.54,131.84,1.55,1.0,0.91,3.63,3.81,1
280,22.02,111.54,1.66,1.0,0.68,2.71,3.35,1
281,23.5,169.36,1.33,1.0,1.33,5.33,4.67,1
282,20.6,55.83,1.98,1.0,0.04,0.17,2.09,0
283,21.13,76.63,1.86,1.0,0.28,1.12,2.56,1
284,24.52,209.04,1.11,1.0,1.78,7.14,5.57,1
285,24.39,204.29,1.13,1.0,1.73,6.92,5.46,1
286,22.54,131.8,1.55,1.0,0.91,3.63,3.81,1
287,24.89,223.55,1.03,1.0,1.95,7.8,5.9,1
288,21.45,89.21,1.79,1.0,0.42,1.69,2.85,1
289,24.96,226.39,1.01,1.0,1.98,7.93,5.96,1
290,24.2,196.61,1.18,1.0,1.64,6.57,5.29,1
291,23.96,187.39,1.23,1.0,1.54,6.15,5.08,1
292,20.82,64.35,1.93,1.0,0.14,0.56,2.28,0
293,23.91,185.53,1.24,1.0,1.52,6.07,5.03,1
294,22.81,142.42,1.49,1.0,1.03,4.11,4.06,1
295,24.65,214.23,1.08,1.0,1.84,7.37,5.69,1
296,20.56,54.21,1.99,1.0,0.03,0.1,2.05,1
297,23.64,174.72,1.3,1.0,1.39,5.58,4.79,1
298,20.77,62.74,1.94,1.0,0.12,0.49,2.24,0
299,24.21,197.08,1.18,1.0,1.65,6.59,5.3,1
300,22.23,119.49,1.62,1.0,0.77,3.07,3.53,1
301,24.6,212.35,1.09,1.0,1.82,7.29,5.64,1
302,22.97,148.47,1.45,1.0,1.1,4.39,4.19,1
303,21.6,94.96,1.76,1.0,0.49,1.95,2.98,1
304,22.49,129.67,1.56,1.0,0.88,3.53,3.77,1
305,24.62,213.23,1.08,1.0,1.83,7.33,5.66,1
306,22.75,139.94,1.5,1.0,1.0,4.0,4.0,1
307,21.79,102.46,1.71,1.0,0.57,2.29,3.15,1
308,22.56,132.74,1.54,1.0,0.92,3.67,3.84,1
309,24.92,225.03,1.02,1.0,1.97,7.87,5.93,1
310,21.75,100.81,1.72,1.0,0.55,2.22,3.11,1
311,23.08,152.93,1.43,1.0,1.15,4.59,4.29,1
312,21.6,94.9,1.76,1.0,0.49,1.95,2.98,1
313,21.87,105.54,1.7,1.0,0.61,2.43,3.22,1
314,21.37,85.91,1.81,1.0,0.39,1.54,2.77,1
315,20.7,59.88,1.96,1.0,0.09,0.36,2.18,1
316,22.06,113.09,1.65,1.0,0.69,2.78,3.39,1
317,20.92,68.54,1.91,1.0,0.19,0.75,2.38,1
318,23.9,184.8,1.25,1.0,1.51,6.04,5.02,1
319,24.58,211.63,1.09,1.0,1.81,7.26,5.63,1
320,22.36,124.6,1.59,1.0,0.83,3.3,3.65,1
321,21.64,96.51,1.75,1.0,0.51,2.02,3.01,1
322,24.81,220.57,1.04,1.0,1.92,7.66,5.83,1
323,22.29,122.14,1.6,1.0,0.8,3.19,3.59,1
324,21.57,93.76,1.76,1.0,0.47,1.9,2.95,1
325,22.18,117.83,1.63,1.0,0.75,2.99,3.5,1
326,21.28,82.68,1.83,1.0,0.35,1.39,2.7,1
327,21.27,82.23,1.83,1.0,0.34,1.37,2.69,1
328,22.99,149.22,1.45,1.0,1.1,4.42,4.21,1
329,22.71,138.34,1.51,1.0,0.98,3.92,3.96,1
330,22.23,119.83,1.61,1.0,0.77,3.08,3.54,1
331,22.22,119.34,1.62,1.0,0.77,3.06,3.53,1
332,24.45,206.57,1.12,1.0,1.76,7.03,5.51,1
333,23.78,180.42,1.27,1.0,1.46,5.84,4.92,1
334,23.02,150.4,1.44,1.0,1.12,4.47,4.24,1
335,21.84,104.49,1.7,1.0,0.6,2.39,3.19,1
336,20.61,56.27,1.98,1.0,0.05,0.19,2.1,0
337,21.45,89.0,1.79,1.0,0.42,1.68,2.84,1
338,23.22,158.35,1.4,1.0,1.21,4.83,4.42,1
339,24.87,222.91,1.03,1.0,1.94,7.77,5.88,1
340,22.7,137.86,1.51,1.0,0.98,3.9,3.95,1
341,24.77,219.03,1.05,1.0,1.9,7.59,5.8,1
342,23.71,177.5,1.29,1.0,1.43,5.7,4.85,1
343,21.85,104.9,1.7,1.0,0.6,2.4,3.2,1
344,23.39,165.18,1.36,1.0,1.29,5.14,4.57,1
345,22.33,123.4,1.59,1.0,0.81,3.25,3.62,1
346,24.48,207.83,1.11,1.0,1.77,7.08,5.54,1
347,24.93,225.3,1.02,1.0,1.97,7.88,5.94,1
348,23.24,158.97,1.39,1.0,1.22,4.86,4.43,1
349,21.76,101.23,1.72,1.0,0.56,2.24,3.12,1
350,22.44,127.85,1.57,1.0,0.86,3.45,3.72,1
351,22.76,140.47,1.5,1.0,1.01,4.02,4.01,1
352,24.52,209.22,1.11,1.0,1.79,7.15,5.57,1
353,23.51,169.68,1.33,1.0,1.34,5.35,4.67,1
354,23.14,155.43,1.41,1.0,1.18,4.7,4.35,1
355,22.36,124.82,1.59,1.0,0.83,3.31,3.66,1
356,23.14,155.43,1.41,1.0,1.18,4.7,4.35,1
357,22.62,134.85,1.53,1.0,0.94,3.77,3.88,1
358,21.58,94.3,1.76,1.0,0.48,1.92,2.96,1
359,22.99,149.51,1.45,1.0,1.11,4.43,4.22,1
360,21.79,102.48,1.71,1.0,0.57,2.29,3.15,1
361,24.39,203.96,1.14,1.0,1.73,6.91,5.45,1
362,23.92,185.87,1.24,1.0,1.52,6.09,5.04,1
363,21.22,80.36,1.84,1.0,0.32,1.29,2.64,1
364,21.8,103.03,1.71,1.0,0.58,2.32,3.16,1
365,24.32,201.32,1.15,1.0,1.7,6.79,5.39,1
366,21.85,104.84,1.7,1.0,0.6,2.4,3.2,1
367,20.62,56.89,1.97,1.0,0.06,0.22,2.11,1
368,24.62,212.99,1.09,1.0,1.83,7.32,5.66,1
369,22.79,141.56,1.49,1.0,1.02,4.07,4.04,1
370,24.94,225.8,1.01,1.0,1.98,7.9,5.95,1
371,21.22,80.25,1.84,1.0,0.32,1.28,2.64,1
372,24.33,201.73,1.15,1.0,1.7,6.81,5.4,1
373,23.72,177.84,1.29,1.0,1.43,5.72,4.86,1
374,23.68,176.25,1.29,1.0,1.41,5.65,4.82,1
375,23.12,154.43,1.42,1.0,1.16,4.66,4.33,1
376,23.34,163.21,1.37,1.0,1.26,5.05,4.53,1
377,24.06,191.09,1.21,1.0,1.58,6.32,5.16,1
378,24.74,217.69,1.06,1.0,1.88,7.53,5.77,1
379,24.17,195.69,1.18,1.0,1.63,6.53,5.27,1
380,23.1,153.63,1.42,1.0,1.15,4.62,4.31,1
381,22.9,145.93,1.47,1.0,1.07,4.27,4.13,1
382,20.9,67.72,1.91,1.0,0.18,0.71,2.36,1
383,24.41,204.87,1.13,1.0,1.74,6.95,5.47,1
384,21.49,90.64,1.78,1.0,0.44,1.76,2.88,1
385,21.95,108.79,1.68,1.0,0.65,2.58,3.29,1
386,24.22,197.67,1.17,1.0,1.66,6.62,5.31,1
387,20.71,60.38,1.95,1.0,0.1,0.38,2.19,0
388,24.88,223.28,1.03,1.0,1.95,7.79,5.89,1
389,22.84,143.59,1.48,1.0,1.04,4.16,4.08,1
390,24.39,204.31,1.13,1.0,1.73,6.92,5.46,1
391,23.04,151.2,1.44,1.0,1.13,4.51,4.25,1
392,21.16,77.69,1.85,1.0,0.29,1.17,2.58,1
393,23.9,184.99,1.24,1.0,1.51,6.05,5.02,1
394,20.94,69.16,1.9,1.0,0.19,0.78,2.39,1
395,20.8,63.84,1.93,1.0,0.13,0.54,2.27,0
396,22.19,117.95,1.63,1.0,0.75,3.0,3.5,1
397,21.08,74.53,1.87,1.0,0.26,1.02,2.51,1
398,23.05,151.73,1.43,1.0,1.13,4.53,4.27,1
399,24.32,201.59,1.15,1.0,1.7,6.8,5.4,1
400,23.68,176.24,1.29,1.0,1.41,5.65,4.82,1
401,22.34,124.1,1.59,1.0,0.82,3.28,3.64,1
402,21.09,75.26,1.87,1.0,0.26,1.06,2.53,1
403,21.6,95.1,1.76,1.0,0.49,1.96,2.98,1
404,23.83,182.29,1.26,1.0,1.48,5.92,4.96,1
405,23.75,179.26,1.28,1.0,1.45,5.78,4.89,1
406,22.91,146.37,1.46,1.0,1.07,4.29,4.14,1
407,24.69,215.8,1.07,1.0,1.86,7.45,5.72,1
408,22.3,122.43,1.6,1.0,0.8,3.2,3.6,1
409,22.59,133.82,1.54,1.0,0.93,3.72,3.86,1
410,21.01,72.01,1.89,1.0,0.23,0.91,2.45,1
411,21.83,103.9,1.71,1.0,0.59,2.36,3.18,1
412,22.15,116.42,1.63,1.0,0.73,2.93,3.46,1
413,20.59,55.61,1.98,1.0,0.04,0.16,2.08,0
414,24.1,192.71,1.2,1.0,1.6,6.4,5.2,1
415,20.69,59.51,1.96,1.0,0.09,0.34,2.17,1
416,23.92,185.72,1.24,1.0,1.52,6.08,5.04,1
417,22.75,140.19,1.5,1.0,1.0,4.01,4.0,1
418,23.33,162.84,1.37,1.0,1.26,5.04,4.52,1
419,22.16,116.93,1.63,1.0,0.74,2.95,3.48,1
420,21.64,96.67,1.75,1.0,0.51,2.03,3.02,1
421,24.0,188.95,1.22,1.0,1.56,6.22,5.11,1
422,22.79,141.73,1.49,1.0,1.02,4.08,4.04,1
423,22.06,112.97,1.65,1.0,0.69,2.77,3.39,1
424,21.14,76.88,1.86,1.0,0.28,1.13,2.57,1
425,21.55,93.17,1.77,1.0,0.47,1.87,2.94,1
426,21.84,104.37,1.7,1.0,0.6,2.38,3.19,1
427,23.7,177.13,1.29,1.0,1.42,5.69,4.84,1
428,21.02,72.53,1.88,1.0,0.23,0.93,2.47,1
429,21.99,110.22,1.67,1.0,0.66,2.65,3.32,1
430,21.49,90.65,1.78,1.0,0.44,1.76,2.88,1
431,23.06,152.12,1.43,1.0,1.14,4.55,4.28,1
432,24.56,210.63,1.1,1.0,1.8,7.21,5.61,1
433,24.34,202.3,1.15,1.0,1.71,6.83,5.42,1
434,22.39,126.1,1.58,1.0,0.84,3.37,3.68,1
435,21.92,107.58,1.68,1.0,0.63,2.53,3.26,1
436,22.71,138.62,1.51,1.0,0.98,3.94,3.97,1
437,24.58,211.47,1.09,1.0,1.81,7.25,5.62,1
438,22.35,124.27,1.59,1.0,0.82,3.29,3.64,1
439,24.96,226.42,1.01,1.0,1.98,7.93,5.96,1
440,22.26,120.96,1.61,1.0,0.78,3.13,3.57,1
441,22.5,130.12,1.56,1.0,0.89,3.55,3.78,1
442,24.99,227.76,1.0,1.0,2.0,7.99,5.99,1
443,22.12,115.37,1.64,1.0,0.72,2.88,3.44,1
444,21.66,97.21,1.74,1.0,0.51,2.06,3.03,1
445,21.68,98.13,1.74,1.0,0.52,2.1,3.05,1
446,22.06,113.18,1.65,1.0,0.7,2.78,3.39,1
447,21.91,106.98,1.69,1.0,0.62,2.5,3.25,1
448,23.42,166.05,1.35,1.0,1.3,5.18,4.59,1
449,24.64,213.86,1.08,1.0,1.84,7.36,5.68,1
450,20.74,61.29,1.95,1.0,0.11,0.42,2.21,0
451,24.97,226.92,1.01,1.0,1.99,7.95,5.98,1
452,24.98,227.1,1.01,1.0,1.99,7.96,5.98,1
453,24.18,196.02,1.18,1.0,1.64,6.55,5.27,1
454,22.62,135.0,1.53,1.0,0.94,3.77,3.89,1
455,23.27,160.19,1.39,1.0,1.23,4.92,4.46,1
456,24.48,207.7,1.12,1.0,1.77,7.08,5.54,1
457,24.4,204.68,1.13,1.0,1.74,6.94,5.47,1
458,21.15,77.39,1.86,1.0,0.29,1.15,2.58,1
459,22.89,145.62,1.47,1.0,1.06,4.26,4.13,1
460,22.82,142.65,1.48,1.0,1.03,4.12,4.06,1
461,22.35,124.46,1.59,1.0,0.82,3.29,3.65,1
462,23.59,173.0,1.31,1.0,1.38,5.5,4.75,1
463,21.2,79.55,1.84,1.0,0.31,1.25,2.63,1
464,22.48,129.31,1.56,1.0,0.88,3.51,3.76,1
465,21.55,92.9,1.77,1.0,0.46,1.86,2.93,1
466,21.45,88.99,1.79,1.0,0.42,1.68,2.84,1
467,21.46,89.73,1.79,1.0,0.43,1.71,2.86,1
468,23.14,155.27,1.41,1.0,1.17,4.69,4.35,1
469,21.22,80.21,1.84,1.0,0.32,1.28,2.64,1
470,24.45,206.47,1.12,1.0,1.76,7.02,5.51,1
471,23.12,154.58,1.42,1.0,1.17,4.66,4.33,1
472,20.53,53.34,1.99,1.0,0.02,0.06,2.03,0
473,24.93,225.3,1.02,1.0,1.97,7.88,5.94,1
474,23.89,184.46,1.25,1.0,1.51,6.02,5.01,1
475,22.75,139.99,1.5,1.0,1.0,4.0,4.0,1
476,24.58,211.42,1.09,1.0,1.81,7.25,5.62,1
477,21.9,106.57,1.69,1.0,0.62,2.48,3.24,1
478,21.31,83.55,1.82,1.0,0.36,1.43,2.72,1
479,24.48,207.83,1.11,1.0,1.77,7.08,5.54,1
480,24.73,217.41,1.06,1.0,1.88,7.52,5.76,1
481,22.31,122.92,1.6,1.0,0.81,3.22,3.61,1
482,20.61,56.22,1.98,1.0,0.05,0.19,2.1,0
483,21.94,108.33,1.68,1.0,0.64,2.56,3.28,1
484,21.6,95.05,1.76,1.0,0.49,1.96,2.98,1
485,24.44,206.17,1.12,1.0,1.75,7.01,5.5,1
486,20.73,60.9,1.95,1.0,0.1,0.4,2.2,0
487,23.98,188.18,1.23,1.0,1.55,6.19,5.09,1
488,22.59,133.88,1.53,1.0,0.93,3.72,3.86,1
489,22.82,142.83,1.48,1.0,1.03,4.13,4.06,1
490,24.39,204.25,1.13,1.0,1.73,6.92,5.46,1
491,22.79,141.5,1.49,1.0,1.02,4.07,4.03,1
492,20.75,61.96,1.94,1.0,0.11,0.45,2.23,0
493,20.88,66.83,1.92,1.0,0.17,0.67,2.34,1
494,21.51,91.34,1.78,1.0,0.45,1.79,2.89,1
495,22.78,141.02,1.49,1.0,1.01,4.05,4.02,1
496,24.85,222.03,1.03,1.0,1.93,7.73,5.86,1
497,22.24,120.14,1.61,1.0,0.77,3.1,3.55,1
498,23.1,153.69,1.42,1.0,1.16,4.62,4.31,1
499,23.22,158.46,1.4,1.0,1.21,4.84,4.42,1
500,24.32,201.34,1.15,1.0,1.7,6.79,5.39,1
501,21.04,73.09,1.88,1.0,0.24,0.96,2.48,1
502,21.09,74.9,1.87,1.0,0.26,1.04,2.52,1
503,21.84,104.31,1.7,1.0,0.59,2.38,3.19,1
504,24.56,210.66,1.1,1.0,1.8,7.21,5.61,1
505,21.81,103.19,1.71,1.0,0.58,2.33,3.16,1
506,24.82,221.01,1.04,1.0,1.92,7.68,5.84,1
507,22.58,133.4,1.54,1.0,0.93,3.7,3.85,1
508,20.82,64.58,1.93,1.0,0.14,0.57,2.29,0
509,21.1,75.34,1.87,1.0,0.27,1.06,2.53,1
510,23.72,177.83,1.29,1.0,1.43,5.72,4.86,1
511,24.03,190.02,1.22,1.0,1.57,6.27,5.14,1
512,23.05,151.86,1.43,1.0,1.13,4.54,4.27,1
513,22.24,120.2,1.61,1.0,0.77,3.1,3.55,1
514,20.55,53.93,1.99,1.0,0.02,0.09,2.04,0
515,24.9,224.2,1.02,1.0,1.96,7.83,5.91,1
516,21.36,85.53,1.81,1.0,0.38,1.52,2.76,1
517,22.46,128.82,1.56,1.0,0.87,3.49,3.75,1
518,22.49,129.89,1.56,1.0,0.89,3.54,3.77,1
519,22.13,115.73,1.64,1.0,0.72,2.9,3.45,1
520,20.69,59.5,1.96,1.0,0.09,0.34,2.17,1
521,23.56,171.58,1.32,1.0,1.36,5.44,4.72,1
522,23.54,171.0,1.32,1.0,1.35,5.41,4.7,1
523,21.9,106.88,1.69,1.0,0.62,2.49,3.25,1
524,22.12,115.19,1.64,1.0,0.72,2.87,3.44,1
525,22.46,128.58,1.56,1.0,0.87,3.48,3.74,1
526,23.7,177.06,1.29,1.0,1.42,5.68,4.84,1
527,22.79,141.54,1.49,1.0,1.02,4.07,4.04,1
528,21.42,87.95,1.8,1.0,0.41,1.63,2.82,1
529,24.83,221.47,1.04,1.0,1.93,7.7,5.85,1
530,21.87,105.52,1.7,1.0,0.61,2.43,3.22,1
531,21.21,79.81,1.84,1.0,0.32,1.26,2.63,1
532,24.21,197.04,1.18,1.0,1.65,6.59,5.3,1
533,23.82,181.73,1.26,1.0,1.47,5.9,4.95,1
534,22.47,129.22,1.56,1.0,0.88,3.51,3.76,1
535,22.73,139.09,1.51,1.0,0.99,3.96,3.98,1
536,21.06,73.84,1.88,1.0,0.25,0.99,2.5,1
537,21.94,108.23,1.68,1.0,0.64,2.56,3.28,1
538,24.35,202.55,1.14,1.0,1.71,6.84,5.42,1
539,22.28,121.79,1.6,1.0,0.79,3.17,3.59,1
540,23.11,154.09,1.42,1.0,1.16,4.64,4.32,1
541,21.1,75.56,1.87,1.0,0.27,1.07,2.54,1
542,21.87,105.54,1.7,1.0,0.61,2.43,3.22,1
543,22.77,140.66,1.5,1.0,1.01,4.03,4.01,1
544,22.28,121.75,1.6,1.0,0.79,3.17,3.59,1
545,23.33,162.72,1.37,1.0,1.26,5.03,4.52,1
546,22.27,121.23,1.61,1.0,0.79,3.15,3.57,1
547,24.6,212.46,1.09,1.0,1.82,7.29,5.65,1
548,24.97,226.95,1.01,1.0,1.99,7.95,5.98,1
549,24.29,200.3,1.16,1.0,1.69,6.74,5.37,1
550,23.5,169.21,1.33,1.0,1.33,5.33,4.66,1
551,24.4,204.61,1.13,1.0,1.73,6.94,5.47,1
552,23.39,164.98,1.36,1.0,1.28,5.14,4.57,1
553,21.89,106.38,1.69,1.0,0.62,2.47,3.24,1
554,22.4,126.43,1.58,1.0,0.85,3.38,3.69,1
555,20.77,62.37,1.94,1.0,0.12,0.47,2.24,0
556,23.07,152.35,1.43,1.0,1.14,4.56,4.28,1
557,22.87,144.68,1.47,1.0,1.05,4.21,4.11,1
558,21.68,98.04,1.74,1.0,0.52,2.09,3.05,1
559,23.7,177.19,1.29,1.0,1.42,5.69,4.85,1
560,22.68,137.22,1.52,1.0,0.97,3.87,3.94,1
561,24.8,220.21,1.04,1.0,1.91,7.65,5.82,1
562,21.26,81.81,1.83,1.0,0.34,1.35,2.68,1
563,23.25,159.67,1.39,1.0,1.22,4.89,4.45,1
564,24.84,221.89,1.03,1.0,1.93,7.72,5.86,1
565,22.89,145.51,1.47,1.0,1.06,4.25,4.13,1
566,24.79,219.8,1.05,1.0,1.91,7.63,5.81,1
567,23.81,181.34,1.27,1.0,1.47,5.88,4.94,1
568,20.79,63.48,1.93,1.0,0.13,0.52,2.26,0
569,20.53,53.04,1.99,1.0,0.01,0.05,2.02,0
570,21.03,72.87,1.88,1.0,0.24,0.95,2.47,1
571,24.85,222.28,1.03,1.0,1.94,7.74,5.87,1
572,24.96,226.36,1.01,1.0,1.98,7.93,5.96,1
573,23.46,167.83,1.34,1.0,1.32,5.26,4.63,1
574,23.03,150.96,1.44,1.0,1.12,4.5,4.25,1
575,22.5,130.18,1.56,1.0,0.89,3.55,3.78,1
576,23.99,188.64,1.22,1.0,1.55,6.21,5.11,1
577,24.35,202.58,1.14,1.0,1.71,6.84,5.42,1
578,24.82,220.92,1.04,1.0,1.92,7.68,5.84,1
579,23.34,163.07,1.37,1.0,1.26,5.05,4.52,1
580,24.91,224.53,1.02,1.0,1.96,7.84,5.92,1
581,22.11,115.0,1.64,1.0,0.72,2.86,3.43,1
582,24.94,225.71,1.01,1.0,1.97,7.9,5.95,1
583,21.6,95.14,1.75,1.0,0.49,1.96,2.98,1
584,23.37,164.22,1.36,1.0,1.28,5.1,4.55,1
585,23.32,162.39,1.37,1.0,1.25,5.02,4.51,1
586,20.98,70.71,1.89,1.0,0.21,0.85,2.43,1
587,22.31,122.89,1.6,1.0,0.81,3.22,3.61,1
588,23.33,162.85,1.37,1.0,1.26,5.04,4.52,1
589,24.17,195.35,1.19,1.0,1.63,6.52,5.26,1
590,23.69,176.89,1.29,1.0,1.42,5.68,4.84,1
591,22.12,115.26,1.64,1.0,0.72,2.88,3.44,1
592,21.45,89.07,1.79,1.0,0.42,1.68,2.84,1
593,21.24,80.81,1.84,1.0,0.33,1.31,2.65,1
594,22.77,140.82,1.5,1.0,1.01,4.04,4.02,1
595,21.81,103.09,1.71,1.0,0.58,2.32,3.16,1
596,20.93,68.94,1.9,1.0,0.19,0.77,2.38,1
597,21.64,96.51,1.75,1.0,0.51,2.02,3.01,1
598,22.81,142.41,1.49,1.0,1.03,4.11,4.05,1
599,24.98,227.11,1.01,1.0,1.99,7.96,5.98,1
600,22.88,145.03,1.47,1.0,1.06,4.23,4.11,1
601,24.48,207.47,1.12,1.0,1.77,7.07,5.53,1
602,22.86,144.27,1.48,1.0,1.05,4.19,4.1,1
603,23.02,150.65,1.44,1.0,1.12,4.48,4.24,1
604,22.09,114.37,1.65,1.0,0.71,2.84,3.42,1
605,23.42,166.25,1.35,1.0,1.3,5.19,4.6,1
606,21.81,103.21,1.71,1.0,0.58,2.33,3.16,1
607,21.73,100.07,1.73,1.0,0.55,2.18,3.09,1
608,23.19,157.24,1.4,1.0,1.2,4.78,4.39,1
609,21.94,108.22,1.68,1.0,0.64,2.56,3.28,1
610,22.94,147.35,1.46,1.0,1.08,4.33,4.17,1
611,24.89,223.8,1.02,1.0,1.95,7.81,5.9,1
612,21.09,75.0,1.87,1.0,0.26,1.05,2.52,1
613,21.9,106.71,1.69,1.0,0.62,2.49,3.24,1
614,22.26,120.82,1.61,1.0,0.78,3.13,3.56,1
615,24.72,217.08,1.06,1.0,1.88,7.5,5.75,1
616,24.58,211.41,1.09,1.0,1.81,7.25,5.62,1
617,24.98,227.33,1.0,1.0,1.99,7.97,5.98,1
618,21.4,87.05,1.8,1.0,0.4,1.59,2.8,1
619,23.96,187.17,1.23,1.0,1.54,6.14,5.07,1
620,22.5,130.12,1.56,1.0,0.89,3.55,3.78,1
621,23.0,149.6,1.45,1.0,1.11,4.44,4.22,1
622,24.42,205.49,1.13,1.0,1.74,6.98,5.49,1
623,23.78,180.14,1.27,1.0,1.46,5.82,4.91,1
624,23.72,177.98,1.28,1.0,1.43,5.73,4.86,1
625,22.9,145.88,1.47,1.0,1.07,4.27,4.13,1
626,23.38,164.8,1.36,1.0,1.28,5.13,4.56,1
627,21.8,102.74,1.71,1.0,0.58,2.31,3.15,1
628,23.47,168.28,1.34,1.0,1.32,5.29,4.64,1
629,22.77,140.68,1.5,1.0,1.01,4.03,4.02,1
630,21.95,108.9,1.68,1.0,0.65,2.59,3.29,1
631,23.08,152.9,1.43,1.0,1.15,4.59,4.29,1
632,22.04,112.17,1.66,1.0,0.68,2.73,3.37,1
633,22.47,129.23,1.56,1.0,0.88,3.51,3.76,1
634,23.32,162.28,1.37,1.0,1.25,5.01,4.51,1
635,23.73,178.44,1.28,1.0,1.44,5.75,4.87,1
636,21.76,101.19,1.72,1.0,0.56,2.24,3.12,1
637,20.87,66.65,1.92,1.0,0.17,0.67,2.33,1
638,23.61,173.74,1.31,1.0,1.38,5.53,4.77,1
639,21.19,78.92,1.85,1.0,0.31,1.22,2.61,1
640,22.86,144.28,1.48,1.0,1.05,4.19,4.1,1
641,21.44,88.57,1.79,1.0,0.42,1.66,2.83,1
642,21.33,84.56,1.81,1.0,0.37,1.48,2.74,1
643,20.59,55.68,1.98,1.0,0.04,0.17,2.08,0
644,21.16,77.92,1.85,1.0,0.29,1.18,2.59,1
645,21.21,79.73,1.84,1.0,0.32,1.26,2.63,1
646,21.15,77.5,1.86,1.0,0.29,1.16,2.58,1
647,23.29,161.16,1.38,1.0,1.24,4.96,4.48,1
648,24.16,195.24,1.19,1.0,1.63,6.51,5.26,1
649,22.0,110.5,1.67,1.0,0.66,2.66,3.33,1
650,22.18,117.8,1.63,1.0,0.75,2.99,3.5,1
651,21.95,108.66,1.68,1.0,0.64,2.58,3.29,1
652,21.02,72.16,1.89,1.0,0.23,0.92,2.46,1
653,22.91,146.38,1.46,1.0,1.07,4.29,4.15,1
654,20.61,56.13,1.98,1.0,0.05,0.19,2.09,0
655,23.6,173.25,1.31,1.0,1.38,5.51,4.76,1
656,24.77,218.83,1.05,1.0,1.9,7.58,5.79,1
657,21.64,96.4,1.75,1.0,0.5,2.02,3.01,1
658,23.04,151.2,1.44,1.0,1.13,4.51,4.25,1
659,22.93,147.2,1.46,1.0,1.08,4.33,4.16,1
660,24.05,190.72,1.21,1.0,1.58,6.31,5.15,1
661,22.2,118.38,1.62,1.0,0.75,3.02,3.51,1
662,24.42,205.13,1.13,1.0,1.74,6.96,5.48,1
663,20.54,53.55,1.99,1.0,0.02,0.07,2.04,0
664,20.66,58.17,1.96,1.0,0.07,0.28,2.14,1
665,22.77,140.9,1.49,1.0,1.01,4.04,4.02,1
666,22.02,111.5,1.66,1.0,0.68,2.7,3.35,1
667,23.51,169.82,1.33,1.0,1.34,5.36,4.68,1
668,23.28,160.56,1.38,1.0,1.23,4.93,4.47,1
669,23.61,173.72,1.31,1.0,1.38,5.53,4.77,1
670,24.99,227.62,1.0,1.0,2.0,7.98,5.99,1
671,24.44,205.96,1.13,1.0,1.75,7.0,5.5,1
672,22.63,135.12,1.53,1.0,0.94,3.78,3.89,1
673,24.19,196.15,1.18,1.0,1.64,6.55,5.28,1
674,22.38,125.53,1.58,1.0,0.84,3.34,3.67,1
675,20.75,61.9,1.94,1.0,0.11,0.45,2.22,0
676,21.55,93.0,1.77,1.0,0.47,1.86,2.93,1
677,23.88,184.36,1.25,1.0,1.5,6.02,5.01,1
678,22.64,135.89,1.52,1.0,0.95,3.81,3.91,1
679,21.45,89.0,1.79,1.0,0.42,1.68,2.84,1
680,22.48,129.36,1.56,1.0,0.88,3.52,3.76,1
681,22.87,144.87,1.47,1.0,1.06,4.22,4.11,1
682,24.77,218.85,1.05,1.0,1.9,7.58,5.79,1
683,23.33,162.59,1.37,1.0,1.26,5.03,4.51,1
684,22.66,136.42,1.52,1.0,0.96,3.84,3.92,1
685,21.13,76.64,1.86,1.0,0.28,1.12,2.56,1
686,24.17,195.6,1.18,1.0,1.63,6.53,5.26,1
687,23.76,179.59,1.28,1.0,1.45,5.8,4.9,1
688,21.67,97.68,1.74,1.0,0.52,2.08,3.04,1
689,23.18,157.0,1.4,1.0,1.19,4.77,4.39,1
690,22.43,127.62,1.57,1.0,0.86,3.44,3.72,1
691,22.71,138.28,1.51,1.0,0.98,3.92,3.96,1
692,22.85,143.84,1.48,1.0,1.04,4.17,4.09,1
693,23.81,181.32,1.27,1.0,1.47,5.88,4.94,1
694,24.18,196.04,1.18,1.0,1.64,6.55,5.27,1
695,21.36,85.54,1.81,1.0,0.38,1.52,2.76,1
696,22.65,136.02,1.52,1.0,0.95,3.82,3.91,1
697,24.03,190.05,1.22,1.0,1.57,6.28,5.14,1
698,23.88,184.03,1.25,1.0,1.5,6.0,5.0,1
699,23.84,182.56,1.26,1.0,1.48,5.93,4.97,1
700,22.29,121.86,1.6,1.0,0.79,3.18,3.59,1
701,24.54,210.08,1.1,1.0,1.8,7.19,5.59,1
702,21.67,97.63,1.74,1.0,0.52,2.07,3.04,1
703,23.58,172.48,1.32,1.0,1.37,5.48,4.74,1
704,24.06,191.29,1.21,1.0,1.58,6.33,5.17,1
705,20.55,54.04,1.99,1.0,0.02,0.09,2.05,0
706,20.95,69.74,1.9,1.0,0.2,0.81,2.4,1
707,22.25,120.26,1.61,1.0,0.78,3.1,3.55,1
708,21.04,73.17,1.88,1.0,0.24,0.96,2.48,1
709,22.68,137.41,1.51,1.0,0.97,3.88,3.94,1
710,23.93,186.24,1.24,1.0,1.53,6.1,5.05,1
711,24.87,222.99,1.03,1.0,1.94,7.77,5.89,1
712,21.38,86.29,1.81,1.0,0.39,1.56,2.78,1
713,24.8,220.09,1.04,1.0,1.91,7.64,5.82,1
714,22.34,123.81,1.59,1.0,0.82,3.26,3.63,1
715,22.6,134.27,1.53,1.0,0.93,3.74,3.87,1
716,24.18,195.9,1.18,1.0,1.64,6.54,5.27,1
717,22.31,122.89,1.6,1.0,0.81,3.22,3.61,1
718,24.82,221.09,1.04,1.0,1.92,7.69,5.84,1
719,21.82,103.49,1.71,1.0,0.59,2.34,3.17,1
720,23.73,178.43,1.28,1.0,1.44,5.75,4.87,1
721,22.12,115.34,1.64,1.0,0.72,2.88,3.44,1
722,24.22,197.67,1.17,1.0,1.66,6.62,5.31,1
723,23.82,181.8,1.26,1.0,1.48,5.9,4.95,1
724,23.29,161.02,1.38,1.0,1.24,4.96,4.48,1
725,21.52,91.92,1.77,1.0,0.45,1.81,2.91,1
726,24.88,223.29,1.03,1.0,1.95,7.79,5.89,1
727,24.29,200.21,1.16,1.0,1.68,6.74,5.37,1
728,24.04,190.46,1.21,1.0,1.57,6.29,5.15,1
729,22.85,143.81,1.48,1.0,1.04,4.17,4.09,1
730,24.53,209.48,1.11,1.0,1.79,7.16,5.58,1
731,21.78,102.17,1.71,1.0,0.57,2.28,3.14,1
732,20.99,71.26,1.89,1.0,0.22,0.88,2.44,1
733,21.05,73.69,1.88,1.0,0.25,0.99,2.49,1
734,23.79,180.78,1.27,1.0,1.46,5.85,4.93,1
735,21.73,100.14,1.73,1.0,0.55,2.19,3.09,1
736,23.13,155.04,1.41,1.0,1.17,4.68,4.34,1
737,20.77,62.71,1.94,1.0,0.12,0.49,2.24,0
738,23.25,159.37,1.39,1.0,1.22,4.88,4.44,1
739,24.02,189.74,1.22,1.0,1.57,6.26,5.13,1
740,20.92,68.24,1.91,1.0,0.18,0.74,2.37,1
741,21.68,98.28,1.74,1.0,0.53,2.1,3.05,1
742,22.7,138.15,1.51,1.0,0.98,3.92,3.96,1
743,20.63,57.22,1.97,1.0,0.06,0.24,2.12,1
744,23.13,154.86,1.42,1.0,1.17,4.68,4.34,1
745,21.53,92.19,1.77,1.0,0.46,1.83,2.91,1
746,23.2,157.66,1.4,1.0,1.2,4.8,4.4,1
747,24.35,202.73,1.14,1.0,1.71,6.85,5.43,1
748,21.07,74.32,1.87,1.0,0.25,1.01,2.51,1
749,24.78,219.27,1.05,1.0,1.9,7.6,5.8,1
750,22.05,112.44,1.66,1.0,0.69,2.75,3.37,1
751,20.82,64.61,1.93,1.0,0.14,0.57,2.29,0
752,21.02,72.18,1.89,1.0,0.23,0.92,2.46,1
753,23.7,177.05,1.29,1.0,1.42,5.68,4.84,1
754,23.37,164.16,1.36,1.0,1.27,5.1,4.55,1
755,20.68,58.85,1.96,1.0,0.08,0.31,2.16,1
756,21.79,102.42,1.71,1.0,0.57,2.29,3.15,1
757,23.49,168.76,1.34,1.0,1.33,5.31,4.65,1
758,23.43,166.56,1.35,1.0,1.3,5.21,4.6,1
759,22.42,127.23,1.57,1.0,0.85,3.42,3.71,1
760,23.78,180.23,1.27,1.0,1.46,5.83,4.91,1
761,23.63,174.54,1.3,1.0,1.39,5.57,4.78,1
762,21.6,94.94,1.76,1.0,0.49,1.95,2.98,1
763,23.21,158.12,1.4,1.0,1.21,4.82,4.41,1
764,21.8,102.82,1.71,1.0,0.58,2.31,3.15,1
765,22.75,140.06,1.5,1.0,1.0,4.0,4.0,1
766,21.04,73.03,1.88,1.0,0.24,0.96,2.48,1
767,22.55,132.09,1.54,1.0,0.91,3.64,3.82,1
768,24.7,216.39,1.07,1.0,1.87,7.47,5.74,1
769,20.59,55.36,1.98,1.0,0.04,0.15,2.08,0
770,21.16,77.81,1.85,1.0,0.29,1.17,2.59,1
771,20.84,65.24,1.92,1.0,0.15,0.6,2.3,0
772,22.9,145.84,1.47,1.0,1.07,4.27,4.13,1
773,24.51,208.79,1.11,1.0,1.78,7.13,5.56,1
774,24.09,192.48,1.2,1.0,1.6,6.39,5.19,1
775,23.93,186.0,1.24,1.0,1.52,6.09,5.05,1
776,23.16,156.07,1.41,1.0,1.18,4.73,4.37,1
777,24.34,202.29,1.15,1.0,1.71,6.83,5.42,1
778,22.67,136.79,1.52,1.0,0.96,3.85,3.93,1
779,22.27,121.19,1.61,1.0,0.79,3.14,3.57,1
780,21.17,78.08,1.85,1.0,0.3,1.19,2.59,1
781,23.02,150.43,1.44,1.0,1.12,4.47,4.24,1
782,21.74,100.66,1.72,1.0,0.55,2.21,3.11,1
783,20.94,69.07,1.9,1.0,0.19,0.78,2.39,1
784,20.92,68.33,1.91,1.0,0.19,0.74,2.37,1
785,21.15,77.29,1.86,1.0,0.29,1.15,2.57,1
786,21.74,100.55,1.72,1.0,0.55,2.21,3.1,1
787,22.36,124.6,1.59,1.0,0.82,3.3,3.65,1
788,21.58,94.38,1.76,1.0,0.48,1.93,2.96,1
789,23.82,181.69,1.26,1.0,1.47,5.9,4.95,1
790,22.78,141.16,1.49,1.0,1.01,4.05,4.03,1
791,23.59,173.01,1.31,1.0,1.38,5.5,4.75,1
792,21.47,90.04,1.78,1.0,0.43,1.73,2.86,1
793,22.12,115.22,1.64,1.0,0.72,2.87,3.44,1
794,20.96,70.14,1.9,1.0,0.21,0.82,2.41,1
795,20.73,61.17,1.95,1.0,0.1,0.42,2.21,0
796,24.99,227.68,1.0,1.0,2.0,7.99,5.99,1
797,20.94,69.15,1.9,1.0,0.19,0.78,2.39,1
798,22.55,132.1,1.54,1.0,0.91,3.64,3.82,1
799,23.37,164.14,1.36,1.0,1.27,5.1,4.55,1
800,22.83,143.25,1.48,1.0,1.04,4.15,4.07,1
801,21.09,75.2,1.87,1.0,0.26,1.05,2.53,1
802,22.39,125.86,1.58,1.0,0.84,3.36,3.68,1
803,23.41,165.72,1.35,1.0,1.29,5.17,4.58,1
804,22.37,125.01,1.59,1.0,0.83,3.32,3.66,1
805,24.28,200.02,1.16,1.0,1.68,6.73,5.36,1
806,23.27,160.2,1.39,1.0,1.23,4.92,4.46,1
807,22.41,126.79,1.58,1.0,0.85,3.4,3.7,1
808,22.7,138.2,1.51,1.0,0.98,3.92,3.96,1
809,23.4,165.3,1.36,1.0,1.29,5.15,4.57,1
810,20.81,64.12,1.93,1.0,0.14,0.55,2.28,0
811,20.97,70.38,1.9,1.0,0.21,0.84,2.42,1
812,21.83,104.19,1.7,1.0,0.59,2.37,3.19,1
813,24.82,221.04,1.04,1.0,1.92,7.68,5.84,1
814,21.63,96.12,1.75,1.0,0.5,2.01,3.0,1
815,23.52,170.26,1.33,1.0,1.34,5.38,4.69,1
816,20.66,58.23,1.96,1.0,0.07,0.28,2.14,1
817,21.12,76.39,1.86,1.0,0.28,1.11,2.55,1
818,20.83,65.08,1.93,1.0,0.15,0.59,2.3,0
819,21.22,80.04,1.84,1.0,0.32,1.27,2.64,1
820,23.62,174.0,1.31,1.0,1.39,5.55,4.77,1
821,21.5,91.2,1.78,1.0,0.45,1.78,2.89,1
822,22.84,143.41,1.48,1.0,1.04,4.15,4.08,1
823,24.02,189.73,1.22,1.0,1.57,6.26,5.13,1
824,24.07,191.79,1.21,1.0,1.59,6.35,5.18,1
825,22.5,130.32,1.56,1.0,0.89,3.56,3.78,1
826,22.95,147.86,1.46,1.0,1.09,4.36,4.18,1
827,21.95,108.65,1.68,1.0,0.64,2.58,3.29,1
828,23.59,172.84,1.31,1.0,1.37,5.49,4.75,1
829,22.81,142.21,1.49,1.0,1.03,4.1,4.05,1
830,21.03,72.6,1.88,1.0,0.23,0.94,2.47,1
831,21.01,72.01,1.89,1.0,0.23,0.91,2.45,1
832,23.56,171.81,1.32,1.0,1.36,5.45,4.72,1
833,22.88,145.21,1.47,1.0,1.06,4.24,4.12,1
834,20.7,59.65,1.96,1.0,0.09,0.35,2.17,1
835,23.86,183.4,1.25,1.0,1.49,5.97,4.99,1
836,21.22,80.0,1.84,1.0,0.32,1.27,2.64,1
837,22.19,118.08,1.62,1.0,0.75,3.0,3.5,1
838,21.86,105.17,1.7,1.0,0.6,2.42,3.21,1
839,23.17,156.42,1.41,1.0,1.19,4.75,4.37,1
840,22.43,127.63,1.57,1.0,0.86,3.44,3.72,1
841,23.72,177.98,1.28,1.0,1.43,5.73,4.86,1
842,20.51,52.36,2.0,1.0,0.0,0.02,2.01,0
843,23.36,163.76,1.36,1.0,1.27,5.08,4.54,1
844,22.89,145.37,1.47,1.0,1.06,4.24,4.12,1
845,24.85,222.29,1.03,1.0,1.94,7.74,5.87,1
846,24.58,211.61,1.09,1.0,1.81,7.25,5.63,1
847,24.12,193.71,1.19,1.0,1.61,6.44,5.22,1
848,24.58,211.42,1.09,1.0,1.81,7.25,5.62,1
849,20.72,60.66,1.95,1.0,0.1,0.39,2.2,0
850,23.91,185.53,1.24,1.0,1.52,6.07,5.03,1
851,21.36,85.81,1.81,1.0,0.38,1.54,2.77,1
852,23.11,154.2,1.42,1.0,1.16,4.65,4.32,1
853,21.94,108.5,1.68,1.0,0.64,2.57,3.28,1
854,23.51,169.57,1.33,1.0,1.34,5.34,4.67,1
855,22.52,131.08,1.55,1.0,0.9,3.59,3.8,1
856,23.91,185.51,1.24,1.0,1.52,6.07,5.03,1
857,22.29,122.2,1.6,1.0,0.8,3.19,3.6,1
858,24.08,191.83,1.21,1.0,1.59,6.36,5.18,1
859,23.52,170.02,1.33,1.0,1.34,5.36,4.68,1
860,24.29,200.42,1.16,1.0,1.69,6.75,5.37,1
861,22.85,144.06,1.48,1.0,1.05,4.18,4.09,1
862,23.25,159.52,1.39,1.0,1.22,4.89,4.44,1
863,23.72,177.92,1.28,1.0,1.43,5.72,4.86,1
864,24.5,208.5,1.11,1.0,1.78,7.11,5.56,1
865,22.68,137.29,1.52,1.0,0.97,3.88,3.94,1
866,22.61,134.44,1.53,1.0,0.94,3.75,3.87,1
867,21.89,106.28,1.69,1.0,0.62,2.47,3.23,1
868,20.99,71.3,1.89,1.0,0.22,0.88,2.44,1
869,22.39,125.79,1.58,1.0,0.84,3.35,3.68,1
870,22.15,116.5,1.63,1.0,0.73,2.93,3.47,1
871,23.77,180.04,1.27,1.0,1.45,5.82,4.91,1
872,20.58,55.04,1.98,1.0,0.03,0.14,2.07,0
873,24.06,191.18,1.21,1.0,1.58,6.33,5.16,1
874,24.65,214.47,1.08,1.0,1.85,7.39,5.69,1
875,23.27,160.53,1.38,1.0,1.23,4.93,4.47,1
876,23.83,182.1,1.26,1.0,1.48,5.91,4.96,1
877,24.11,193.24,1.2,1.0,1.61,6.42,5.21,1
878,23.93,186.32,1.24,1.0,1.53,6.11,5.05,1
879,24.83,221.24,1.04,1.0,1.92,7.69,5.85,1
880,23.26,159.79,1.39,1.0,1.22,4.9,4.45,1
881,21.55,93.03,1.77,1.0,0.47,1.87,2.93,1
882,22.91,146.17,1.46,1.0,1.07,4.28,4.14,1
883,22.74,139.55,1.5,1.0,0.99,3.98,3.99,1
884,23.56,171.62,1.32,1.0,1.36,5.44,4.72,1
885,24.29,200.31,1.16,1.0,1.69,6.74,5.37,1
886,22.85,143.82,1.48,1.0,1.04,4.17,4.09,1
887,21.63,96.38,1.75,1.0,0.5,2.02,3.01,1
888,22.45,128.29,1.57,1.0,0.87,3.47,3.73,1
889,24.11,193.07,1.2,1.0,1.6,6.41,5.21,1
890,22.97,148.76,1.45,1.0,1.1,4.4,4.2,1
891,24.47,207.1,1.12,1.0,1.76,7.05,5.52,1
892,24.18,195.89,1.18,1.0,1.64,6.54,5.27,1
893,22.65,136.03,1.52,1.0,0.95,3.82,3.91,1
894,23.21,157.82,1.4,1.0,1.2,4.81,4.41,1
895,24.58,211.43,1.09,1.0,1.81,7.25,5.62,1
896,24.99,227.62,1.0,1.0,2.0,7.98,5.99,1
897,24.74,217.69,1.06,1.0,1.88,7.53,5.77,1
898,21.52,91.83,1.77,1.0,0.45,1.81,2.91,1
899,24.37,203.35,1.14,1.0,1.72,6.88,5.44,1
900,24.69,215.71,1.07,1.0,1.86,7.44,5.72,1
901,24.4,204.7,1.13,1.0,1.74,6.94,5.47,1
902,23.14,155.14,1.41,1.0,1.17,4.69,4.34,1
903,24.42,205.16,1.13,1.0,1.74,6.96,5.48,1
904,24.17,195.65,1.18,1.0,1.63,6.53,5.26,1
905,21.89,106.51,1.69,1.0,0.62,2.48,3.24,1
906,21.85,104.93,1.7,1.0,0.6,2.41,3.2,1
907,20.59,55.58,1.98,1.0,0.04,0.16,2.08,0
908,20.72,60.72,1.95,1.0,0.1,0.4,2.2,0
909,20.64,57.67,1.97,1.0,0.06,0.26,2.13,1
910,21.18,78.64,1.85,1.0,0.3,1.21,2.61,1
911,20.76,62.02,1.94,1.0,0.11,0.46,2.23,0
912,23.74,178.66,1.28,1.0,1.44,5.76,4.88,1
913,22.84,143.69,1.48,1.0,1.04,4.17,4.08,1
914,22.15,116.62,1.63,1.0,0.73,2.94,3.47,1
915,21.11,75.88,1.86,1.0,0.27,1.09,2.54,1
916,23.03,150.91,1.44,1.0,1.12,4.5,4.25,1
917,21.96,109.16,1.68,1.0,0.65,2.6,3.3,1
918,23.85,182.96,1.26,1.0,1.49,5.95,4.98,1
919,23.54,170.98,1.32,1.0,1.35,5.41,4.7,1
920,20.97,70.57,1.89,1.0,0.21,0.84,2.42,1
921,23.45,167.56,1.34,1.0,1.31,5.25,4.63,1
922,23.11,154.1,1.42,1.0,1.16,4.64,4.32,1
923,23.39,164.98,1.36,1.0,1.28,5.14,4.57,1
924,22.77,140.73,1.5,1.0,1.01,4.03,4.02,1
925,22.87,144.74,1.47,1.0,1.05,4.22,4.11,1
926,23.59,172.82,1.31,1.0,1.37,5.49,4.75,1
927,21.34,84.88,1.81,1.0,0.37,1.49,2.75,1
928,24.41,205.06,1.13,1.0,1.74,6.96,5.48,1
929,23.49,169.06,1.33,1.0,1.33,5.32,4.66,1
930,24.63,213.64,1.08,1.0,1.84,7.35,5.67,1
931,24.56,210.61,1.1,1.0,1.8,7.21,5.6,1
932,23.59,172.83,1.31,1.0,1.37,5.49,4.75,1
933,22.59,133.71,1.54,1.0,0.93,3.71,3.86,1
934,23.18,156.74,1.4,1.0,1.19,4.76,4.38,1
935,23.79,180.7,1.27,1.0,1.46,5.85,4.93,1
936,22.28,121.8,1.6,1.0,0.79,3.17,3.59,1
937,23.53,170.52,1.33,1.0,1.35,5.39,4.69,1
938,22.47,129.21,1.56,1.0,0.88,3.51,3.75,1
939,21.19,78.92,1.85,1.0,0.31,1.22,2.61,1
940,24.16,195.07,1.19,1.0,1.63,6.5,5.25,1
941,21.44,88.74,1.79,1.0,0.42,1.67,2.83,1
942,24.13,193.99,1.19,1.0,1.61,6.45,5.23,1
943,23.42,166.33,1.35,1.0,1.3,5.2,4.6,1
944,20.89,67.26,1.91,1.0,0.17,0.69,2.35,1
945,21.27,81.96,1.83,1.0,0.34,1.36,2.68,1
946,24.14,194.2,1.19,1.0,1.62,6.46,5.23,1
947,21.09,75.1,1.87,1.0,0.26,1.05,2.53,1
948,22.13,115.88,1.64,1.0,0.73,2.9,3.45,1
949,24.45,206.68,1.12,1.0,1.76,7.03,5.52,1
950,23.62,174.04,1.31,1.0,1.39,5.55,4.77,1
951,23.82,181.84,1.26,1.0,1.48,5.9,4.95,1
952,22.38,125.52,1.58,1.0,0.84,3.34,3.67,1
953,23.86,183.53,1.25,1.0,1.49,5.98,4.99,1
954,21.81,103.11,1.71,1.0,0.58,2.32,3.16,1
955,24.43,205.89,1.13,1.0,1.75,7.0,5.5,1
956,23.13,154.78,1.42,1.0,1.17,4.67,4.34,1
957,21.58,94.23,1.76,1.0,0.48,1.92,2.96,1
958,21.58,94.24,1.76,1.0,0.48,1.92,2.96,1
959,24.42,205.25,1.13,1.0,1.74,6.97,5.48,1
960,20.81,63.98,1.93,1.0,0.14,0.54,2.27,0
961,24.29,200.36,1.16,1.0,1.69,6.74,5.37,1
962,22.3,122.53,1.6,1.0,0.8,3.21,3.6,1
963,21.78,102.15,1.72,1.0,0.57,2.28,3.14,1
964,22.98,149.11,1.45,1.0,1.1,4.41,4.21,1
965,21.11,76.01,1.86,1.0,0.27,1.09,2.55,1
966,23.42,166.08,1.35,1.0,1.3,5.19,4.59,1
967,21.78,101.98,1.72,1.0,0.57,2.27,3.14,1
968,20.6,55.84,1.98,1.0,0.04,0.17,2.09,0
969,20.89,67.08,1.91,1.0,0.17,0.69,2.34,1
970,22.42,127.09,1.57,1.0,0.85,3.41,3.71,1
971,20.83,64.8,1.93,1.0,0.15,0.58,2.29,0
972,22.91,146.09,1.47,1.0,1.07,4.28,4.14,1
973,21.88,105.97,1.69,1.0,0.61,2.45,3.23,1
974,20.69,59.52,1.96,1.0,0.09,0.34,2.17,1
975,24.0,188.73,1.22,1.0,1.55,6.21,5.11,1
976,24.34,202.26,1.15,1.0,1.71,6.83,5.41,1
977,21.93,107.89,1.68,1.0,0.64,2.54,3.27,1
978,24.42,205.47,1.13,1.0,1.74,6.98,5.49,1
979,22.68,137.41,1.51,1.0,0.97,3.88,3.94,1
980,24.52,209.17,1.11,1.0,1.79,7.14,5.57,1
981,23.42,166.17,1.35,1.0,1.3,5.19,4.59,1
982,22.56,132.73,1.54,1.0,0.92,3.67,3.83,1
983,21.37,85.86,1.81,1.0,0.38,1.54,2.77,1
984,24.79,219.86,1.05,1.0,1.91,7.63,5.81,1
985,21.95,108.9,1.68,1.0,0.65,2.59,3.29,1
986,21.51,91.34,1.78,1.0,0.45,1.79,2.89,1
987,21.16,77.68,1.85,1.0,0.29,1.17,2.58,1
988,24.34,202.17,1.15,1.0,1.71,6.83,5.41,1
989,20.57,54.85,1.98,1.0,0.03,0.13,2.06,0
990,23.43,166.49,1.35,1.0,1.3,5.2,4.6,1
991,21.47,90.1,1.78,1.0,0.43,1.73,2.87,1
992,23.42,166.36,1.35,1.0,1.3,5.2,4.6,1
993,21.84,104.43,1.7,1.0,0.6,2.38,3.19,1
994,22.85,143.73,1.48,1.0,1.04,4.17,4.08,1
995,22.75,139.96,1.5,1.0,1.0,4.0,4.0,1
996,22.77,140.73,1.5,1.0,1.01,4.03,4.02,1
997,24.3,200.46,1.16,1.0,1.69,6.75,5.37,1
998,24.05,191.01,1.21,1.0,1.58,6.32,5.16,1
999,23.41,165.67,1.35,1.0,1.29,5.17,4.58,1
1000,20.54,53.47,1.99,1.0,0.02,0.07,2.03,0
1001,23.08,152.86,1.43,1.0,1.15,4.58,4.29,1
1002,23.6,173.17,1.31,1.0,1.38,5.51,4.75,1
1003,21.19,78.84,1.85,1.0,0.31,1.22,2.61,1
1004,21.19,79.18,1.85,1.0,0.31,1.24,2.62,1
1005,22.86,144.32,1.48,1.0,1.05,4.2,4.1,1
1006,23.47,168.27,1.34,1.0,1.32,5.28,4.64,1
1007,22.06,113.2,1.65,1.0,0.7,2.78,3.39,1
1008,24.66,214.69,1.08,1.0,1.85,7.39,5.7,1
1009,22.19,118.02,1.62,1.0,0.75,3.0,3.5,1
1010,23.04,151.2,1.44,1.0,1.13,4.51,4.25,1
1011,24.2,196.8,1.18,1.0,1.65,6.58,5.29,1
1012,21.26,81.62,1.83,1.0,0.34,1.35,2.67,1
1013,22.5,130.28,1.56,1.0,0.89,3.56,3.78,1
1014,23.68,176.39,1.29,1.0,1.41,5.65,4.83,1
1015,23.45,167.19,1.35,1.0,1.31,5.24,4.62,1
1016,23.94,186.63,1.24,1.0,1.53,6.12,5.06,1
1017,23.51,169.66,1.33,1.0,1.34,5.35,4.67,1
1018,20.95,69.7,1.9,1.0,0.2,0.8,2.4,1
1019,21.37,86.11,1.81,1.0,0.39,1.55,2.78,1
1020,22.26,120.72,1.61,1.0,0.78,3.12,3.56,1
1021,21.0,71.6,1.89,1.0,0.22,0.89,2.45,1
1022,21.63,96.19,1.75,1.0,0.5,2.01,3.0,1
1023,22.33,123.64,1.59,1.0,0.81,3.26,3.63,1
1024,24.88,223.49,1.03,1.0,1.95,7.79,5.9,1
1025,22.38,125.61,1.58,1.0,0.84,3.35,3.67,1
1026,20.81,64.14,1.93,1.0,0.14,0.55,2.28,0
1027,22.2,118.63,1.62,1.0,0.76,3.03,3.51,1
1028,23.69,176.68,1.29,1.0,1.42,5.67,4.83,1
1029,21.42,87.93,1.8,1.0,0.41,1.63,2.82,1
1030,21.44,88.93,1.79,1.0,0.42,1.68,2.84,1
1031,23.01,150.08,1.44,1.0,1.11,4.46,4.23,1
1032,24.23,197.99,1.17,1.0,1.66,6.64,5.32,1
1033,22.34,123.97,1.59,1.0,0.82,3.27,3.64,1
1034,22.76,140.57,1.5,1.0,1.01,4.03,4.01,1
1035,23.27,160.3,1.38,1.0,1.23,4.92,4.46,1
1036,22.24,119.99,1.61,1.0,0.77,3.09,3.55,1
1037,21.56,93.4,1.76,1.0,0.47,1.88,2.94,1
1038,24.53,209.63,1.1,1.0,1.79,7.17,5.58,1
1039,23.19,157.2,1.4,1.0,1.2,4.78,4.39,1
1040,23.74,178.87,1.28,1.0,1.44,5.77,4.88,1
1041,22.88,145.06,1.47,1.0,1.06,4.23,4.12,1
1042,22.54,131.72,1.55,1.0,0.91,3.62,3.81,1
1043,23.58,172.33,1.32,1.0,1.37,5.47,4.73,1
1044,22.62,134.97,1.53,1.0,0.94,3.77,3.89,1
1045,22.58,133.25,1.54,1.0,0.92,3.69,3.85,1
1046,21.99,110.42,1.67,1.0,0.66,2.66,3.33,1
1047,22.7,137.99,1.51,1.0,0.98,3.91,3.95,1
1048,23.42,166.13,1.35,1.0,1.3,5.19,4.59,1
1049,23.51,169.92,1.33,1.0,1.34,5.36,4.68,1
1050,22.4,126.37,1.58,1.0,0.85,3.38,3.69,1
1051,24.48,207.57,1.12,1.0,1.77,7.07,5.54,1
1052,21.51,91.68,1.77,1.0,0.45,1.8,2.9,1
1053,22.44,127.96,1.57,1.0,0.86,3.45,3.73,1
1054,24.07,191.45,1.21,1.0,1.58,6.34,5.17,1
1055,21.15,77.31,1.86,1.0,0.29,1.15,2.58,1
1056,21.51,91.54,1.78,1.0,0.45,1.8,2.9,1
1057,20.74,61.4,1.95,1.0,0.11,0.43,2.21,0
1058,22.66,136.61,1.52,1.0,0.96,3.85,3.92,1
1059,23.46,167.89,1.34,1.0,1.32,5.27,4.63,1
1060,22.7,138.01,1.51,1.0,0.98,3.91,3.95,1
1061,20.73,61.05,1.95,1.0,0.1,0.41,2.21,0
1062,21.99,110.17,1.67,1.0,0.66,2.64,3.32,1
1063,24.13,193.8,1.19,1.0,1.61,6.45,5.22,1
1064,22.59,133.81,1.54,1.0,0.93,3.72,3.86,1
1065,23.24,159.11,1.39,1.0,1.22,4.87,4.43,1
1066,21.82,103.61,1.71,1.0,0.59,2.35,3.17,1
1067,24.42,205.5,1.13,1.0,1.74,6.98,5.49,1
1068,22.52,131.16,1.55,1.0,0.9,3.6,3.8,1
1069,24.75,218.23,1.06,1.0,1.89,7.56,5.78,1
1070,20.79,63.22,1.94,1.0,0.13,0.51,2.25,0
1071,21.0,71.42,1.89,1.0,0.22,0.88,2.44,1
1072,23.74,178.91,1.28,1.0,1.44,5.77,4.88,1
1073,21.26,81.6,1.83,1.0,0.34,1.35,2.67,1
1074,24.45,206.38,1.12,1.0,1.75,7.02,5.51,1
1075,24.16,195.32,1.19,1.0,1.63,6.51,5.26,1
1076,22.08,113.84,1.65,1.0,0.7,2.81,3.41,1
1077,23.87,183.74,1.25,1.0,1.5,5.99,4.99,1
1078,23.08,152.84,1.43,1.0,1.15,4.58,4.29,1
1079,22.59,133.62,1.54,1.0,0.93,3.71,3.85,1
1080,23.78,180.22,1.27,1.0,1.46,5.83,4.91,1
1081,21.83,103.9,1.71,1.0,0.59,2.36,3.18,1
1082,22.06,113.0,1.65,1.0,0.69,2.77,3.39,1
1083,21.35,85.13,1.81,1.0,0.38,1.51,2.75,1
1084,20.71,60.13,1.95,1.0,0.09,0.37,2.18,0
1085,24.79,219.6,1.05,1.0,1.9,7.62,5.81,1
1086,21.6,95.14,1.75,1.0,0.49,1.96,2.98,1
1087,24.04,190.48,1.21,1.0,1.57,6.29,5.15,1
1088,21.75,100.96,1.72,1.0,0.56,2.23,3.11,1
1089,22.36,124.7,1.59,1.0,0.83,3.3,3.65,1
1090,22.2,118.34,1.62,1.0,0.75,3.02,3.51,1
1091,24.18,196.06,1.18,1.0,1.64,6.55,5.27,1
1092,21.51,91.37,1.78,1.0,0.45,1.79,2.89,1
1093,21.6,95.16,1.75,1.0,0.49,1.96,2.98,1
1094,24.6,212.41,1.09,1.0,1.82,7.29,5.65,1
1095,24.77,219.19,1.05,1.0,1.9,7.6,5.8,1
1096,23.13,154.67,1.42,1.0,1.17,4.67,4.33,1
1097,24.09,192.5,1.2,1.0,1.6,6.39,5.19,1
1098,22.94,147.49,1.46,1.0,1.09,4.34,4.17,1
1099,24.02,189.77,1.22,1.0,1.57,6.26,5.13,1
1100,24.74,217.87,1.06,1.0,1.88,7.54,5.77,1
1101,22.85,144.0,1.48,1.0,1.05,4.18,4.09,1
1102,22.28,121.59,1.6,1.0,0.79,3.16,3.58,1
1103,21.64,96.57,1.75,1.0,0.51,2.03,3.01,1
1104,21.4,87.04,1.8,1.0,0.4,1.59,2.8,1
1105,21.51,91.66,1.77,1.0,0.45,1.8,2.9,1
1106,24.69,215.85,1.07,1.0,1.86,7.45,5.72,1
1107,22.86,144.4,1.48,1.0,1.05,4.2,4.1,1
1108,22.49,129.81,1.56,1.0,0.88,3.54,3.77,1
1109,24.58,211.55,1.09,1.0,1.81,7.25,5.63,1
1110,23.3,161.65,1.38,1.0,1.25,4.98,4.49,1
1111,22.15,116.39,1.63,1.0,0.73,2.93,3.46,1
1112,24.3,200.68,1.16,1.0,1.69,6.76,5.38,1
1113,21.65,97.13,1.74,1.0,0.51,2.05,3.03,1
1114,22.01,110.89,1.67,1.0,0.67,2.68,3.34,1
1115,23.52,170.21,1.33,1.0,1.34,5.37,4.69,1
1116,22.53,131.58,1.55,1.0,0.9,3.62,3.81,1
1117,24.61,212.62,1.09,1.0,1.83,7.3,5.65,1
1118,20.6,55.93,1.98,1.0,0.04,0.18,2.09,0
1119,20.95,69.72,1.9,1.0,0.2,0.81,2.4,1
1120,23.7,177.02,1.29,1.0,1.42,5.68,4.84,1
1121,23.93,186.06,1.24,1.0,1.52,6.09,5.05,1
1122,23.75,179.06,1.28,1.0,1.44,5.78,4.89,1
1123,24.92,224.87,1.02,1.0,1.96,7.86,5.93,1
1124,23.78,180.35,1.27,1.0,1.46,5.83,4.92,1
1125,21.6,94.95,1.76,1.0,0.49,1.95,2.98,1
1126,22.9,145.88,1.47,1.0,1.07,4.27,4.13,1
1127,22.08,113.74,1.65,1.0,0.7,2.81,3.4,1
1128,23.6,173.3,1.31,1.0,1.38,5.51,4.76,1
1129,24.15,194.77,1.19,1.0,1.62,6.49,5.24,1
1130,21.58,94.37,1.76,1.0,0.48,1.93,2.96,1
1131,21.91,107.23,1.69,1.0,0.63,2.51,3.26,1
1132,20.63,57.16,1.97,1.0,0.06,0.23,2.12,1
1133,23.56,171.65,1.32,1.0,1.36,5.44,4.72,1
1134,24.09,192.45,1.2,1.0,1.6,6.38,5.19,1
1135,24.82,220.93,1.04,1.0,1.92,7.68,5.84,1
1136,23.33,162.59,1.37,1.0,1.26,5.03,4.51,1
1137,21.28,82.39,1.83,1.0,0.35,1.38,2.69,1
1138,22.71,138.31,1.51,1.0,0.98,3.92,3.96,1
1139,23.11,153.98,1.42,1.0,1.16,4.64,4.32,1
1140,21.51,91.44,1.78,1.0,0.45,1.79,2.9,1
1141,23.31,161.77,1.38,1.0,1.25,4.99,4.49,1
1142,21.55,93.12,1.77,1.0,0.47,1.87,2.93,1
1143,22.06,112.82,1.65,1.0,0.69,2.76,3.38,1
1144,21.41,87.45,1.8,1.0,0.4,1.61,2.81,1
1145,24.76,218.52,1.05,1.0,1.89,7.57,5.78,1
1146,21.9,106.75,1.69,1.0,0.62,2.49,3.24,1
1147,23.8,181.02,1.27,1.0,1.47,5.86,4.93,1
1148,23.78,180.16,1.27,1.0,1.46,5.83,4.91,1
1149,22.77,140.59,1.5,1.0,1.01,4.03,4.01,1
1150,22.82,142.65,1.48,1.0,1.03,4.12,4.06,1
1151,23.52,170.28,1.33,1.0,1.34,5.38,4.69,1
1152,23.15,155.62,1.41,1.0,1.18,4.71,4.36,1
1153,23.03,150.89,1.44,1.0,1.12,4.5,4.25,1
1154,21.21,79.69,1.84,1.0,0.31,1.26,2.63,1
1155,23.86,183.58,1.25,1.0,1.5,5.98,4.99,1
1156,22.57,132.89,1.54,1.0,0.92,3.68,3.84,1
1157,23.9,184.84,1.25,1.0,1.51,6.04,5.02,1
1158,22.64,135.7,1.52,1.0,0.95,3.8,3.9,1
1159,21.01,72.08,1.89,1.0,0.23,0.91,2.46,1
1160,22.77,140.66,1.5,1.0,1.01,4.03,4.01,1
1161,20.77,62.64,1.94,1.0,0.12,0.48,2.24,0
1162,21.05,73.44,1.88,1.0,0.24,0.97,2.49,1
1163,24.48,207.49,1.12,1.0,1.77,7.07,5.53,1
1164,22.95,147.71,1.46,1.0,1.09,4.35,4.18,1
1165,20.74,61.42,1.95,1.0,0.11,0.43,2.21,0
1166,22.35,124.52,1.59,1.0,0.82,3.3,3.65,1
1167,24.18,195.98,1.18,1.0,1.64,6.54,5.27,1
1168,23.89,184.39,1.25,1.0,1.5,6.02,5.01,1
1169,21.13,76.71,1.86,1.0,0.28,1.12,2.56,1
1170,23.48,168.73,1.34,1.0,1.33,5.31,4.65,1
1171,24.17,195.46,1.18,1.0,1.63,6.52,5.26,1
1172,21.09,75.24,1.87,1.0,0.26,1.06,2.53,1
1173,23.59,172.85,1.31,1.0,1.37,5.49,4.75,1
1174,24.26,199.03,1.16,1.0,1.67,6.68,5.34,1
1175,24.62,213.27,1.08,1.0,1.83,7.33,5.67,1
1176,20.55,54.03,1.99,1.0,0.02,0.09,2.05,0
1177,23.86,183.32,1.25,1.0,1.49,5.97,4.98,1
1178,20.52,52.95,1.99,1.0,0.01,0.04,2.02,0
1179,22.81,142.47,1.49,1.0,1.03,4.11,4.06,1
1180,23.09,153.17,1.43,1.0,1.15,4.6,4.3,1
1181,24.21,196.91,1.18,1.0,1.65,6.59,5.29,1
1182,20.6,56.02,1.98,1.0,0.05,0.18,2.09,0
1183,20.51,52.3,2.0,1.0,0.0,0.01,2.01,0
1184,23.36,163.73,1.37,1.0,1.27,5.08,4.54,1
1185,24.07,191.65,1.21,1.0,1.59,6.35,5.17,1
1186,23.41,165.93,1.35,1.0,1.29,5.18,4.59,1
1187,21.89,106.25,1.69,1.0,0.62,2.47,3.23,1
1188,20.6,55.9,1.98,1.0,0.04,0.18,2.09,0
1189,23.94,186.68,1.23,1.0,1.53,6.12,5.06,1
1190,20.9,67.55,1.91,1.0,0.18,0.71,2.35,1
1191,22.85,143.75,1.48,1.0,1.04,4.17,4.09,1
1192,22.55,132.12,1.54,1.0,0.91,3.64,3.82,1
1193,23.87,183.63,1.25,1.0,1.5,5.98,4.99,1
1194,21.15,77.31,1.86,1.0,0.29,1.15,2.58,1
1195,24.13,194.14,1.19,1.0,1.62,6.46,5.23,1
1196,24.49,207.92,1.11,1.0,1.77,7.09,5.54,1
1197,22.08,113.76,1.65,1.0,0.7,2.81,3.4,1
1198,24.08,192.06,1.2,1.0,1.59,6.37,5.18,1
1199,22.37,125.02,1.59,1.0,0.83,3.32,3.66,1
1200,23.21,158.15,1.4,1.0,1.21,4.83,4.41,1
1201,22.48,129.59,1.56,1.0,0.88,3.53,3.76,1
1202,21.58,94.29,1.76,1.0,0.48,1.92,2.96,1
1203,23.68,176.53,1.29,1.0,1.42,5.66,4.83,1
1204,22.54,131.61,1.55,1.0,0.9,3.62,3.81,1
1205,21.93,107.94,1.68,1.0,0.64,2.54,3.27,1
1206,24.61,212.74,1.09,1.0,1.83,7.31,5.65,1
1207,24.48,207.49,1.12,1.0,1.77,7.07,5.53,1
1208,21.19,78.91,1.85,1.0,0.31,1.22,2.61,1
1209,21.89,106.2,1.69,1.0,0.62,2.46,3.23,1
1210,21.74,100.55,1.72,1.0,0.55,2.21,3.1,1
1211,24.81,220.67,1.04,1.0,1.92,7.67,5.83,1
1212,24.65,214.23,1.08,1.0,1.84,7.37,5.69,1
1213,22.0,110.83,1.67,1.0,0.67,2.67,3.34,1
1214,21.21,79.96,1.84,1.0,0.32,1.27,2.64,1
1215,21.52,91.86,1.77,1.0,0.45,1.81,2.91,1
1216,22.15,116.66,1.63,1.0,0.73,2.94,3.47,1
1217,24.13,194.02,1.19,1.0,1.61,6.46,5.23,1
1218,22.12,115.5,1.64,1.0,0.72,2.89,3.44,1
1219,23.01,150.14,1.44,1.0,1.12,4.46,4.23,1
1220,21.88,106.16,1.69,1.0,0.62,2.46,3.23,1
1221,24.82,221.15,1.04,1.0,1.92,7.69,5.84,1
1222,23.11,154.0,1.42,1.0,1.16,4.64,4.32,1
1223,24.52,209.32,1.11,1.0,1.79,7.15,5.58,1
1224,23.16,155.85,1.41,1.0,1.18,4.72,4.36,1
1225,24.86,222.57,1.03,1.0,1.94,7.75,5.88,1
1226,24.71,216.78,1.06,1.0,1.87,7.49,5.74,1
1227,24.24,198.37,1.17,1.0,1.66,6.65,5.33,1
1228,23.94,186.51,1.24,1.0,1.53,6.11,5.06,1
1229,21.63,96.38,1.75,1.0,0.5,2.02,3.01,1
1230,23.59,172.74,1.31,1.0,1.37,5.49,4.74,1
1231,24.8,220.36,1.04,1.0,1.91,7.65,5.83,1
1232,23.91,185.49,1.24,1.0,1.52,6.07,5.03,1
1233,23.71,177.65,1.29,1.0,1.43,5.71,4.86,1
1234,21.16,77.79,1.85,1.0,0.29,1.17,2.59,1
1235,21.23,80.43,1.84,1.0,0.32,1.29,2.65,1
1236,22.25,120.62,1.61,1.0,0.78,3.12,3.56,1
1237,23.85,182.92,1.26,1.0,1.49,5.95,4.98,1
1238,21.03,72.85,1.88,1.0,0.24,0.95,2.47,1
1239,21.31,83.56,1.82,1.0,0.36,1.43,2.72,1
1240,38.1,193.04,1.18,1.0,1.01,-62.68,-46.66,0
1241,33.66,157.46,1.38,1.0,0.75,-46.87,-34.39,0
1242,33.43,155.64,1.39,1.0,0.74,-46.06,-33.76,0
1243,38.35,195.06,1.16,1.0,1.02,-63.58,-47.36,0
1244,32.92,151.53,1.42,1.0,0.71,-44.24,-32.34,0
1245,36.31,178.73,1.26,1.0,0.91,-56.33,-41.73,0
1246,41.77,222.53,1.0,1.0,1.22,-75.79,-56.84,0
1247,36.73,182.09,1.24,1.0,0.93,-57.82,-42.89,0
1248,40.02,208.47,1.08,1.0,1.12,-69.54,-51.99,0
1249,35.18,169.68,1.31,1.0,0.84,-52.3,-38.6,0
1250,34.51,164.26,1.34,1.0,0.8,-49.89,-36.73,0
1251,39.67,205.67,1.1,1.0,1.1,-68.3,-51.02,0
1252,35.79,174.54,1.28,1.0,0.88,-54.46,-40.28,0
1253,31.69,141.71,1.48,1.0,0.64,-39.87,-28.95,0
1254,35.14,169.38,1.31,1.0,0.84,-52.17,-38.5,0
1255,31.18,137.58,1.5,1.0,0.61,-38.04,-27.53,0
1256,33.64,157.33,1.38,1.0,0.75,-46.82,-34.34,0
1257,37.35,187.07,1.21,1.0,0.97,-60.03,-44.6,0
1258,35.64,173.39,1.29,1.0,0.87,-53.95,-39.88,0
1259,34.39,163.31,1.35,1.0,0.8,-49.47,-36.4,0
1260,41.56,220.84,1.01,1.0,1.21,-75.04,-56.26,0
1261,31.27,138.34,1.5,1.0,0.62,-38.37,-27.79,0
1262,36.62,181.22,1.24,1.0,0.92,-57.43,-42.58,0
1263,40.99,216.23,1.04,1.0,1.17,-72.99,-54.67,0
1264,39.49,204.24,1.11,1.0,1.09,-67.66,-50.53,0
1265,37.07,184.81,1.22,1.0,0.95,-59.03,-43.82,0
1266,31.9,143.42,1.47,1.0,0.65,-40.63,-29.54,0
1267,40.9,215.53,1.04,1.0,1.17,-72.68,-54.42,0
1268,36.69,181.77,1.24,1.0,0.93,-57.68,-42.77,0
1269,37.11,185.16,1.22,1.0,0.95,-59.18,-43.94,0
1270,33.89,159.36,1.37,1.0,0.77,-47.72,-35.04,0
1271,41.32,218.87,1.02,1.0,1.19,-74.16,-55.57,0
1272,40.93,215.73,1.04,1.0,1.17,-72.77,-54.49,0
1273,34.41,163.47,1.35,1.0,0.8,-49.54,-36.46,0
1274,31.45,139.76,1.49,1.0,0.63,-39.01,-28.28,0
1275,39.82,206.82,1.09,1.0,1.11,-68.81,-51.42,0
1276,38.13,193.3,1.17,1.0,1.01,-62.8,-46.75,0
1277,34.82,166.79,1.33,1.0,0.82,-51.02,-37.6,0
1278,39.22,202.02,1.12,1.0,1.07,-66.68,-49.76,0
1279,33.56,156.71,1.39,1.0,0.75,-46.54,-34.13,0
1280,35.19,169.73,1.31,1.0,0.84,-52.33,-38.62,0
1281,34.56,164.7,1.34,1.0,0.81,-50.09,-36.88,0
1282,33.43,155.64,1.39,1.0,0.74,-46.06,-33.76,0
1283,40.86,215.16,1.05,1.0,1.17,-72.52,-54.3,0
1284,38.49,196.24,1.16,1.0,1.03,-64.11,-47.77,0
1285,32.88,151.27,1.42,1.0,0.71,-44.12,-32.25,0
1286,31.19,137.72,1.5,1.0,0.61,-38.1,-27.57,0
1287,35.16,169.5,1.31,1.0,0.84,-52.22,-38.54,0
1288,38.46,195.92,1.16,1.0,1.03,-63.97,-47.66,0
1289,32.88,151.24,1.42,1.0,0.71,-44.11,-32.24,0
1290,31.19,137.67,1.5,1.0,0.61,-38.08,-27.56,0
1291,38.44,195.77,1.16,1.0,1.03,-63.9,-47.6,0
1292,33.56,156.7,1.39,1.0,0.75,-46.53,-34.12,0
1293,34.68,165.67,1.34,1.0,0.81,-50.52,-37.22,0
1294,31.99,144.12,1.46,1.0,0.66,-40.94,-29.78,0
1295,40.28,210.52,1.07,1.0,1.13,-70.46,-52.7,0
1296,35.16,169.54,1.31,1.0,0.84,-52.24,-38.56,0
1297,37.72,190.01,1.19,1.0,0.99,-61.34,-45.62,0
1298,37.41,187.51,1.21,1.0,0.97,-60.23,-44.76,0
1299,31.71,141.89,1.47,1.0,0.64,-39.95,-29.02,0
1300,34.75,166.21,1.33,1.0,0.82,-50.76,-37.4,0
1301,31.34,138.87,1.49,1.0,0.62,-38.61,-27.97,0
1302,32.16,145.44,1.45,1.0,0.67,-41.53,-30.24,0
1303,37.95,191.85,1.18,1.0,1.0,-62.16,-46.25,0
1304,32.73,150.07,1.43,1.0,0.7,-43.59,-31.84,0
1305,40.03,208.51,1.08,1.0,1.12,-69.56,-52.0,0
1306,40.0,208.31,1.09,1.0,1.12,-69.47,-51.93,0
1307,41.0,216.34,1.04,1.0,1.17,-73.04,-54.7,0
1308,36.39,179.38,1.26,1.0,0.91,-56.61,-41.95,0
1309,38.85,199.06,1.14,1.0,1.05,-65.36,-48.74,0
1310,37.42,187.64,1.21,1.0,0.97,-60.29,-44.8,0
1311,37.01,184.38,1.23,1.0,0.95,-58.83,-43.67,0
1312,37.85,191.11,1.19,1.0,0.99,-61.83,-46.0,0
1313,35.6,173.01,1.29,1.0,0.86,-53.78,-39.75,0
1314,35.75,174.27,1.28,1.0,0.87,-54.34,-40.19,0
1315,40.29,210.65,1.07,1.0,1.13,-70.51,-52.74,0
1316,34.08,160.86,1.36,1.0,0.78,-48.38,-35.56,0
1317,33.47,155.95,1.39,1.0,0.74,-46.2,-33.87,0
1318,38.16,193.56,1.17,1.0,1.01,-62.91,-46.84,0
1319,41.04,216.64,1.04,1.0,1.18,-73.17,-54.81,0
1320,38.71,197.97,1.15,1.0,1.04,-64.88,-48.37,0
1321,31.89,143.31,1.47,1.0,0.65,-40.58,-29.51,0
1322,40.79,214.61,1.05,1.0,1.16,-72.27,-54.1,0
1323,31.94,143.68,1.46,1.0,0.66,-40.75,-29.63,0
1324,37.11,185.14,1.22,1.0,0.95,-59.17,-43.94,0
1325,33.08,152.87,1.41,1.0,0.72,-44.83,-32.8,0
1326,35.34,170.95,1.3,1.0,0.85,-52.87,-39.04,0
1327,41.79,222.62,1.0,1.0,1.22,-75.83,-56.87,0
1328,41.46,219.98,1.02,1.0,1.2,-74.66,-55.96,0
1329,40.27,210.44,1.07,1.0,1.13,-70.42,-52.67,0
1330,40.49,212.26,1.06,1.0,1.15,-71.23,-53.29,0
1331,39.13,201.34,1.13,1.0,1.07,-66.37,-49.53,0
1332,41.3,218.7,1.03,1.0,1.19,-74.09,-55.52,0
1333,31.97,143.97,1.46,1.0,0.66,-40.88,-29.73,0
1334,34.37,163.15,1.35,1.0,0.79,-49.4,-36.35,0
1335,36.44,179.75,1.25,1.0,0.91,-56.78,-42.08,0
1336,41.45,219.94,1.02,1.0,1.2,-74.64,-55.94,0
1337,34.06,160.66,1.36,1.0,0.78,-48.29,-35.49,0
1338,38.56,196.79,1.15,1.0,1.03,-64.35,-47.96,0
1339,31.57,140.77,1.48,1.0,0.63,-39.45,-28.63,0
1340,37.39,187.41,1.21,1.0,0.97,-60.18,-44.72,0
1341,31.77,142.32,1.47,1.0,0.65,-40.14,-29.16,0
1342,40.99,216.27,1.04,1.0,1.17,-73.01,-54.68,0
1343,34.6,165.04,1.34,1.0,0.81,-50.24,-37.0,0
1344,41.04,216.66,1.04,1.0,1.18,-73.18,-54.81,0
1345,34.08,160.83,1.36,1.0,0.78,-48.37,-35.55,0
1346,39.31,202.76,1.12,1.0,1.08,-67.01,-50.02,0
1347,34.7,165.8,1.33,1.0,0.81,-50.58,-37.26,0
1348,31.23,138.01,1.5,1.0,0.61,-38.22,-27.67,0
1349,38.08,192.94,1.18,1.0,1.01,-62.64,-46.63,0
1350,34.23,162.07,1.36,1.0,0.79,-48.92,-35.98,0
1351,35.95,175.88,1.28,1.0,0.89,-55.06,-40.74,0
1352,40.0,208.26,1.09,1.0,1.12,-69.45,-51.92,0
1353,35.9,175.46,1.28,1.0,0.88,-54.87,-40.6,0
1354,39.21,202.0,1.12,1.0,1.07,-66.67,-49.75,0
1355,38.41,195.59,1.16,1.0,1.03,-63.82,-47.54,0
1356,36.2,177.85,1.26,1.0,0.9,-55.93,-41.42,0
1357,32.87,151.13,1.42,1.0,0.71,-44.06,-32.2,0
1358,31.86,143.04,1.47,1.0,0.65,-40.46,-29.41,0
1359,40.73,214.2,1.05,1.0,1.16,-72.09,-53.96,0
1360,40.51,212.38,1.06,1.0,1.15,-71.28,-53.33,0
1361,38.7,197.86,1.15,1.0,1.04,-64.83,-48.33,0
1362,40.78,214.55,1.05,1.0,1.16,-72.24,-54.08,0
1363,40.28,210.57,1.07,1.0,1.13,-70.48,-52.71,0
1364,31.68,141.61,1.48,1.0,0.64,-39.83,-28.92,0
1365,34.59,164.94,1.34,1.0,0.81,-50.2,-36.97,0
1366,38.18,193.7,1.17,1.0,1.01,-62.98,-46.89,0
1367,40.12,209.29,1.08,1.0,1.12,-69.9,-52.27,0
1368,41.2,217.92,1.03,1.0,1.19,-73.74,-55.25,0
1369,39.79,206.65,1.1,1.0,1.11,-68.73,-51.36,0
1370,41.4,219.54,1.02,1.0,1.2,-74.46,-55.81,0
1371,37.14,185.38,1.22,1.0,0.95,-59.28,-44.02,0
1372,35.17,169.61,1.31,1.0,0.84,-52.27,-38.58,0
1373,31.81,142.69,1.47,1.0,0.65,-40.31,-29.29,0
1374,38.21,193.96,1.17,1.0,1.01,-63.09,-46.98,0
1375,34.91,167.48,1.32,1.0,0.83,-51.32,-37.84,0
1376,35.68,173.72,1.29,1.0,0.87,-54.1,-40.0,0
1377,37.05,184.63,1.22,1.0,0.95,-58.94,-43.76,0
1378,34.41,163.53,1.35,1.0,0.8,-49.57,-36.48,0
1379,34.84,166.94,1.33,1.0,0.82,-51.08,-37.66,0
1380,40.05,208.68,1.08,1.0,1.12,-69.64,-52.06,0
1381,35.18,169.65,1.31,1.0,0.84,-52.29,-38.59,0
1382,34.71,165.94,1.33,1.0,0.81,-50.64,-37.31,0
1383,40.81,214.77,1.05,1.0,1.16,-72.34,-54.16,0
1384,34.47,163.95,1.35,1.0,0.8,-49.75,-36.63,0
1385,37.3,186.66,1.21,1.0,0.96,-59.85,-44.46,0
1386,31.8,142.59,1.47,1.0,0.65,-40.26,-29.26,0
1387,35.11,169.11,1.32,1.0,0.84,-52.05,-38.41,0
1388,39.98,208.11,1.09,1.0,1.12,-69.38,-51.86,0
1389,40.97,216.09,1.04,1.0,1.17,-72.93,-54.62,0
1390,33.8,158.64,1.38,1.0,0.76,-47.39,-34.79,0
1391,34.5,164.26,1.34,1.0,0.8,-49.89,-36.73,0
1392,39.09,200.98,1.13,1.0,1.06,-66.21,-49.4,0
1393,31.41,139.46,1.49,1.0,0.63,-38.87,-28.18,0
1394,36.43,179.65,1.25,1.0,0.91,-56.73,-42.04,0
1395,36.83,182.92,1.23,1.0,0.94,-58.19,-43.17,0
1396,34.07,160.74,1.36,1.0,0.78,-48.33,-35.52,0
1397,31.47,139.91,1.49,1.0,0.63,-39.07,-28.33,0
1398,35.58,172.85,1.29,1.0,0.86,-53.71,-39.7,0
1399,37.42,187.61,1.21,1.0,0.97,-60.27,-44.79,0
1400,39.7,205.89,1.1,1.0,1.1,-68.4,-51.1,0
1401,39.78,206.53,1.1,1.0,1.1,-68.68,-51.32,0
1402,31.31,138.67,1.49,1.0,0.62,-38.52,-27.9,0
1403,35.15,169.39,1.31,1.0,0.84,-52.18,-38.5,0
1404,36.87,183.19,1.23,1.0,0.94,-58.3,-43.26,0
1405,37.17,185.61,1.22,1.0,0.96,-59.38,-44.1,0
1406,40.18,209.78,1.08,1.0,1.13,-70.13,-52.44,0
1407,41.25,218.34,1.03,1.0,1.19,-73.93,-55.39,0
1408,32.31,146.69,1.45,1.0,0.68,-42.09,-30.67,0
1409,37.96,191.93,1.18,1.0,1.0,-62.19,-46.28,0
1410,31.42,139.53,1.49,1.0,0.63,-38.9,-28.2,0
1411,33.84,158.92,1.37,1.0,0.76,-47.52,-34.89,0
1412,38.78,198.51,1.14,1.0,1.05,-65.12,-48.55,0
1413,37.88,191.31,1.19,1.0,1.0,-61.92,-46.07,0
1414,31.87,143.15,1.47,1.0,0.65,-40.51,-29.45,0
1415,34.16,161.46,1.36,1.0,0.78,-48.65,-35.77,0
1416,37.99,192.15,1.18,1.0,1.0,-62.29,-46.36,0
1417,32.47,147.91,1.44,1.0,0.69,-42.63,-31.09,0
1418,39.47,204.09,1.11,1.0,1.09,-67.59,-50.47,0
1419,34.26,162.31,1.35,1.0,0.79,-49.03,-36.06,0
1420,32.41,147.5,1.44,1.0,0.68,-42.45,-30.95,0
1421,39.22,202.06,1.12,1.0,1.07,-66.69,-49.77,0
1422,38.56,196.77,1.15,1.0,1.03,-64.34,-47.95,0
1423,41.12,217.32,1.03,1.0,1.18,-73.48,-55.04,0
1424,34.36,163.06,1.35,1.0,0.79,-49.36,-36.32,0
1425,39.24,202.25,1.12,1.0,1.07,-66.78,-49.84,0
1426,31.89,143.3,1.47,1.0,0.65,-40.58,-29.5,0
1427,40.96,215.97,1.04,1.0,1.17,-72.88,-54.58,0
1428,41.83,222.97,1.0,1.0,1.22,-75.99,-56.99,0
1429,36.93,183.73,1.23,1.0,0.94,-58.55,-43.45,0
1430,35.11,169.15,1.31,1.0,0.84,-52.06,-38.42,0
1431,38.77,198.45,1.14,1.0,1.05,-65.09,-48.53,0
1432,34.68,165.69,1.34,1.0,0.81,-50.53,-37.23,0
1433,36.79,182.54,1.24,1.0,0.93,-58.02,-43.04,0
1434,37.66,189.55,1.2,1.0,0.98,-61.13,-45.46,0
1435,32.61,149.04,1.43,1.0,0.69,-43.13,-31.48,0
1436,31.48,140.03,1.49,1.0,0.63,-39.13,-28.37,0
1437,35.07,168.82,1.32,1.0,0.83,-51.92,-38.31,0
1438,34.68,165.65,1.34,1.0,0.81,-50.51,-37.21,0
1439,32.02,144.31,1.46,1.0,0.66,-41.03,-29.85,0
1440,33.75,158.24,1.38,1.0,0.76,-47.22,-34.66,0
1441,37.36,187.13,1.21,1.0,0.97,-60.06,-44.62,0
1442,33.93,159.62,1.37,1.0,0.77,-47.83,-35.13,0
1443,37.14,185.37,1.22,1.0,0.95,-59.28,-44.02,0
1444,33.18,153.6,1.41,1.0,0.73,-45.16,-33.06,0
1445,34.11,161.13,1.36,1.0,0.78,-48.5,-35.65,0
1446,40.75,214.34,1.05,1.0,1.16,-72.15,-54.01,0
1447,33.26,154.27,1.4,1.0,0.73,-45.45,-33.29,0
1448,34.85,166.99,1.33,1.0,0.82,-51.11,-37.68,0
1449,38.7,197.86,1.15,1.0,1.04,-64.83,-48.33,0
1450,39.55,204.67,1.11,1.0,1.09,-67.86,-50.68,0
1451,41.6,221.13,1.01,1.0,1.21,-75.17,-56.36,0
1452,33.06,152.64,1.41,1.0,0.72,-44.73,-32.72,0
1453,34.89,167.36,1.33,1.0,0.82,-51.27,-37.8,0
1454,37.61,189.13,1.2,1.0,0.98,-60.95,-45.31,0
1455,35.32,170.77,1.31,1.0,0.85,-52.79,-38.98,0
1456,37.88,191.31,1.19,1.0,1.0,-61.92,-46.07,0
1457,41.49,220.22,1.02,1.0,1.2,-74.77,-56.04,0
1458,39.21,201.98,1.12,1.0,1.07,-66.66,-49.75,0
1459,39.41,203.57,1.11,1.0,1.08,-67.37,-50.3,0
1460,33.78,158.42,1.38,1.0,0.76,-47.3,-34.72,0
1461,34.86,167.13,1.33,1.0,0.82,-51.17,-37.72,0
1462,34.55,164.64,1.34,1.0,0.81,-50.06,-36.86,0
1463,32.68,149.6,1.43,1.0,0.7,-43.38,-31.67,0
1464,36.91,183.54,1.23,1.0,0.94,-58.46,-43.39,0
1465,39.37,203.22,1.12,1.0,1.08,-67.21,-50.17,0
1466,38.07,192.87,1.18,1.0,1.01,-62.61,-46.61,0
1467,35.07,168.77,1.32,1.0,0.83,-51.9,-38.29,0
1468,38.68,197.71,1.15,1.0,1.04,-64.76,-48.27,0
1469,41.78,222.59,1.0,1.0,1.22,-75.82,-56.86,0
1470,39.76,206.34,1.1,1.0,1.1,-68.6,-51.25,0
1471,40.03,208.52,1.08,1.0,1.12,-69.56,-52.0,0
1472,31.55,140.58,1.48,1.0,0.63,-39.37,-28.56,0
1473,34.77,166.41,1.33,1.0,0.82,-50.85,-37.47,0
1474,39.36,203.16,1.12,1.0,1.08,-67.18,-50.16,0
1475,37.13,185.28,1.22,1.0,0.95,-59.23,-43.98,0
1476,36.58,180.87,1.25,1.0,0.92,-57.28,-42.47,0
1477,40.41,211.57,1.07,1.0,1.14,-70.92,-53.06,0
1478,38.49,196.21,1.16,1.0,1.03,-64.1,-47.76,0
1479,41.67,221.71,1.01,1.0,1.21,-75.43,-56.55,0
1480,41.8,222.71,1.0,1.0,1.22,-75.87,-56.9,0
1481,31.75,142.17,1.47,1.0,0.64,-40.08,-29.11,0
1482,35.22,169.98,1.31,1.0,0.84,-52.44,-38.71,0
1483,36.3,178.68,1.26,1.0,0.91,-56.3,-41.71,0
1484,39.73,206.11,1.1,1.0,1.1,-68.5,-51.17,0
1485,39.7,205.88,1.1,1.0,1.1,-68.39,-51.09,0
1486,37.1,185.08,1.22,1.0,0.95,-59.15,-43.92,0
1487,41.78,222.57,1.0,1.0,1.22,-75.81,-56.85,0
1488,33.66,157.52,1.38,1.0,0.75,-46.9,-34.41,0
1489,36.7,181.82,1.24,1.0,0.93,-57.7,-42.79,0
1490,39.51,204.4,1.11,1.0,1.09,-67.74,-50.58,0
1491,37.65,189.44,1.2,1.0,0.98,-61.08,-45.42,0
1492,41.58,220.93,1.01,1.0,1.21,-75.08,-56.29,0
1493,32.95,151.79,1.42,1.0,0.71,-44.35,-32.43,0
1494,39.51,204.34,1.11,1.0,1.09,-67.71,-50.56,0
1495,36.26,178.36,1.26,1.0,0.9,-56.16,-41.6,0
1496,39.28,202.56,1.12,1.0,1.08,-66.91,-49.95,0
1497,37.67,189.63,1.2,1.0,0.98,-61.17,-45.49,0
1498,38.83,198.96,1.14,1.0,1.05,-65.32,-48.71,0
1499,35.87,175.19,1.28,1.0,0.88,-54.75,-40.51,0
1500,36.97,183.98,1.23,1.0,0.94,-58.66,-43.54,0
1501,32.79,150.54,1.42,1.0,0.7,-43.79,-32.0,0
1502,33.1,152.96,1.41,1.0,0.72,-44.87,-32.83,0
1503,38.9,199.46,1.14,1.0,1.05,-65.54,-48.88,0
1504,36.62,181.23,1.24,1.0,0.92,-57.44,-42.59,0
1505,31.8,142.57,1.47,1.0,0.65,-40.25,-29.25,0
1506,36.6,181.05,1.25,1.0,0.92,-57.36,-42.53,0
1507,31.83,142.78,1.47,1.0,0.65,-40.35,-29.32,0
1508,39.39,203.39,1.11,1.0,1.08,-67.28,-50.23,0
1509,40.46,212.0,1.06,1.0,1.14,-71.11,-53.2,0
1510,37.06,184.77,1.22,1.0,0.95,-59.01,-43.81,0
1511,39.92,207.66,1.09,1.0,1.11,-69.18,-51.71,0
1512,38.27,194.47,1.17,1.0,1.02,-63.32,-47.16,0
1513,38.88,199.32,1.14,1.0,1.05,-65.48,-48.83,0
1514,32.25,146.19,1.45,1.0,0.67,-41.86,-30.5,0
1515,36.7,181.88,1.24,1.0,0.93,-57.72,-42.81,0
1516,34.0,160.22,1.37,1.0,0.77,-48.1,-35.34,0
1517,35.59,172.98,1.29,1.0,0.86,-53.77,-39.74,0
1518,38.03,192.52,1.18,1.0,1.0,-62.45,-46.48,0
1519,35.84,174.99,1.28,1.0,0.88,-54.66,-40.43,0
1520,37.19,185.78,1.22,1.0,0.96,-59.46,-44.16,0
1521,36.61,181.13,1.24,1.0,0.92,-57.39,-42.55,0
1522,39.54,204.64,1.11,1.0,1.09,-67.84,-50.67,0
1523,38.8,198.69,1.14,1.0,1.05,-65.19,-48.61,0
1524,40.47,212.05,1.06,1.0,1.14,-71.13,-53.22,0
1525,31.34,138.92,1.49,1.0,0.62,-38.63,-27.99,0
1526,37.24,186.21,1.22,1.0,0.96,-59.65,-44.3,0
1527,41.28,218.56,1.03,1.0,1.19,-74.03,-55.47,0
1528,40.9,215.54,1.04,1.0,1.17,-72.68,-54.42,0
1529,33.57,156.78,1.39,1.0,0.75,-46.57,-34.15,0
1530,41.4,219.57,1.02,1.0,1.2,-74.47,-55.81,0
1531,36.79,182.6,1.24,1.0,0.93,-58.05,-43.06,0
1532,37.42,187.62,1.21,1.0,0.97,-60.28,-44.79,0
1533,33.76,158.31,1.38,1.0,0.76,-47.25,-34.68,0
1534,31.68,141.64,1.48,1.0,0.64,-39.84,-28.93,0
1535,41.74,222.23,1.0,1.0,1.22,-75.66,-56.74,0
1536,40.02,208.44,1.09,1.0,1.12,-69.53,-51.98,0
1537,32.68,149.65,1.43,1.0,0.7,-43.4,-31.69,0
1538,31.6,140.97,1.48,1.0,0.64,-39.54,-28.7,0
1539,38.19,193.82,1.17,1.0,1.01,-63.03,-46.93,0
1540,38.01,192.34,1.18,1.0,1.0,-62.37,-46.42,0
1541,37.92,191.6,1.18,1.0,1.0,-62.05,-46.17,0
1542,33.76,158.28,1.38,1.0,0.76,-47.24,-34.67,0
1543,31.31,138.65,1.49,1.0,0.62,-38.51,-27.9,0
1544,36.13,177.25,1.27,1.0,0.9,-55.67,-41.22,0
1545,41.58,220.96,1.01,1.0,1.21,-75.09,-56.3,0
1546,39.45,203.91,1.11,1.0,1.09,-67.51,-50.41,0
1547,36.07,176.77,1.27,1.0,0.89,-55.45,-41.05,0
1548,34.59,164.9,1.34,1.0,0.81,-50.18,-36.96,0
1549,34.74,166.11,1.33,1.0,0.82,-50.72,-37.37,0
1550,33.48,156.02,1.39,1.0,0.74,-46.23,-33.89,0
1551,36.43,179.72,1.25,1.0,0.91,-56.76,-42.07,0
1552,32.53,148.4,1.44,1.0,0.69,-42.85,-31.26,0
1553,35.37,171.22,1.3,1.0,0.85,-52.99,-39.14,0
1554,34.29,162.53,1.35,1.0,0.79,-49.12,-36.14,0
1555,40.8,214.74,1.05,1.0,1.16,-72.33,-54.15,0
1556,34.38,163.26,1.35,1.0,0.8,-49.45,-36.39,0
1557,37.14,185.42,1.22,1.0,0.95,-59.3,-44.03,0
1558,33.67,157.57,1.38,1.0,0.75,-46.92,-34.43,0
1559,35.36,171.09,1.3,1.0,0.85,-52.93,-39.09,0
1560,34.61,165.08,1.34,1.0,0.81,-50.26,-37.02,0
1561,34.29,162.53,1.35,1.0,0.79,-49.13,-36.14,0
1562,40.48,212.17,1.06,1.0,1.14,-71.19,-53.26,0
1563,38.46,195.96,1.16,1.0,1.03,-63.98,-47.67,0
1564,35.66,173.52,1.29,1.0,0.87,-54.01,-39.93,0
1565,37.64,189.39,1.2,1.0,0.98,-61.06,-45.4,0
1566,35.84,174.92,1.28,1.0,0.88,-54.63,-40.41,0
1567,32.93,151.66,1.42,1.0,0.71,-44.29,-32.39,0
1568,33.76,158.25,1.38,1.0,0.76,-47.22,-34.66,0
1569,38.21,193.94,1.17,1.0,1.01,-63.08,-46.97,0
1570,34.15,161.4,1.36,1.0,0.78,-48.62,-35.74,0
1571,36.12,177.23,1.27,1.0,0.9,-55.66,-41.21,0
1572,34.35,163.0,1.35,1.0,0.79,-49.33,-36.3,0
1573,31.98,144.01,1.46,1.0,0.66,-40.89,-29.75,0
1574,35.18,169.69,1.31,1.0,0.84,-52.31,-38.61,0
1575,32.09,144.88,1.46,1.0,0.66,-41.28,-30.05,0
1576,32.42,147.55,1.44,1.0,0.68,-42.47,-30.97,0
1577,41.12,217.31,1.03,1.0,1.18,-73.47,-55.04,0
1578,35.56,172.73,1.29,1.0,0.86,-53.66,-39.65,0
1579,33.11,153.06,1.41,1.0,0.72,-44.92,-32.87,0
1580,41.78,222.6,1.0,1.0,1.22,-75.82,-56.86,0
1581,37.51,188.33,1.2,1.0,0.97,-60.59,-45.04,0
1582,40.21,210.0,1.08,1.0,1.13,-70.22,-52.52,0
1583,38.84,199.04,1.14,1.0,1.05,-65.35,-48.73,0
1584,34.36,163.1,1.35,1.0,0.79,-49.38,-36.33,0
1585,37.07,184.84,1.22,1.0,0.95,-59.04,-43.83,0
1586,33.12,153.18,1.41,1.0,0.72,-44.97,-32.91,0
1587,35.7,173.83,1.29,1.0,0.87,-54.15,-40.04,0
1588,40.13,209.31,1.08,1.0,1.12,-69.92,-52.28,0
1589,32.54,148.49,1.44,1.0,0.69,-42.89,-31.29,0
1590,32.71,149.89,1.43,1.0,0.7,-43.51,-31.78,0
1591,37.82,190.83,1.19,1.0,0.99,-61.7,-45.9,0
1592,39.91,207.6,1.09,1.0,1.11,-69.16,-51.69,0
1593,31.86,143.07,1.47,1.0,0.65,-40.47,-29.42,0
1594,36.98,184.09,1.23,1.0,0.94,-58.7,-43.57,0
1595,34.9,167.39,1.33,1.0,0.82,-51.29,-37.81,0
1596,35.18,169.67,1.31,1.0,0.84,-52.3,-38.6,0
1597,35.21,169.91,1.31,1.0,0.84,-52.41,-38.68,0
1598,33.35,155.03,1.4,1.0,0.74,-45.79,-33.55,0
1599,34.8,166.61,1.33,1.0,0.82,-50.94,-37.54,0
1600,37.3,186.67,1.21,1.0,0.96,-59.85,-44.46,0
1601,41.22,218.06,1.03,1.0,1.19,-73.8,-55.29,0
1602,41.0,216.3,1.04,1.0,1.17,-73.02,-54.69,0
1603,35.36,171.09,1.3,1.0,0.85,-52.93,-39.09,0
1604,34.89,167.35,1.33,1.0,0.82,-51.27,-37.8,0
1605,34.09,160.93,1.36,1.0,0.78,-48.42,-35.59,0
1606,35.82,174.81,1.28,1.0,0.88,-54.58,-40.37,0
1607,35.89,175.38,1.28,1.0,0.88,-54.83,-40.57,0
1608,34.68,165.64,1.34,1.0,0.81,-50.51,-37.21,0
1609,32.77,150.35,1.42,1.0,0.7,-43.71,-31.93,0
1610,36.51,180.3,1.25,1.0,0.92,-57.02,-42.27,0
1611,31.88,143.18,1.47,1.0,0.65,-40.53,-29.46,0
1612,39.31,202.75,1.12,1.0,1.08,-67.0,-50.01,0
1613,37.56,188.77,1.2,1.0,0.98,-60.79,-45.19,0
1614,39.28,202.56,1.12,1.0,1.08,-66.92,-49.95,0
1615,37.35,187.08,1.21,1.0,0.97,-60.03,-44.61,0
1616,41.66,221.63,1.01,1.0,1.21,-75.39,-56.53,0
1617,35.4,171.43,1.3,1.0,0.85,-53.08,-39.21,0
1618,35.93,175.67,1.28,1.0,0.88,-54.96,-40.67,0
1619,41.35,219.14,1.02,1.0,1.19,-74.28,-55.67,0
1620,32.31,146.66,1.45,1.0,0.68,-42.07,-30.66,0
1621,33.73,158.02,1.38,1.0,0.76,-47.12,-34.58,0
1622,38.68,197.72,1.15,1.0,1.04,-64.76,-48.28,0
1623,41.12,217.3,1.03,1.0,1.18,-73.46,-55.03,0
1624,40.93,215.79,1.04,1.0,1.17,-72.8,-54.51,0
1625,34.57,164.79,1.34,1.0,0.81,-50.13,-36.91,0
1626,38.6,197.07,1.15,1.0,1.04,-64.47,-48.05,0
1627,40.01,208.35,1.09,1.0,1.12,-69.49,-51.95,0
1628,33.07,152.76,1.41,1.0,0.72,-44.78,-32.77,0
1629,41.37,219.25,1.02,1.0,1.2,-74.33,-55.71,0
1630,40.13,209.35,1.08,1.0,1.12,-69.93,-52.29,0
1631,39.02,200.48,1.13,1.0,1.06,-65.99,-49.23,0
1632,38.46,195.95,1.16,1.0,1.03,-63.98,-47.67,0
1633,35.8,174.63,1.28,1.0,0.88,-54.5,-40.31,0
1634,35.49,172.11,1.3,1.0,0.86,-53.38,-39.44,0
1635,35.88,175.3,1.28,1.0,0.88,-54.8,-40.54,0
1636,34.36,163.11,1.35,1.0,0.79,-49.38,-36.34,0
1637,40.53,212.56,1.06,1.0,1.15,-71.36,-53.4,0
1638,41.5,220.36,1.02,1.0,1.2,-74.82,-56.09,0
1639,38.54,196.62,1.15,1.0,1.03,-64.28,-47.9,0
1640,40.01,208.36,1.09,1.0,1.12,-69.49,-51.95,0
1641,40.26,210.37,1.07,1.0,1.13,-70.39,-52.64,0
1642,35.86,175.12,1.28,1.0,0.88,-54.72,-40.48,0
1643,34.82,166.75,1.33,1.0,0.82,-51.0,-37.59,0
1644,40.7,213.89,1.05,1.0,1.16,-71.95,-53.86,0
1645,38.19,193.79,1.17,1.0,1.01,-63.02,-46.92,0
1646,40.48,212.13,1.06,1.0,1.14,-71.17,-53.25,0
1647,39.81,206.78,1.09,1.0,1.11,-68.79,-51.4,0
1648,40.05,208.7,1.08,1.0,1.12,-69.65,-52.07,0
1649,36.42,179.59,1.25,1.0,0.91,-56.71,-42.02,0
1650,41.19,217.85,1.03,1.0,1.19,-73.71,-55.22,0
1651,32.04,144.53,1.46,1.0,0.66,-41.12,-29.93,0
1652,35.31,170.69,1.31,1.0,0.85,-52.75,-38.95,0
1653,33.52,156.35,1.39,1.0,0.75,-46.38,-34.01,0
1654,39.35,203.06,1.12,1.0,1.08,-67.14,-50.12,0
1655,37.96,191.97,1.18,1.0,1.0,-62.21,-46.29,0
1656,33.68,157.62,1.38,1.0,0.75,-46.94,-34.44,0
1657,33.04,152.53,1.41,1.0,0.72,-44.68,-32.69,0
1658,40.68,213.77,1.05,1.0,1.16,-71.9,-53.82,0
1659,32.38,147.23,1.44,1.0,0.68,-42.33,-30.86,0
1660,37.97,192.07,1.18,1.0,1.0,-62.25,-46.33,0
1661,38.45,195.88,1.16,1.0,1.03,-63.95,-47.64,0
1662,37.35,187.03,1.21,1.0,0.97,-60.01,-44.59,0
1663,33.23,154.04,1.4,1.0,0.73,-45.35,-33.21,0
1664,41.7,221.96,1.01,1.0,1.21,-75.54,-56.64,0
1665,34.72,166.0,1.33,1.0,0.81,-50.67,-37.33,0
1666,39.88,207.37,1.09,1.0,1.11,-69.05,-51.61,0
1667,36.9,183.47,1.23,1.0,0.94,-58.43,-43.36,0
1668,39.24,202.23,1.12,1.0,1.07,-66.77,-49.83,0
1669,34.7,165.79,1.33,1.0,0.81,-50.57,-37.26,0
1670,35.67,173.57,1.29,1.0,0.87,-54.03,-39.95,0
1671,33.47,156.0,1.39,1.0,0.74,-46.22,-33.88,0
1672,41.8,222.75,1.0,1.0,1.22,-75.89,-56.92,0
1673,34.49,164.12,1.34,1.0,0.8,-49.83,-36.68,0
1674,33.17,153.59,1.41,1.0,0.73,-45.15,-33.05,0
1675,34.64,165.35,1.34,1.0,0.81,-50.38,-37.11,0
1676,39.49,204.23,1.11,1.0,1.09,-67.66,-50.53,0
1677,34.41,163.52,1.35,1.0,0.8,-49.56,-36.48,0
1678,31.87,143.15,1.47,1.0,0.65,-40.51,-29.45,0
1679,35.96,175.94,1.28,1.0,0.89,-55.09,-40.76,0
1680,38.73,198.14,1.15,1.0,1.04,-64.95,-48.42,0
1681,33.01,152.24,1.41,1.0,0.72,-44.55,-32.59,0
1682,36.24,178.15,1.26,1.0,0.9,-56.07,-41.53,0
1683,33.6,156.98,1.39,1.0,0.75,-46.66,-34.22,0
1684,36.59,181.0,1.25,1.0,0.92,-57.33,-42.51,0
1685,32.52,148.38,1.44,1.0,0.69,-42.83,-31.25,0
1686,36.32,178.83,1.26,1.0,0.91,-56.37,-41.76,0
1687,35.65,173.47,1.29,1.0,0.87,-53.99,-39.91,0
1688,32.14,145.32,1.45,1.0,0.67,-41.48,-30.2,0
1689,34.63,165.24,1.34,1.0,0.81,-50.33,-37.07,0
1690,32.92,151.53,1.42,1.0,0.71,-44.24,-32.34,0
1691,37.28,186.51,1.21,1.0,0.96,-59.78,-44.41,0
1692,34.94,167.74,1.32,1.0,0.83,-51.44,-37.93,0
1693,38.82,198.83,1.14,1.0,1.05,-65.26,-48.66,0
1694,33.49,156.13,1.39,1.0,0.74,-46.28,-33.93,0
1695,41.48,220.15,1.02,1.0,1.2,-74.73,-56.02,0
1696,40.04,208.64,1.08,1.0,1.12,-69.62,-52.05,0
1697,31.22,137.91,1.5,1.0,0.61,-38.18,-27.64,0
1698,35.8,174.65,1.28,1.0,0.88,-54.51,-40.32,0
1699,35.08,168.85,1.32,1.0,0.84,-51.93,-38.32,0
1700,34.05,160.62,1.36,1.0,0.78,-48.28,-35.48,0
1701,33.69,157.76,1.38,1.0,0.76,-47.0,-34.49,0
1702,36.56,180.75,1.25,1.0,0.92,-57.22,-42.42,0
1703,36.23,178.07,1.26,1.0,0.9,-56.03,-41.5,0
1704,38.57,196.82,1.15,1.0,1.04,-64.36,-47.97,0
1705,37.69,189.81,1.19,1.0,0.99,-61.25,-45.55,0
1706,32.82,150.79,1.42,1.0,0.71,-43.91,-32.09,0
1707,39.59,204.98,1.11,1.0,1.09,-67.99,-50.78,0
1708,33.12,153.13,1.41,1.0,0.72,-44.95,-32.89,0
1709,40.09,209.05,1.08,1.0,1.12,-69.8,-52.19,0
1710,39.88,207.37,1.09,1.0,1.11,-69.05,-51.61,0
1711,41.04,216.61,1.04,1.0,1.18,-73.16,-54.8,0
1712,33.21,153.86,1.4,1.0,0.73,-45.27,-33.15,0
1713,38.2,193.87,1.17,1.0,1.01,-63.05,-46.95,0
1714,38.38,195.35,1.16,1.0,1.02,-63.71,-47.46,0
1715,31.81,142.67,1.47,1.0,0.65,-40.3,-29.28,0
1716,36.13,177.26,1.27,1.0,0.9,-55.67,-41.22,0
1717,37.29,186.55,1.21,1.0,0.96,-59.8,-44.42,0
1718,32.55,148.58,1.44,1.0,0.69,-42.92,-31.32,0
1719,31.87,143.11,1.47,1.0,0.65,-40.49,-29.44,0
1720,38.31,194.76,1.17,1.0,1.02,-63.45,-47.26,0
1721,36.24,178.18,1.26,1.0,0.9,-56.08,-41.54,0
1722,41.74,222.24,1.0,1.0,1.22,-75.66,-56.74,0
1723,39.82,206.86,1.09,1.0,1.11,-68.83,-51.43,0
1724,34.72,165.94,1.33,1.0,0.81,-50.64,-37.31,0
1725,33.86,159.09,1.37,1.0,0.77,-47.59,-34.95,0
1726,33.69,157.75,1.38,1.0,0.76,-47.0,-34.49,0
1727,31.85,142.94,1.47,1.0,0.65,-40.42,-29.38,0
1728,32.25,146.19,1.45,1.0,0.67,-41.86,-30.5,0
1729,33.25,154.2,1.4,1.0,0.73,-45.42,-33.26,0
1730,40.47,212.03,1.06,1.0,1.14,-71.13,-53.22,0
1731,31.82,142.72,1.47,1.0,0.65,-40.32,-29.3,0
1732,38.76,198.34,1.14,1.0,1.05,-65.04,-48.49,0
1733,33.51,156.27,1.39,1.0,0.75,-46.34,-33.98,0
1734,39.57,204.86,1.11,1.0,1.09,-67.94,-50.74,0
1735,39.46,203.98,1.11,1.0,1.09,-67.54,-50.44,0
1736,39.65,205.53,1.1,1.0,1.1,-68.24,-50.97,0
1737,38.85,199.06,1.14,1.0,1.05,-65.36,-48.74,0
1738,33.26,154.29,1.4,1.0,0.73,-45.46,-33.29,0
1739,39.48,204.12,1.11,1.0,1.09,-67.61,-50.49,0
1740,32.7,149.75,1.43,1.0,0.7,-43.45,-31.73,0
1741,32.14,145.33,1.45,1.0,0.67,-41.48,-30.2,0
1742,32.39,147.33,1.44,1.0,0.68,-42.37,-30.89,0
1743,39.06,200.75,1.13,1.0,1.06,-66.11,-49.32,0
1744,36.78,182.52,1.24,1.0,0.93,-58.01,-43.03,0
1745,33.37,155.16,1.4,1.0,0.74,-45.85,-33.59,0
1746,38.41,195.56,1.16,1.0,1.03,-63.81,-47.53,0
1747,32.25,146.2,1.45,1.0,0.67,-41.87,-30.5,0
1748,32.96,151.88,1.42,1.0,0.71,-44.39,-32.46,0
1749,32.92,151.57,1.42,1.0,0.71,-44.26,-32.36,0
1750,36.16,177.49,1.27,1.0,0.9,-55.77,-41.3,0
1751,41.65,221.51,1.01,1.0,1.21,-75.34,-56.49,0
1752,35.47,172.02,1.3,1.0,0.86,-53.34,-39.41,0
1753,40.58,212.98,1.06,1.0,1.15,-71.55,-53.54,0
1754,35.18,169.63,1.31,1.0,0.84,-52.28,-38.59,0
1755,31.22,137.9,1.5,1.0,0.61,-38.18,-27.64,0
1756,34.61,165.12,1.34,1.0,0.81,-50.28,-37.03,0
1757,39.76,206.35,1.1,1.0,1.1,-68.6,-51.25,0
1758,34.19,161.76,1.36,1.0,0.78,-48.78,-35.87,0
1759,36.94,183.79,1.23,1.0,0.94,-58.57,-43.47,0
1760,41.73,222.15,1.0,1.0,1.22,-75.62,-56.71,0
1761,40.9,215.52,1.04,1.0,1.17,-72.68,-54.42,0
1762,41.11,217.18,1.03,1.0,1.18,-73.41,-54.99,0
1763,40.06,208.75,1.08,1.0,1.12,-69.67,-52.08,0
1764,39.45,203.89,1.11,1.0,1.09,-67.51,-50.41,0
1765,41.15,217.48,1.03,1.0,1.18,-73.55,-55.1,0
1766,35.81,174.7,1.28,1.0,0.88,-54.53,-40.33,0
1767,33.93,159.64,1.37,1.0,0.77,-47.84,-35.14,0
1768,34.69,165.74,1.33,1.0,0.81,-50.55,-37.24,0
1769,36.8,182.64,1.24,1.0,0.93,-58.06,-43.07,0
1770,36.6,181.09,1.25,1.0,0.92,-57.37,-42.54,0
1771,33.01,152.25,1.41,1.0,0.72,-44.55,-32.59,0
1772,40.31,210.82,1.07,1.0,1.14,-70.59,-52.8,0
1773,32.36,147.03,1.44,1.0,0.68,-42.24,-30.79,0
1774,37.78,190.47,1.19,1.0,0.99,-61.54,-45.78,0
1775,41.81,222.81,1.0,1.0,1.22,-75.92,-56.94,0
1776,34.51,164.27,1.34,1.0,0.8,-49.9,-36.74,0
1777,40.94,215.85,1.04,1.0,1.17,-72.82,-54.53,0
1778,39.28,202.56,1.12,1.0,1.08,-66.92,-49.95,0
1779,31.51,140.21,1.48,1.0,0.63,-39.21,-28.44,0
1780,34.03,160.49,1.37,1.0,0.78,-48.22,-35.43,0
1781,40.88,215.35,1.04,1.0,1.17,-72.6,-54.36,0
1782,38.33,194.94,1.16,1.0,1.02,-63.53,-47.32,0
1783,37.94,191.79,1.18,1.0,1.0,-62.13,-46.23,0
1784,31.71,141.88,1.47,1.0,0.64,-39.95,-29.01,0
1785,32.47,147.93,1.44,1.0,0.69,-42.64,-31.1,0
1786,41.44,219.87,1.02,1.0,1.2,-74.61,-55.92,0
1787,35.59,172.94,1.29,1.0,0.86,-53.75,-39.73,0
1788,40.95,215.9,1.04,1.0,1.17,-72.84,-54.55,0
1789,31.92,143.55,1.46,1.0,0.65,-40.69,-29.59,0
1790,37.29,186.57,1.21,1.0,0.96,-59.81,-44.43,0
1791,36.34,178.98,1.26,1.0,0.91,-56.44,-41.81,0
1792,32.52,148.34,1.44,1.0,0.69,-42.82,-31.24,0
1793,38.35,195.08,1.16,1.0,1.02,-63.59,-47.37,0
1794,34.41,163.52,1.35,1.0,0.8,-49.56,-36.48,0
1795,33.3,154.6,1.4,1.0,0.73,-45.6,-33.4,0
1796,36.19,177.8,1.26,1.0,0.9,-55.91,-41.4,0
1797,34.86,167.12,1.33,1.0,0.82,-51.17,-37.72,0
1798,41.15,217.52,1.03,1.0,1.18,-73.57,-55.11,0
1799,39.59,205.0,1.11,1.0,1.09,-68.0,-50.79,0
1800,41.18,217.75,1.03,1.0,1.18,-73.67,-55.19,0
1801,38.3,194.65,1.17,1.0,1.02,-63.4,-47.22,0
1802,37.96,191.97,1.18,1.0,1.0,-62.21,-46.29,0
1803,41.6,221.15,1.01,1.0,1.21,-75.18,-56.36,0
1804,33.28,154.47,1.4,1.0,0.73,-45.54,-33.35,0
1805,35.51,172.35,1.3,1.0,0.86,-53.49,-39.52,0
1806,32.77,150.33,1.42,1.0,0.7,-43.7,-31.93,0
1807,40.12,209.28,1.08,1.0,1.12,-69.9,-52.27,0
1808,40.48,212.13,1.06,1.0,1.14,-71.17,-53.25,0
1809,34.12,161.21,1.36,1.0,0.78,-48.54,-35.68,0
1810,38.63,197.31,1.15,1.0,1.04,-64.58,-48.14,0
1811,34.78,166.43,1.33,1.0,0.82,-50.86,-37.48,0
1812,41.66,221.58,1.01,1.0,1.21,-75.37,-56.51,0
1813,31.52,140.32,1.48,1.0,0.63,-39.25,-28.47,0
1814,40.79,214.64,1.05,1.0,1.16,-72.29,-54.12,0
1815,38.72,198.08,1.15,1.0,1.04,-64.92,-48.4,0
1816,40.73,214.18,1.05,1.0,1.16,-72.08,-53.96,0
1817,32.25,146.18,1.45,1.0,0.67,-41.86,-30.49,0
1818,39.74,206.21,1.1,1.0,1.1,-68.54,-51.21,0
1819,36.62,181.24,1.24,1.0,0.92,-57.44,-42.59,0
1820,33.6,156.98,1.39,1.0,0.75,-46.66,-34.22,0
1821,31.64,141.3,1.48,1.0,0.64,-39.69,-28.81,0
1822,35.29,170.59,1.31,1.0,0.85,-52.71,-38.92,0
1823,32.75,150.23,1.43,1.0,0.7,-43.66,-31.89,0
1824,33.82,158.75,1.38,1.0,0.76,-47.45,-34.83,0
1825,36.48,180.13,1.25,1.0,0.92,-56.95,-42.21,0
1826,37.47,188.01,1.2,1.0,0.97,-60.45,-44.93,0
1827,37.63,189.31,1.2,1.0,0.98,-61.02,-45.37,0
1828,33.81,158.69,1.38,1.0,0.76,-47.42,-34.81,0
1829,39.9,207.5,1.09,1.0,1.11,-69.11,-51.65,0
1830,32.97,151.97,1.42,1.0,0.71,-44.43,-32.49,0
1831,31.82,142.71,1.47,1.0,0.65,-40.32,-29.3,0
1832,38.8,198.67,1.14,1.0,1.05,-65.19,-48.61,0
1833,32.42,147.55,1.44,1.0,0.68,-42.47,-30.97,0
1834,31.54,140.52,1.48,1.0,0.63,-39.34,-28.54,0
1835,35.53,172.49,1.3,1.0,0.86,-53.55,-39.57,0
1836,33.67,157.56,1.38,1.0,0.75,-46.92,-34.42,0
1837,40.24,210.23,1.07,1.0,1.13,-70.32,-52.59,0
1838,39.41,203.61,1.11,1.0,1.08,-67.38,-50.31,0
1839,34.75,166.22,1.33,1.0,0.82,-50.76,-37.41,0
1840,31.28,138.37,1.49,1.0,0.62,-38.39,-27.8,0
1841,34.98,168.09,1.32,1.0,0.83,-51.59,-38.05,0
1842,32.16,145.46,1.45,1.0,0.67,-41.54,-30.25,0
1843,33.12,153.12,1.41,1.0,0.72,-44.94,-32.89,0
1844,35.52,172.43,1.3,1.0,0.86,-53.52,-39.55,0
1845,41.82,222.91,1.0,1.0,1.22,-75.96,-56.97,0
1846,39.91,207.58,1.09,1.0,1.11,-69.15,-51.68,0
1847,38.0,192.3,1.18,1.0,1.0,-62.35,-46.41,0
1848,38.41,195.58,1.16,1.0,1.03,-63.81,-47.54,0
1849,34.83,166.88,1.33,1.0,0.82,-51.06,-37.64,0
1850,38.74,198.2,1.15,1.0,1.04,-64.98,-48.44,0
1851,36.46,179.92,1.25,1.0,0.91,-56.85,-42.14,0
1852,39.08,200.96,1.13,1.0,1.06,-66.2,-49.39,0
1853,38.88,199.31,1.14,1.0,1.05,-65.47,-48.83,0
1854,34.4,163.44,1.35,1.0,0.8,-49.53,-36.45,0
1855,39.41,203.56,1.11,1.0,1.08,-67.36,-50.29,0
1856,32.23,145.99,1.45,1.0,0.67,-41.77,-30.43,0
1857,37.31,186.72,1.21,1.0,0.96,-59.88,-44.48,0
1858,32.02,144.33,1.46,1.0,0.66,-41.03,-29.86,0
1859,34.78,166.44,1.33,1.0,0.82,-50.86,-37.48,0
1860,37.84,191.02,1.19,1.0,0.99,-61.79,-45.97,0
1861,31.85,142.94,1.47,1.0,0.65,-40.42,-29.38,0
1862,39.66,205.6,1.1,1.0,1.1,-68.27,-51.0,0
1863,33.6,157.04,1.39,1.0,0.75,-46.68,-34.24,0
1864,37.87,191.27,1.19,1.0,1.0,-61.9,-46.05,0
1865,41.54,220.66,1.01,1.0,1.21,-74.96,-56.19,0
1866,36.03,176.49,1.27,1.0,0.89,-55.33,-40.95,0
1867,34.69,165.75,1.33,1.0,0.81,-50.55,-37.25,0
1868,38.28,194.51,1.17,1.0,1.02,-63.34,-47.17,0
1869,39.61,205.15,1.1,1.0,1.09,-68.07,-50.84,0
1870,36.56,180.7,1.25,1.0,0.92,-57.2,-42.4,0
1871,41.24,218.28,1.03,1.0,1.19,-73.9,-55.37,0
1872,37.82,190.84,1.19,1.0,0.99,-61.71,-45.9,0
1873,31.77,142.38,1.47,1.0,0.65,-40.17,-29.18,0
1874,35.19,169.77,1.31,1.0,0.84,-52.34,-38.63,0
1875,32.84,150.94,1.42,1.0,0.71,-43.97,-32.14,0
1876,31.31,138.62,1.49,1.0,0.62,-38.5,-27.89,0
1877,32.32,146.73,1.45,1.0,0.68,-42.1,-30.69,0
1878,41.17,217.64,1.03,1.0,1.18,-73.62,-55.15,0
1879,36.16,177.53,1.27,1.0,0.9,-55.79,-41.31,0
1880,37.97,192.03,1.18,1.0,1.0,-62.24,-46.31,0
1881,33.88,159.28,1.37,1.0,0.77,-47.68,-35.01,0
1882,36.17,177.63,1.27,1.0,0.9,-55.83,-41.34,0
1883,37.91,191.55,1.18,1.0,1.0,-62.02,-46.15,0
1884,34.06,160.7,1.36,1.0,0.78,-48.31,-35.5,0
1885,37.53,188.48,1.2,1.0,0.98,-60.66,-45.09,0
1886,35.01,168.3,1.32,1.0,0.83,-51.69,-38.13,0
1887,41.68,221.77,1.01,1.0,1.21,-75.45,-56.58,0
1888,37.01,184.36,1.23,1.0,0.95,-58.83,-43.67,0
1889,39.96,207.99,1.09,1.0,1.11,-69.33,-51.82,0
1890,32.66,149.47,1.43,1.0,0.7,-43.32,-31.63,0
1891,34.61,165.12,1.34,1.0,0.81,-50.28,-37.03,0
1892,36.53,180.5,1.25,1.0,0.92,-57.11,-42.34,0
1893,32.72,149.93,1.43,1.0,0.7,-43.52,-31.79,0
1894,39.73,206.17,1.1,1.0,1.1,-68.52,-51.19,0
1895,40.98,216.2,1.04,1.0,1.17,-72.98,-54.65,0
1896,39.98,208.12,1.09,1.0,1.12,-69.39,-51.87,0
1897,33.98,160.02,1.37,1.0,0.77,-48.01,-35.27,0
1898,36.57,180.83,1.25,1.0,0.92,-57.26,-42.45,0
1899,37.61,189.12,1.2,1.0,0.98,-60.94,-45.31,0
1900,39.12,201.24,1.13,1.0,1.07,-66.33,-49.49,0
1901,37.43,187.68,1.21,1.0,0.97,-60.3,-44.81,0
1902,39.64,205.43,1.1,1.0,1.1,-68.19,-50.94,0
1903,38.74,198.24,1.14,1.0,1.05,-65.0,-48.46,0
1904,39.68,205.77,1.1,1.0,1.1,-68.34,-51.05,0
1905,33.52,156.38,1.39,1.0,0.75,-46.39,-34.01,0
1906,39.82,206.82,1.09,1.0,1.11,-68.81,-51.42,0
1907,38.39,195.39,1.16,1.0,1.02,-63.73,-47.48,0
1908,41.34,219.08,1.02,1.0,1.19,-74.26,-55.65,0
1909,36.39,179.4,1.25,1.0,0.91,-56.62,-41.96,0
1910,39.86,207.18,1.09,1.0,1.11,-68.97,-51.54,0
1911,34.28,162.48,1.35,1.0,0.79,-49.1,-36.12,0
1912,37.25,186.27,1.21,1.0,0.96,-59.68,-44.33,0
1913,34.54,164.51,1.34,1.0,0.8,-50.0,-36.82,0
1914,40.73,214.14,1.05,1.0,1.16,-72.06,-53.94,0
1915,31.94,143.7,1.46,1.0,0.66,-40.76,-29.64,0
1916,40.47,212.04,1.06,1.0,1.14,-71.13,-53.22,0
1917,34.06,160.67,1.36,1.0,0.78,-48.3,-35.49,0
1918,40.65,213.51,1.06,1.0,1.15,-71.78,-53.72,0
1919,41.33,218.93,1.02,1.0,1.19,-74.19,-55.6,0
1920,34.9,167.46,1.32,1.0,0.83,-51.32,-37.84,0
1921,32.33,146.8,1.45,1.0,0.68,-42.13,-30.71,0
1922,38.39,195.38,1.16,1.0,1.02,-63.72,-47.47,0
1923,38.71,197.96,1.15,1.0,1.04,-64.87,-48.36,0
1924,36.85,183.09,1.23,1.0,0.94,-58.26,-43.23,0
1925,39.48,204.18,1.11,1.0,1.09,-67.63,-50.51,0
1926,35.37,171.18,1.3,1.0,0.85,-52.97,-39.12,0
1927,38.18,193.73,1.17,1.0,1.01,-62.99,-46.9,0
1928,34.28,162.48,1.35,1.0,0.79,-49.1,-36.12,0
1929,40.48,212.14,1.06,1.0,1.14,-71.17,-53.25,0
1930,37.79,190.62,1.19,1.0,0.99,-61.61,-45.83,0
1931,37.82,190.85,1.19,1.0,0.99,-61.71,-45.91,0
1932,33.06,152.65,1.41,1.0,0.72,-44.73,-32.73,0
1933,34.99,168.13,1.32,1.0,0.83,-51.61,-38.07,0
1934,34.57,164.74,1.34,1.0,0.81,-50.11,-36.9,0
1935,32.04,144.47,1.46,1.0,0.66,-41.1,-29.91,0
1936,33.84,158.89,1.37,1.0,0.76,-47.51,-34.88,0
1937,40.37,211.26,1.07,1.0,1.14,-70.78,-52.95,0
1938,37.41,187.56,1.21,1.0,0.97,-60.25,-44.77,0
1939,32.36,147.03,1.44,1.0,0.68,-42.24,-30.79,0
1940,38.41,195.56,1.16,1.0,1.03,-63.8,-47.53,0
1941,36.88,183.28,1.23,1.0,0.94,-58.34,-43.29,0
1942,38.07,192.8,1.18,1.0,1.01,-62.58,-46.58,0
1943,31.93,143.58,1.46,1.0,0.65,-40.7,-29.6,0
1944,39.11,201.17,1.13,1.0,1.07,-66.3,-49.47,0
1945,32.14,145.33,1.45,1.0,0.67,-41.48,-30.2,0
1946,38.76,198.37,1.14,1.0,1.05,-65.06,-48.5,0
1947,31.25,138.2,1.5,1.0,0.62,-38.31,-27.74,0
1948,38.83,198.91,1.14,1.0,1.05,-65.3,-48.69,0
1949,35.52,172.37,1.3,1.0,0.86,-53.5,-39.53,0
1950,34.7,165.83,1.33,1.0,0.81,-50.59,-37.27,0
1951,38.58,196.94,1.15,1.0,1.04,-64.42,-48.01,0
1952,33.06,152.68,1.41,1.0,0.72,-44.75,-32.74,0
1953,41.0,216.33,1.04,1.0,1.17,-73.03,-54.7,0
1954,32.63,149.26,1.43,1.0,0.7,-43.23,-31.56,0
1955,31.23,138.02,1.5,1.0,0.61,-38.23,-27.68,0
1956,40.52,212.46,1.06,1.0,1.15,-71.31,-53.36,0
1957,37.47,188.01,1.2,1.0,0.97,-60.45,-44.93,0
1958,32.33,146.79,1.45,1.0,0.68,-42.13,-30.71,0
1959,35.89,175.36,1.28,1.0,0.88,-54.82,-40.56,0
1960,34.21,161.86,1.36,1.0,0.79,-48.83,-35.91,0
1961,39.54,204.65,1.11,1.0,1.09,-67.85,-50.67,0
1962,39.03,200.57,1.13,1.0,1.06,-66.03,-49.26,0
1963,37.12,185.21,1.22,1.0,0.95,-59.2,-43.96,0
1964,41.42,219.65,1.02,1.0,1.2,-74.51,-55.84,0
1965,39.82,206.86,1.09,1.0,1.11,-68.83,-51.43,0
1966,33.4,155.39,1.4,1.0,0.74,-45.95,-33.67,0
1967,40.71,214.0,1.05,1.0,1.16,-72.0,-53.89,0
1968,38.02,192.43,1.18,1.0,1.0,-62.42,-46.45,0
1969,34.68,165.67,1.34,1.0,0.81,-50.52,-37.22,0
1970,38.92,199.63,1.14,1.0,1.06,-65.61,-48.94,0
1971,37.1,185.04,1.22,1.0,0.95,-59.13,-43.9,0
1972,39.71,205.98,1.1,1.0,1.1,-68.44,-51.13,0
1973,32.65,149.41,1.43,1.0,0.7,-43.29,-31.61,0
1974,36.15,177.47,1.27,1.0,0.9,-55.76,-41.29,0
1975,34.7,165.83,1.33,1.0,0.81,-50.59,-37.27,0
1976,34.11,161.06,1.36,1.0,0.78,-48.47,-35.63,0
1977,39.78,206.53,1.1,1.0,1.1,-68.68,-51.32,0
1978,34.41,163.51,1.35,1.0,0.8,-49.56,-36.47,0
1979,40.48,212.13,1.06,1.0,1.14,-71.17,-53.25,0
1980,34.27,162.4,1.35,1.0,0.79,-49.07,-36.09,0
1981,40.01,208.41,1.09,1.0,1.12,-69.52,-51.97,0
1982,35.86,175.13,1.28,1.0,0.88,-54.72,-40.48,0
1983,39.65,205.53,1.1,1.0,1.1,-68.24,-50.97,0
1984,37.52,188.39,1.2,1.0,0.97,-60.62,-45.06,0
1985,40.35,211.14,1.07,1.0,1.14,-70.73,-52.91,0
1986,40.4,211.54,1.07,1.0,1.14,-70.91,-53.05,0
1987,34.21,161.92,1.36,1.0,0.79,-48.85,-35.93,0
1988,36.84,183.0,1.23,1.0,0.94,-58.22,-43.2,0
1989,34.78,166.43,1.33,1.0,0.82,-50.86,-37.48,0
1990,31.56,140.64,1.48,1.0,0.63,-39.4,-28.58,0
1991,37.35,187.09,1.21,1.0,0.97,-60.04,-44.61,0
1992,32.84,150.89,1.42,1.0,0.71,-43.95,-32.12,0
1993,40.88,215.34,1.04,1.0,1.17,-72.59,-54.36,0
1994,39.29,202.65,1.12,1.0,1.08,-66.95,-49.98,0
1995,39.23,202.12,1.12,1.0,1.07,-66.72,-49.8,0
1996,34.46,163.92,1.35,1.0,0.8,-49.74,-36.62,0
1997,35.71,173.91,1.29,1.0,0.87,-54.18,-40.06,0
1998,36.94,183.77,1.23,1.0,0.94,-58.56,-43.46,0
1999,39.46,203.97,1.11,1.0,1.09,-67.54,-50.43,0
2000,35.22,170.0,1.31,1.0,0.84,-52.45,-38.71,0
2001,34.18,161.62,1.36,1.0,0.78,-48.72,-35.82,0
2002,32.79,150.5,1.42,1.0,0.7,-43.78,-31.98,0
2003,32.6,148.99,1.43,1.0,0.69,-43.11,-31.47,0
2004,34.81,166.7,1.33,1.0,0.82,-50.98,-37.58,0
2005,41.08,216.97,1.04,1.0,1.18,-73.32,-54.92,0
2006,34.96,167.92,1.32,1.0,0.83,-51.52,-38.0,0
2007,32.06,144.64,1.46,1.0,0.66,-41.17,-29.96,0
2008,36.89,183.36,1.23,1.0,0.94,-58.38,-43.32,0
2009,37.81,190.76,1.19,1.0,0.99,-61.67,-45.88,0
2010,33.72,158.0,1.38,1.0,0.76,-47.11,-34.57,0
2011,38.63,197.33,1.15,1.0,1.04,-64.59,-48.14,0
2012,32.43,147.65,1.44,1.0,0.68,-42.51,-31.0,0
2013,40.75,214.34,1.05,1.0,1.16,-72.15,-54.01,0
2014,33.81,158.72,1.38,1.0,0.76,-47.43,-34.82,0
2015,33.13,153.24,1.41,1.0,0.72,-45.0,-32.93,0
2016,38.8,198.65,1.14,1.0,1.05,-65.18,-48.6,0
2017,40.93,215.76,1.04,1.0,1.17,-72.78,-54.5,0
2018,34.24,162.12,1.36,1.0,0.79,-48.94,-36.0,0
2019,38.27,194.42,1.17,1.0,1.02,-63.3,-47.14,0
2020,38.87,199.25,1.14,1.0,1.05,-65.45,-48.81,0
2021,41.46,220.01,1.02,1.0,1.2,-74.67,-55.97,0
2022,34.67,165.59,1.34,1.0,0.81,-50.48,-37.19,0
2023,31.67,141.56,1.48,1.0,0.64,-39.81,-28.9,0
2024,33.51,156.32,1.39,1.0,0.75,-46.36,-33.99,0
2025,38.54,196.62,1.15,1.0,1.03,-64.28,-47.9,0
2026,36.57,180.81,1.25,1.0,0.92,-57.25,-42.44,0
2027,40.84,215.06,1.05,1.0,1.17,-72.47,-54.26,0
2028,38.9,199.52,1.14,1.0,1.05,-65.57,-48.9,0
2029,37.7,189.91,1.19,1.0,0.99,-61.29,-45.58,0
2030,33.26,154.32,1.4,1.0,0.73,-45.47,-33.3,0
2031,32.97,151.93,1.42,1.0,0.71,-44.41,-32.48,0
2032,35.63,173.25,1.29,1.0,0.87,-53.89,-39.83,0
2033,37.56,188.72,1.2,1.0,0.98,-60.77,-45.17,0
2034,35.64,173.38,1.29,1.0,0.87,-53.95,-39.88,0
2035,32.53,148.42,1.44,1.0,0.69,-42.85,-31.27,0
2036,40.82,214.87,1.05,1.0,1.16,-72.39,-54.19,0
2037,36.06,176.73,1.27,1.0,0.89,-55.43,-41.03,0
2038,31.37,139.12,1.49,1.0,0.62,-38.72,-28.06,0
2039,39.34,202.99,1.12,1.0,1.08,-67.11,-50.1,0
2040,41.39,219.41,1.02,1.0,1.2,-74.41,-55.76,0
2041,39.96,207.97,1.09,1.0,1.11,-69.32,-51.81,0
2042,38.07,192.85,1.18,1.0,1.01,-62.6,-46.6,0
2043,35.44,171.73,1.3,1.0,0.86,-53.21,-39.31,0
2044,31.26,138.21,1.5,1.0,0.62,-38.32,-27.75,0
2045,35.13,169.24,1.31,1.0,0.84,-52.11,-38.45,0
2046,38.99,200.19,1.13,1.0,1.06,-65.86,-49.13,0
2047,41.22,218.09,1.03,1.0,1.19,-73.82,-55.31,0
2048,39.67,205.66,1.1,1.0,1.1,-68.29,-51.02,0
2049,36.84,182.97,1.23,1.0,0.94,-58.21,-43.19,0
2050,40.62,213.28,1.06,1.0,1.15,-71.68,-53.65,0
2051,32.4,147.42,1.44,1.0,0.68,-42.41,-30.92,0
2052,35.41,171.55,1.3,1.0,0.85,-53.13,-39.25,0
2053,41.17,217.68,1.03,1.0,1.18,-73.63,-55.16,0
2054,39.05,200.72,1.13,1.0,1.06,-66.1,-49.31,0
2055,36.95,183.88,1.23,1.0,0.94,-58.61,-43.5,0
2056,35.44,171.73,1.3,1.0,0.86,-53.21,-39.31,0
2057,41.74,222.23,1.0,1.0,1.22,-75.66,-56.74,0
2058,38.37,195.26,1.16,1.0,1.02,-63.67,-47.43,0
2059,33.13,153.23,1.41,1.0,0.72,-44.99,-32.93,0
2060,31.82,142.7,1.47,1.0,0.65,-40.31,-29.3,0
2061,36.56,180.7,1.25,1.0,0.92,-57.2,-42.4,0
2062,41.28,218.53,1.03,1.0,1.19,-74.01,-55.46,0
2063,40.05,208.68,1.08,1.0,1.12,-69.64,-52.06,0
2064,38.19,193.84,1.17,1.0,1.01,-63.04,-46.94,0
2065,31.68,141.61,1.48,1.0,0.64,-39.83,-28.92,0
2066,41.33,218.99,1.02,1.0,1.19,-74.22,-55.62,0
2067,35.2,169.79,1.31,1.0,0.84,-52.35,-38.64,0
2068,35.35,171.03,1.3,1.0,0.85,-52.9,-39.07,0
2069,31.36,139.09,1.49,1.0,0.62,-38.71,-28.05,0
2070,32.31,146.63,1.45,1.0,0.68,-42.06,-30.65,0
2071,36.02,176.37,1.27,1.0,0.89,-55.28,-40.91,0
2072,31.6,140.94,1.48,1.0,0.64,-39.53,-28.69,0
2073,33.62,157.14,1.39,1.0,0.75,-46.73,-34.28,0
2074,37.25,186.28,1.21,1.0,0.96,-59.68,-44.33,0
2075,41.53,220.58,1.01,1.0,1.2,-74.92,-56.16,0
2076,32.95,151.79,1.42,1.0,0.71,-44.35,-32.43,0
2077,37.63,189.31,1.2,1.0,0.98,-61.03,-45.38,0
2078,36.24,178.16,1.26,1.0,0.9,-56.07,-41.53,0
2079,37.38,187.28,1.21,1.0,0.97,-60.12,-44.68,0
2080,40.83,214.94,1.05,1.0,1.16,-72.42,-54.22,0
2081,32.05,144.59,1.46,1.0,0.66,-41.15,-29.94,0
2082,38.29,194.63,1.17,1.0,1.02,-63.39,-47.21,0
2083,35.88,175.3,1.28,1.0,0.88,-54.8,-40.54,0
2084,31.75,142.15,1.47,1.0,0.64,-40.07,-29.1,0
2085,34.71,165.93,1.33,1.0,0.81,-50.63,-37.31,0
2086,31.17,137.52,1.5,1.0,0.61,-38.01,-27.51,0
2087,38.56,196.79,1.15,1.0,1.03,-64.35,-47.96,0
2088,31.57,140.7,1.48,1.0,0.63,-39.42,-28.6,0
2089,33.83,158.82,1.38,1.0,0.76,-47.48,-34.86,0
2090,32.72,149.92,1.43,1.0,0.7,-43.52,-31.79,0
2091,38.69,197.83,1.15,1.0,1.04,-64.81,-48.32,0
2092,38.36,195.18,1.16,1.0,1.02,-63.63,-47.4,0
2093,37.23,186.12,1.22,1.0,0.96,-59.61,-44.27,0
2094,35.17,169.6,1.31,1.0,0.84,-52.26,-38.57,0
2095,32.02,144.3,1.46,1.0,0.66,-41.02,-29.85,0
2096,37.1,185.1,1.22,1.0,0.95,-59.15,-43.92,0
2097,36.31,178.72,1.26,1.0,0.91,-56.32,-41.72,0
2098,35.96,175.9,1.28,1.0,0.89,-55.06,-40.75,0
2099,37.96,191.98,1.18,1.0,1.0,-62.21,-46.3,0
2100,34.03,160.43,1.37,1.0,0.78,-48.19,-35.41,0
2101,37.93,191.74,1.18,1.0,1.0,-62.11,-46.21,0
2102,36.12,177.23,1.27,1.0,0.9,-55.66,-41.21,0
2103,31.55,140.53,1.48,1.0,0.63,-39.35,-28.55,0
2104,31.97,143.96,1.46,1.0,0.66,-40.87,-29.73,0
2105,35.29,170.52,1.31,1.0,0.85,-52.68,-38.89,0
2106,39.15,201.49,1.13,1.0,1.07,-66.44,-49.58,0
2107,37.26,186.32,1.21,1.0,0.96,-59.7,-44.34,0
2108,37.76,190.36,1.19,1.0,0.99,-61.49,-45.74,0
2109,34.87,167.15,1.33,1.0,0.82,-51.18,-37.73,0
2110,40.0,208.32,1.09,1.0,1.12,-69.47,-51.93,0
2111,41.21,217.99,1.03,1.0,1.19,-73.77,-55.27,0
2112,38.66,197.6,1.15,1.0,1.04,-64.71,-48.24,0
2113,38.31,194.76,1.17,1.0,1.02,-63.45,-47.26,0
2114,34.13,161.26,1.36,1.0,0.78,-48.56,-35.7,0
2115,38.48,196.14,1.16,1.0,1.03,-64.06,-47.73,0
2116,41.77,222.5,1.0,1.0,1.22,-75.78,-56.83,0
2117,37.73,190.12,1.19,1.0,0.99,-61.38,-45.65,0
2118,34.31,162.67,1.35,1.0,0.79,-49.19,-36.19,0
2119,31.21,137.82,1.5,1.0,0.61,-38.14,-27.61,0
2120,39.29,202.65,1.12,1.0,1.08,-66.96,-49.98,0
2121,33.67,157.55,1.38,1.0,0.75,-46.91,-34.42,0
2122,34.15,161.43,1.36,1.0,0.78,-48.64,-35.76,0
2123,37.77,190.4,1.19,1.0,0.99,-61.51,-45.75,0
2124,32.97,151.97,1.42,1.0,0.71,-44.43,-32.49,0
2125,38.87,199.26,1.14,1.0,1.05,-65.45,-48.81,0
2126,32.54,148.5,1.44,1.0,0.69,-42.89,-31.3,0
2127,35.66,173.53,1.29,1.0,0.87,-54.01,-39.93,0
2128,38.72,198.04,1.15,1.0,1.04,-64.91,-48.39,0
2129,37.58,188.87,1.2,1.0,0.98,-60.83,-45.22,0
2130,37.07,184.81,1.22,1.0,0.95,-59.02,-43.82,0
2131,41.15,217.5,1.03,1.0,1.18,-73.55,-55.1,0
2132,36.49,180.14,1.25,1.0,0.92,-56.95,-42.21,0
2133,34.31,162.71,1.35,1.0,0.79,-49.21,-36.2,0
2134,31.54,140.5,1.48,1.0,0.63,-39.33,-28.54,0
2135,31.65,141.36,1.48,1.0,0.64,-39.71,-28.83,0
2136,37.95,191.9,1.18,1.0,1.0,-62.18,-46.27,0
2137,35.94,175.72,1.28,1.0,0.88,-54.99,-40.69,0
2138,38.09,192.96,1.18,1.0,1.01,-62.65,-46.64,0
2139,37.37,187.23,1.21,1.0,0.97,-60.1,-44.66,0
2140,32.16,145.48,1.45,1.0,0.67,-41.55,-30.25,0
2141,33.38,155.26,1.4,1.0,0.74,-45.89,-33.63,0
2142,33.55,156.58,1.39,1.0,0.75,-46.48,-34.08,0
2143,39.48,204.13,1.11,1.0,1.09,-67.61,-50.49,0
2144,34.25,162.22,1.36,1.0,0.79,-48.98,-36.03,0
2145,32.01,144.25,1.46,1.0,0.66,-41.0,-29.83,0
2146,40.03,208.56,1.08,1.0,1.12,-69.58,-52.02,0
2147,33.71,157.85,1.38,1.0,0.76,-47.05,-34.52,0
2148,38.05,192.66,1.18,1.0,1.01,-62.51,-46.53,0
2149,37.08,184.9,1.22,1.0,0.95,-59.07,-43.85,0
2150,32.32,146.77,1.45,1.0,0.68,-42.12,-30.7,0
2151,33.59,156.93,1.39,1.0,0.75,-46.64,-34.21,0
2152,35.58,172.9,1.29,1.0,0.86,-53.74,-39.72,0
2153,32.92,151.56,1.42,1.0,0.71,-44.25,-32.35,0
2154,38.54,196.57,1.15,1.0,1.03,-64.26,-47.88,0
2155,36.58,180.86,1.25,1.0,0.92,-57.27,-42.46,0
2156,39.21,201.99,1.12,1.0,1.07,-66.66,-49.75,0
2157,33.84,158.91,1.37,1.0,0.76,-47.52,-34.89,0
2158,37.67,189.61,1.2,1.0,0.98,-61.16,-45.48,0
2159,35.97,176.04,1.27,1.0,0.89,-55.13,-40.8,0
2160,39.75,206.27,1.1,1.0,1.1,-68.56,-51.23,0
2161,33.8,158.64,1.38,1.0,0.76,-47.39,-34.79,0
2162,38.89,199.42,1.14,1.0,1.05,-65.52,-48.86,0
2163,38.56,196.77,1.15,1.0,1.03,-64.34,-47.95,0
2164,32.02,144.37,1.46,1.0,0.66,-41.05,-29.87,0
2165,32.49,148.11,1.44,1.0,0.69,-42.72,-31.16,0
2166,41.41,219.6,1.02,1.0,1.2,-74.49,-55.83,0
2167,36.94,183.77,1.23,1.0,0.94,-58.56,-43.46,0
2168,37.2,185.86,1.22,1.0,0.96,-59.5,-44.19,0
2169,37.65,189.48,1.2,1.0,0.98,-61.1,-45.43,0
2170,41.38,219.37,1.02,1.0,1.2,-74.39,-55.75,0
2171,36.23,178.06,1.26,1.0,0.9,-56.02,-41.49,0
2172,38.92,199.68,1.14,1.0,1.06,-65.63,-48.95,0
2173,39.6,205.1,1.1,1.0,1.09,-68.04,-50.82,0
2174,31.39,139.26,1.49,1.0,0.62,-38.78,-28.11,0
2175,41.68,221.8,1.01,1.0,1.21,-75.47,-56.59,0
2176,31.27,138.34,1.5,1.0,0.62,-38.37,-27.79,0
2177,36.5,180.23,1.25,1.0,0.92,-56.99,-42.24,0
2178,39.07,200.83,1.13,1.0,1.06,-66.15,-49.35,0
2179,32.95,151.8,1.42,1.0,0.71,-44.36,-32.43,0
2180,32.74,150.11,1.43,1.0,0.7,-43.6,-31.85,0
2181,33.46,155.87,1.39,1.0,0.74,-46.16,-33.84,0
2182,36.95,183.84,1.23,1.0,0.94,-58.6,-43.49,0
2183,33.51,156.27,1.39,1.0,0.75,-46.34,-33.98,0
2184,32.18,145.61,1.45,1.0,0.67,-41.6,-30.3,0
2185,36.67,181.64,1.24,1.0,0.93,-57.62,-42.73,0
2186,32.49,148.09,1.44,1.0,0.69,-42.71,-31.15,0
2187,35.5,172.24,1.3,1.0,0.86,-53.44,-39.49,0
2188,31.6,140.99,1.48,1.0,0.64,-39.55,-28.7,0
2189,32.54,148.51,1.44,1.0,0.69,-42.89,-31.3,0
2190,34.49,164.14,1.34,1.0,0.8,-49.84,-36.69,0
2191,39.36,203.18,1.12,1.0,1.08,-67.19,-50.16,0
2192,32.59,148.95,1.43,1.0,0.69,-43.09,-31.45,0
2193,31.67,141.57,1.48,1.0,0.64,-39.81,-28.9,0
2194,38.49,196.21,1.16,1.0,1.03,-64.09,-47.76,0
2195,35.98,176.1,1.27,1.0,0.89,-55.16,-40.82,0
2196,33.48,156.06,1.39,1.0,0.74,-46.25,-33.9,0
2197,34.8,166.61,1.33,1.0,0.82,-50.94,-37.54,0
2198,33.57,156.78,1.39,1.0,0.75,-46.57,-34.15,0
2199,38.15,193.48,1.17,1.0,1.01,-62.88,-46.81,0
2200,32.86,151.04,1.42,1.0,0.71,-44.02,-32.17,0
2201,38.72,198.06,1.15,1.0,1.04,-64.92,-48.39,0
2202,37.39,187.4,1.21,1.0,0.97,-60.18,-44.72,0
2203,38.54,196.61,1.15,1.0,1.03,-64.27,-47.9,0
2204,40.77,214.51,1.05,1.0,1.16,-72.23,-54.07,0
2205,38.52,196.46,1.16,1.0,1.03,-64.2,-47.84,0
2206,35.55,172.63,1.29,1.0,0.86,-53.61,-39.62,0
2207,32.94,151.74,1.42,1.0,0.71,-44.33,-32.41,0
2208,35.58,172.9,1.29,1.0,0.86,-53.74,-39.72,0
2209,34.14,161.3,1.36,1.0,0.78,-48.58,-35.71,0
2210,36.78,182.48,1.24,1.0,0.93,-57.99,-43.02,0
2211,39.57,204.86,1.11,1.0,1.09,-67.94,-50.74,0
2212,37.87,191.26,1.19,1.0,1.0,-61.9,-46.05,0
2213,34.92,167.62,1.32,1.0,0.83,-51.38,-37.89,0
2214,34.09,160.93,1.36,1.0,0.78,-48.41,-35.58,0
2215,32.24,146.13,1.45,1.0,0.67,-41.84,-30.48,0
2216,35.81,174.71,1.28,1.0,0.88,-54.54,-40.34,0
2217,38.65,197.47,1.15,1.0,1.04,-64.65,-48.19,0
2218,38.71,197.95,1.15,1.0,1.04,-64.87,-48.36,0
2219,40.9,215.54,1.04,1.0,1.17,-72.68,-54.42,0
2220,36.82,182.8,1.24,1.0,0.93,-58.13,-43.13,0
2221,41.8,222.72,1.0,1.0,1.22,-75.88,-56.9,0
2222,39.96,208.0,1.09,1.0,1.12,-69.33,-51.83,0
2223,39.5,204.27,1.11,1.0,1.09,-67.67,-50.54,0
2224,39.93,207.78,1.09,1.0,1.11,-69.24,-51.75,0
2225,36.07,176.83,1.27,1.0,0.89,-55.48,-41.07,0
2226,36.77,182.45,1.24,1.0,0.93,-57.98,-43.01,0
2227,40.17,209.69,1.08,1.0,1.13,-70.08,-52.41,0
2228,41.55,220.7,1.01,1.0,1.21,-74.98,-56.21,0
2229,33.55,156.59,1.39,1.0,0.75,-46.49,-34.09,0
2230,38.57,196.86,1.15,1.0,1.04,-64.38,-47.98,0
2231,35.51,172.28,1.3,1.0,0.86,-53.46,-39.5,0
2232,34.27,162.36,1.35,1.0,0.79,-49.05,-36.08,0
2233,36.02,176.39,1.27,1.0,0.89,-55.28,-40.92,0
2234,38.32,194.87,1.16,1.0,1.02,-63.5,-47.3,0
2235,32.85,150.97,1.42,1.0,0.71,-43.99,-32.15,0
2236,40.08,208.94,1.08,1.0,1.12,-69.75,-52.15,0
2237,33.39,155.34,1.4,1.0,0.74,-45.93,-33.66,0
2238,31.8,142.58,1.47,1.0,0.65,-40.26,-29.25,0
2239,35.94,175.76,1.28,1.0,0.88,-55.0,-40.7,0
