test_idx,candidate_id,nuc,arexp,ent,ndev,age,asexp,la,ld,proba0,proba1,num_features_changed,dist_unit_l2
6527,0,25.0,708.166666666678,0.9483191958680681,2.0,57.5454545454545,0.0010376573272888,199.0,138.0,0.5000441428255319,0.4999558571744681,1,1.08681826350817
6529,0,73.6,709.166666666678,0.392068356087017,2.36,31.12,0.0010376573272888,281.0,145.0,0.5000047611772628,0.4999952388227372,1,2.0510297202809635
6530,0,45.8229166666667,711.166666666678,2.502990656162952,0.708333333333333,62.875,0.0010376573272888,1.18408203125,1029.0,0.5000618327338671,0.499938167266133,2,33.983703647718585
6531,0,369.6679387944083,34.0,1.63477141464668,16.8571428571429,39.8571428571429,0.995861282812188,150.0,52.0,0.5000122510773537,0.49998774892264625,1,4.636620603646501
6532,0,7.8,901.8666666666928,1.41418136540061,1.5,0.0,1.65685419499641,72.27197265625,99.0,0.500131314963016,0.49986868503698406,1,32.27339481738018
6533,0,56.54761904761912,712.166666666678,0.6318486680361924,1.4047619047619,0.119047619047619,0.0010376573272888,229.0,242.0,0.5000978301527027,0.4999021698472973,1,3.078948643463263
6537,0,630.111111111111,336.0,0.874373398742665,12.666666666666698,77.0,0.514720126831093,132.0,52.0,0.5000149807159076,0.49998501928409245,1,1.2032062112181114
6540,0,40.3076923076923,724.166666666678,0.4744312403625815,2.46153846153846,53.0769230769231,0.0010376573272888,288.0,141.0,0.5000036452764528,0.4999963547235472,1,2.090552862137254
6543,0,533.222222222222,343.0,1.0873224364255023,12.666666666666698,20.7777777777778,0.514720126831093,113.0,93.0,0.5000233735443234,0.4999766264556766,1,0.7079215164941687
6544,0,466.636363636364,98.0,1.6642178771255929,10.4545454545455,23.7272727272727,1.14814814815134,1.0,30.0,0.5000104404056838,0.4999895595943163,2,15.98920700641149
6545,0,105.71186440678,35.0,2.0007587745122026,1.9661016949152497,50.1864406779661,1.15703902668251,1.0,214.0,0.5000259002907594,0.49997409970924056,2,61.76376096100483
6546,0,138.885714285714,118.0,1.898940509945629,3.2285714285714304,40.085714285714296,0.7138666491518859,1.134033203125,98.0,0.5000336402394105,0.4999663597605895,2,24.73372678179489
6550,0,376.642857142857,326.666666666666,1.593392847837447,8.071428571428571,4.57142857142857,0.484444303402537,1.0,42.0,0.5000095413314312,0.49999045866856884,2,19.562280068594262
6551,0,1044.1829392910004,893.400000000027,1.05315009849382,28.25,2.25,1.25720880955949,91.0,2.0,0.5000005002750298,0.4999994997249702,1,0.1753390719298249
6553,0,79.375,40.0,1.930854709895876,4.25,17.75,0.338083614741911,49.0,248.0,0.5000084942259955,0.4999915057740046,1,0.38443614162618833
6555,0,1093.6886335015297,37.0,0.150633715078446,38.0,2.3333333333333304,1.38764997489117,420.0,3.0,0.5000081948522177,0.49999180514778224,1,3.1280005521941057
6559,0,234.636363636364,40.0,2.127050208501231,3.6969696969697,86.0,0.7478014621496031,1.0,481.0,0.5000244757477621,0.4999755242522379,2,49.20254042804251
6564,0,683.428571428571,889.48333333336,1.3282728465405524,16.2857142857143,5.14285714285714,1.25720880955949,17.0,16.0,0.5000352279144847,0.49996477208551526,1,1.0039999641492168
6569,0,23.34375,350.5,2.6207557285786516,0.96875,117.59375,0.227547918446589,0.0,818.0,0.5000162003369626,0.49998379966303746,2,125.00644220071584
6581,0,186.125,45.0,2.0680628954169284,3.025,47.6,1.15703902668251,1.0,442.0,0.5000173014680228,0.4999826985319772,2,26.2376974694018
6582,0,69.0,44.5,1.4035198526925095,4.25,79.875,0.6040903009913261,150.0,38.0,0.5000058108205909,0.49999418917940913,1,0.17116693296129742
6584,0,86.1538461538462,725.8333333333452,1.5792682569475156,2.69230769230769,8.153846153846152,0.0010376573272888,27.0,28.0,0.5000524854039284,0.49994751459607156,1,1.371489216651465
6585,0,37.7647058823529,726.8333333333452,2.0471318964651073,2.0,13.176470588235302,1.7144260926158495e-05,1.0,398.0,0.5000192682210121,0.4999807317789879,2,18.94293649872812
6586,0,78.0,727.8333333333452,0.9550778663631667,4.28571428571429,0.4285714285714289,0.0010376573272888,184.0,133.0,0.5000045692598143,0.49999543074018576,1,1.0649745238779342
6590,0,797.833333333333,902.200000000027,1.3310110285100338,19.3333333333333,3.5,1.66426022112117,13.0,20.0,0.5000003844806696,0.49999961551933036,1,0.5051867723918699
6594,0,344.23076923076894,44.0,0.7117405890335542,9.0,22.846153846153804,0.384511157097563,240.0,216.0,0.5000565355238001,0.49994346447619986,1,1.3014675876462203
6595,0,3.6666666666666696,906.183333333361,1.5083081759708656,0.666666666666667,2.6666666666666696,1121.0,47.0,18.0,0.500000376279923,0.49999962372007706,1,0.01715516166327352
6599,0,24.2051282051282,356.5,2.687028597081299,0.794871794871795,10.3846153846154,0.227547918446589,1.0,1252.0,0.5000012529758415,0.49999874702415853,2,53.914381785273385
6604,0,277.727272727273,137.0,2.3363325260789436,5.40909090909091,80.2727272727273,0.53207995487794,1.0,764.0,0.5000080383827801,0.4999919616172199,2,85.30333000733746
6608,0,631.3960646629334,1015.26666666669,1.30513146320747,23.8,0.0,0.0620360895068831,147.0,48.0,0.5000068960862929,0.49999310391370705,1,3.0570826414908243
6610,0,755.5,329.33333333333303,1.5036808373155899,19.6666666666667,18.8333333333333,1.6729214586464098,32.0,14.0,0.5000016532131288,0.4999983467868711,1,0.10916227577973425
6611,0,25.7627118644068,47.0,3.589815516242721,0.8135593220338979,42.2372881355932,0.415445902287621,1.0,2302.0,0.5000031992656803,0.49999680073431974,2,135.53034676524052
6612,0,5.5,358.0,1.17348646104016,2.0,6.5,0.227547918446589,167.39078283309937,205.0,0.5000273537909827,0.4999726462090173,1,6.862233786001791
6620,0,65.28571428571429,49.0,3.16110056604867,1.26530612244898,28.6530612244898,0.4154459032189579,1.710205078125,1833.0,0.5004070437012058,0.4995929562987942,1,104.9188270570516
6621,0,26.2539682539683,365.0,2.7792951984135534,0.6507936507936509,13.1111111111111,0.227547918446589,1.0,1394.0,0.5000385589214372,0.4999614410785628,2,51.946106070085165
6638,0,376.333333333333,17.0,0.1465399636006283,10.0,1.33333333333333,1.33327621709754,321.0,67.0,0.5000107212669744,0.4999892787330255,1,1.654621613421158
6639,0,19.75,17.0,0.14161090270329024,2.0833333333333304,1.75,1.91097259521484,358.0,98.0,0.5000233340175382,0.4999766659824618,1,1.4432493099269177
6642,0,63.5,98.4999999999998,1.8768200869145697,2.75,0.0,1.16909826683098,0.0,1.0,0.500040229728351,0.49995977027164895,2,32.480315577375066
6643,0,174.6,141.5,1.7859478352110056,4.76,2.4,0.53210557535794,1.0,7.0,0.5000285052763189,0.4999714947236811,2,60.95298240402907
6644,0,735.666666666667,19.0,1.3841095645366015,13.555555555555598,0.0,0.916662598370749,1.0,156.0,0.5000020844920606,0.49999791550793937,2,17.71868924906324
6646,0,186.903846153846,327.33333333333303,1.8765667408571503,2.40384615384615,37.884615384615394,0.484444303402537,1.0,361.0,0.5000079053808637,0.49999209461913635,2,67.8333147778779
6656,0,61.52,370.0,1.41641753236439,1.84,25.56,0.227547918446589,77.450439453125,21.0,0.5000321560990547,0.4999678439009453,1,18.460792326402114
6657,0,167.0,21.0,1.86802586514787,6.16666666666667,7.66666666666667,17.0,19.0,28.0,0.5000052275836182,0.4999947724163818,1,0.19046237975854308
6659,0,787.5,340.33333333333303,0.22605747896330466,15.0,3.5,0.6368575109279829,190.0,15.0,0.5000504859232823,0.4999495140767177,1,1.5079803096771607
6670,0,163.28125,0.0,2.0654709803347338,3.84375,74.6875,0.0,1.0,195.0,0.5000001529384672,0.4999998470615327,2,56.43870103506889
6671,0,1098.469867348671,2.5,1.7256531421256998,31.25,5.25,1.75,24.0,11.0,0.5000128420560851,0.4999871579439149,1,1.8490764586355422
6672,0,55.90196078431371,4.0,2.035401819157584,0.96078431372549,14.6862745098039,0.8125,1.15869140625,315.0,0.500002719660836,0.499997280339164,2,29.300700130869437
6675,0,745.1632097363472,345.333333333333,1.3331850386338202,30.5,1.5,0.8866133703029829,214.0,0.0,0.5000004684839539,0.49999953151604615,1,3.3126404446364344
6681,0,77.8666666666667,97.5,2.2547301341538164,1.44444444444444,28.6,0.498015385552507,1.0,617.0,0.5000552728667953,0.4999447271332047,2,56.684690296419284
6683,0,187.833333333333,53.0,1.5378889794163009,5.125,6.375,1.15703902668251,55.0,16.0,0.5000299655518361,0.49997003444816385,1,1.5363950228832755
6691,0,703.714285714286,191.25,0.97699864325944,18.0,4.28571428571429,0.964260850178546,133.0,36.0,0.500001186393081,0.499998813606919,1,0.5812115106487022
6692,0,678.0,109.666666666666,1.3943245793150663,18.0,71.1428571428571,1.0280488864184398,90.0,4.0,0.500010737955555,0.49998926204444505,1,0.7290272204900636
6700,0,16.952380952381002,399.5,1.1896691504100525,1.23809523809524,14.333333333333302,0.227547918446589,158.0,261.0,0.5000241536267316,0.4999758463732684,1,1.1283167722345309
6707,0,690.428571428571,879.6833333333618,1.1401227684035184,17.8571428571429,8.142857142857139,1.66426022112117,75.0,21.0,0.5000200896061949,0.49997991039380507,1,0.7066349644251447
6710,0,560.0,880.6833333333618,0.9610368532193129,15.5,19.25,1.66426022112117,133.0,21.0,0.5000299078470078,0.4999700921529922,1,0.8753542490783338
6719,0,65.75,709.500000000015,1.356901966681221,3.1666666666666696,5.75,1.7144260926158495e-05,94.0,97.0,0.5000297945885172,0.49997020541148285,1,1.1652054345574832
6728,0,1061.0,115.0,0.297221332343726,25.4,1.6,1.48209948469796,221.5546875,5.0,0.5000833170065495,0.4999166829934505,1,24.39162338684184
6732,0,402.714285714286,117.0,0.36880268286681783,9.285714285714286,9.571428571428571,1.9999846126047096,258.0,77.0,0.500032440267927,0.4999675597320729,1,2.092812882746057
6733,0,10.0714285714286,414.0,0.8652791884631938,0.75,19.6428571428571,0.227547918446589,210.0,208.0,0.5000365211281306,0.4999634788718694,1,1.5224688532507311
6745,0,552.75,418.0,1.4435012721264728,15.875,12.375,1.06706455827259,70.0,49.0,0.5000285070293973,0.4999714929706028,1,0.7002009177871928
6750,0,1239.8614320755005,1668.38571428587,0.8001224810147909,32.0,1.0,0.270833333333333,80.0,4.0,0.5000066867875902,0.4999933132124098,1,1.7579322338114718
6755,0,888.333333333333,367.166666666666,1.1808871301494177,22.0,142.5,1.6729214586464098,124.0,27.0,0.5000085010448028,0.4999914989551973,1,0.5586049760163552
6758,0,33.037037037037,114.666666666666,2.137844221657905,1.44444444444444,14.8148148148148,0.583612047984674,0.0,365.0,0.5000316999351617,0.49996830006483833,2,97.5402149863489
6765,0,281.304347826087,22.0,0.4124545460738984,5.69565217391304,17.3913043478261,0.4044758880140129,263.0,135.0,0.5000140831114165,0.4999859168885835,1,2.484807310781251
6766,0,605.375,152.5,0.7010625222003717,16.125,22.25,1.14814814815134,204.0,8.0,0.5000117932096788,0.4999882067903212,1,0.6603258250825815
6772,0,43.6388888888889,85.5,2.465641811479379,1.33333333333333,39.3333333333333,0.6040903009913261,1.0,782.0,0.5000007011091515,0.4999992988908485,2,152.1247954131753
6773,0,668.9,2.0,1.4846105066332118,13.3,11.8,0.8125,1.0,86.0,0.500007626998358,0.49999237300164195,2,25.367231989237222
6776,0,1096.014820754528,429.0,1.63753923648852,32.5,18.5,1.06706455827259,51.0,41.0,0.5000093607394184,0.4999906392605816,1,1.2784771381160134
6778,0,286.052631578947,122.0,1.8192233138122051,6.94736842105263,21.4210526315789,1.48209948469796,1.0,91.0,0.5000576142511304,0.4999423857488697,2,32.22752138890127
6781,0,25.0740740740741,870.333333333361,1.866888136594905,1.33333333333333,57.8148148148148,0.8744918538609829,1.0,96.0,0.5000296461023197,0.49997035389768035,2,23.628883990065138
6784,0,217.652173913043,870.9833333333611,1.6798300324871591,5.60869565217391,13.7391304347826,1.25720880955949,1.0,91.0,0.5000068487440348,0.4999931512559652,2,18.100946926004347
6794,0,4.0,8.0,1.64668635228881,1.0,23.4,0.9140625,57.970703125,11.0,0.5000814210820784,0.4999185789179216,1,39.076815363773605
6795,0,374.307692307692,128.0,1.9540974043528654,10.0,18.0,1.48209948469796,1.0,231.0,0.5000008292115121,0.4999991707884878,2,23.25009446111618
6797,0,835.0291109204293,157.5,1.82461478038934,26.0,6.6,0.8148317499176609,30.0,5.0,0.5000030619926925,0.49999693800730755,1,2.6802116938216463
6798,0,14.1111111111111,436.5,1.6187096843069742,1.22222222222222,34.8888888888889,0.227547918446589,86.0,278.0,0.5000594281790565,0.4999405718209436,1,1.4802089835516647
6801,0,37.875,437.5,1.8302299773583637,3.75,30.625,164.0,38.0,33.0,0.5000181646084445,0.4999818353915555,1,0.47029219244767595
6802,0,167.714285714286,175.5,1.840540357870858,4.64285714285714,10.9642857142857,1.07611836836991,1.0,59.0,0.5000233467523391,0.49997665324766094,2,27.886672515269716
6813,0,17.1111111111111,439.0,1.4628700811187283,1.5,28.9444444444444,165.0,92.0,92.0,0.5000450331613211,0.4999549668386789,1,1.744687607366008
6814,0,43.4444444444444,135.0,2.1687199615815587,1.59259259259259,12.8888888888889,0.982099484701632,0.0,434.0,0.5000088481701777,0.4999911518298224,2,22.263652496543997
6818,0,59.5555555555556,441.0,1.65756673832088,3.6666666666666696,48.8888888888889,0.227547918446589,71.458984375,69.0,0.5000200085800863,0.49997999141991367,1,23.811368120193187
6819,0,359.25,50.0,1.8168197353713962,5.66666666666667,72.0833333333333,0.384511157097563,1.0,261.0,0.5000606985499874,0.4999393014500127,2,33.21362660495026
6825,0,469.9,187.5,1.2601674418047297,13.1,25.7,1.07611836836991,108.0,3.0,0.5000046562534637,0.49999534374653637,1,1.0668466549448206
6829,0,121.723404255319,456.333333333333,1.9690128860333593,2.85106382978723,53.0212765957447,0.69168000839166,1.0,248.0,0.5000353590739061,0.49996464092609394,2,102.03355381775499
6832,0,197.32258064516105,716.1666666666838,2.3825576737479617,4.38709677419355,29.580645161290303,0.199845712114221,1.0,1025.0,0.5000009584597359,0.4999990415402641,2,59.22034214645595
6834,0,75.7422680412371,25.5,0.06723738370603835,0.9072164948453608,105.082474226804,0.4944375550102129,411.0,360.0,0.500180063055888,0.499819936944112,1,4.414802740846606
6841,0,507.4,5.0,1.1412841362887538,13.2,21.9,1.4375,128.0,37.0,0.500002037508032,0.49999796249196804,1,1.2016067203899787
6845,0,50.025641025641,28.0,1.246599944665082,1.53846153846154,46.0,0.985762577949324,151.0,147.0,0.5000223911538864,0.4999776088461136,1,2.2856540269731767
6846,0,5.71428571428571,195.5,0.9667877475272677,1.28571428571429,42.2857142857143,1.15547929956196,207.0,124.0,0.5000006020233637,0.4999993979766363,1,0.7994776146079509
6851,0,538.0513273596764,879.4666666666991,0.730904103087941,26.4,11.6,1.66426022112117,361.0,180.0,0.5000033411904581,0.4999966588095419,1,3.5049128416278235
6860,0,332.25,880.1000000000322,1.782307172037681,11.5,10.25,0.599935148979595,5.0,3.0,0.5000024203296992,0.4999975796703008,1,0.09399959146697845
6861,0,862.3097315728664,30.0,1.41628196983309,33.25,11.5,1.3332762276898895,218.0,75.0,0.5000073578577449,0.49999264214225514,1,2.602760544397806
6881,0,447.454545454545,160.5,0.9997230571713314,12.272727272727304,28.2727272727273,1.48209948469796,164.0,51.0,0.5000308519832958,0.4999691480167042,1,1.2455907424633879
6890,0,435.916666666667,0.5,2.0579342384348704,11.833333333333302,136.666666666667,0.333333333333333,5.72705078125,13.0,0.500154159392413,0.4998458406075869,1,61.975491218970646
6898,0,266.947368421053,77.0,2.1281475616878693,7.26315789473684,25.4736842105263,1.15703902668251,1.0,400.0,0.5000148609733532,0.4999851390266467,2,55.35531830583327
6903,0,377.21725487709045,54.0,1.39264525129767,22.8333333333333,96.1666666666667,0.384511157097563,296.0,17.0,0.5000277571399678,0.4999722428600322,1,3.7051645138562326
6910,0,1026.7805757522583,221.5,1.66678995634227,28.4,7.0,0.651041426370896,17.0,26.0,0.5000053204669463,0.4999946795330536,1,1.6771957512685756
6913,0,185.0,917.0000000000392,0.8100431677869342,5.0,82.28571428571429,1.25720880955949,220.0,249.0,0.500093326793178,0.49990667320682197,1,2.804565870916841
6915,0,1146.5,0.0,1.08846615419682,34.75,12.0,0.0,229.983642578125,374.0,0.5000471274577547,0.49995287254224524,1,16.278445857361337
6918,0,34.9516129032258,465.0,2.301753852091573,0.8870967741935479,89.82258064516131,0.0539721328978685,1.0,547.0,0.5000023002746128,0.49999769972538727,2,56.86049047989427
6927,0,244.9,231.5,2.094799735466683,7.05,118.5,0.713927922741282,1.0,87.0,0.5000005804941676,0.49999941950583243,2,54.49887322209708
6929,0,773.333333333333,336.08333333333,1.604586670583822,23.5,83.8333333333333,0.625069572662775,87.0,17.0,0.5000061347728881,0.49999386522711187,1,0.20070202915203217
6932,0,1014.1247333526612,56.0,1.83415618224534,29.0,68.4,0.384511157097563,29.0,12.0,0.5000036084956001,0.49999639150439984,1,0.9440470284784368
6933,0,937.6,32.0,0.703246681393214,28.2,68.6,1.3332762276898895,269.016357421875,33.0,0.5000248508367775,0.49997514916322244,1,13.35418150897575
6935,0,574.9,38.5,0.5899509469759504,14.3,202.7,1.0250560999813,291.0,13.0,0.5000188609085701,0.4999811390914299,1,1.5967272692352317
6936,0,157.444444444444,81.0,0.4836668866567727,5.66666666666667,0.0,1.42156094081523,283.0,88.0,0.5000440918178641,0.49995590818213587,1,1.3184375775772794
6937,0,158.444444444444,82.0,0.4844830559145855,5.66666666666667,0.0,1.42156094081523,282.0,85.0,0.5000256911320626,0.4999743088679373,1,1.3150167785817037
6945,0,347.75,150.5,1.8760552634400969,9.0625,54.1875,0.572213971903447,1.0,44.0,0.5000098890881935,0.49999011091180645,2,34.400626567113775
6951,0,727.714285714286,927.083333333374,1.340681744268126,20.2857142857143,10.857142857142902,0.8694664185383361,62.0,69.0,0.5000161595271915,0.4999838404728086,1,0.5362010758488016
6957,0,674.222222222222,33.0,0.7613728596364344,16.4444444444444,79.1111111111111,1.3332762276898895,199.0,19.0,0.5000382008382687,0.49996179916173134,1,1.1738638015732825
6958,0,532.090909090909,41.5,1.6738730675705809,13.272727272727304,185.818181818182,1.0250560999813,80.0,18.0,0.5000062925102804,0.49999370748971955,1,0.39709705051597977
6959,0,604.111111111111,92.0,1.03558651173634,16.1111111111111,112.222222222222,0.333333329275701,236.116455078125,412.0,0.5000742287495626,0.49992577125043736,1,40.19441273986398
6962,0,939.8200039863586,188.0,1.99067934158391,29.8,28.0,1.9999846126047096,20.0,23.0,0.5000078476395333,0.4999921523604667,1,3.7381345042651866
6963,0,1246.6332576274872,42.5,1.52865476548234,37.0,7.5,1.0250560999813,88.0,47.0,0.5000016100805726,0.49999838991942736,1,0.32382099862008396
6964,0,7.25,64.0,1.31923239694577,1.5,135.5,0.587874770489042,171.2578125,20.0,0.500028360944524,0.4999716390554761,1,14.647339696028844
6968,0,845.7650118827819,22.5,1.6503426857761598,29.4,29.2,0.964245126395326,127.0,36.0,0.5000024474080129,0.499997552591987,1,2.1722968508290004
6970,0,41.0,65.0,1.3758793439262953,3.55555555555556,41.22222222222221,39.0,149.0,99.0,0.5000026616470665,0.49999733835293353,1,0.20392130987426638
6972,0,553.857142857143,2.0,1.975828816919194,11.2142857142857,159.5,0.24,1.0,205.0,0.5000075199763838,0.49999248002361624,2,36.965771378342495
6975,0,292.055555555556,33.5,0.8315959982305273,8.22222222222222,56.8333333333333,1.3332762276899,215.0,26.0,0.5000259368460276,0.49997406315397236,1,1.7885186122755787
6984,0,577.333333333333,460.833333333333,1.26652427770071,16.7777777777778,30.3333333333333,0.69168000839166,200.85009765625,683.0,0.5000558298905762,0.4999441701094239,1,28.65011476881701
6989,0,873.6504847049714,4.0,1.85410286353937,29.8,0.0,0.925925925925926,70.0,27.0,0.5000021150559365,0.4999978849440635,1,1.965723401481422
6990,0,713.1428571428571,42.0,1.63903939149916,21.2857142857143,79.1428571428571,0.9973614930576752,119.11327242851257,269.0,0.5000167714087209,0.499983228591279,1,14.204178585883957
6999,0,330.21052631578897,11.5,2.0041994978452538,8.10526315789474,115.578947368421,0.451974291456,1.0,44.0,0.5000309880058882,0.49996901199411187,2,26.140872282284512
7000,0,154.333333333333,2.0,2.0166673434619953,7.66666666666667,106.166666666667,0.75,57.0,20.0,0.5000004085614185,0.4999995914385815,1,0.0629083867427882
7005,0,36.1707317073171,289.0,1.1383972303242489,1.36585365853659,148.341463414634,0.8749674991220909,223.0,272.0,0.5000202626856051,0.49997973731439493,1,2.3639504563547136
7006,0,517.073046875,49.5,1.7571216271473402,30.4,276.2,1.0250560999813,374.0,177.0,0.50000385083662,0.4999961491633799,1,4.232569781891969
7008,0,704.033935546875,952.800000000042,1.89644192949596,30.4,41.2,1.25720880955949,121.0,67.0,0.5000047946316517,0.4999952053683483,1,2.2589720804800697
7011,0,328.0,963.750000000043,0.08098594411332216,9.5,61.625,1.66426022112117,338.0,125.0,0.5000765756495271,0.4999234243504728,1,2.0451509001387063
7015,0,244.6,36.5,1.798024201758773,4.54285714285714,43.3714285714286,0.916662598374953,1.0,97.0,0.5000534361173633,0.4999465638826367,2,107.83915631103527
7034,0,358.071428571429,102.0,2.0325972006100264,11.2857142857143,17.7142857142857,0.402908821594863,1.0,153.0,0.5000396789702077,0.4999603210297923,2,28.748169573053065
7035,0,729.0355513890581,101.0,1.15436889544766,25.8333333333333,79.1666666666667,1.15703902668251,232.0,12.0,0.5000033094182232,0.4999966905817767,1,1.2645273367152363
7036,0,13.0,297.5,0.98760606834886,2.3333333333333304,11.0,1.15547929956196,188.62255859375,58.0,0.5000009296433021,0.49999907035669783,1,2.2652745809725134
7037,0,102.652173913043,0.0,0.08449608959893692,2.7826086956521703,64.8695652173913,0.0,363.0,35.0,0.5000333536295223,0.49996664637047766,1,3.0028463489199644
7044,0,595.777777777778,102.0,1.05553839341728,17.2222222222222,28.2222222222222,0.303537095231677,217.53385984897614,417.0,0.5000119630109321,0.49998803698906785,1,41.209862860334674
7045,0,596.777777777778,103.0,1.04932441705582,17.2222222222222,0.0,0.303537095231677,206.70361328125,418.0,0.5001289837078899,0.4998710162921101,1,41.74182232648538
7051,0,836.0,4.5,1.02449315681745,26.1666666666667,1.33333333333333,1.0,192.900634765625,30.0,0.5000634400739603,0.49993655992603975,1,17.226465454128235
7052,0,837.0,5.5,1.01858248687828,26.1666666666667,0.0,1.00411522633745,193.10644245147705,30.0,0.5000107148040256,0.4999892851959744,1,17.44204134846466
7064,0,538.555555555556,53.5,1.8581267455982216,17.4444444444444,122.222222222222,1.0250560999813,86.0,95.0,0.5000021326478283,0.49999786735217167,1,0.5631970259904399
7074,0,294.947368421053,1025.53333333338,0.8366632086858276,8.42105263157895,65.26315789473679,1.25720880955949,191.0,130.0,0.5000368526925014,0.4999631473074985,1,1.7111783698140806
7075,0,789.5,376.533333333331,0.745548205840795,26.1666666666667,65.1666666666667,0.625069572662775,284.0,92.0,0.5000167694445926,0.4999832305554074,1,1.0473463517010748
7081,0,168.935483870968,82.7500000000003,2.171806868547632,5.19354838709677,74.1612903225806,0.9949720761457672,1.0,246.0,0.500022103115368,0.499977896884632,2,38.41808042116342
7089,0,821.833333333333,62.0,1.9625198651546525,26.8333333333333,117.666666666667,1.68516920438444,73.0,23.0,0.5000020353048595,0.4999979646951405,1,0.19273659655004727
7100,0,442.181818181818,83.5333333333337,0.7790102745897174,14.6363636363636,21.7272727272727,0.9949720761457672,251.0,110.0,0.500060019373491,0.4999399806265091,1,1.4568071497711663
7102,0,567.777777777778,440.666666666665,0.379680064718487,17.7777777777778,108.111111111111,0.931136402980458,351.33037662506104,181.0,0.5000018292717683,0.49999817072823166,1,2.0086165463796473
7104,0,1447.7913818359375,1064.86666666671,1.4186110796221,41.25,0.75,1.66426022112117,35.0,1.0,0.5000013559897916,0.4999986440102084,1,0.9894985007289492
7105,0,383.384615384615,0.0,1.64224961569105,12.3076923076923,126.230769230769,0.0,139.5927734375,232.0,0.5002449548530452,0.49975504514695474,1,85.58870572248819
7117,0,498.8461538461541,235.5,2.0221188810729718,12.6923076923077,71.76923076923079,0.6666666665214289,1.12060546875,287.0,0.5000078400529189,0.4999921599470811,2,22.219840346830786
7120,0,216.473684210526,0.0,0.9201683856414518,4.3684210526315805,55.1315789473684,0.0,184.0,96.0,0.5001305047571033,0.4998694952428967,1,2.953407234299041
7123,0,189.038461538462,302.0,1.2749606511931741,6.23076923076923,163.346153846154,1.07611836836991,184.0,86.0,0.5000018216562916,0.4999981783437084,1,1.756314140238197
7130,0,234.96666666666692,236.5,1.9223844804817443,5.73333333333333,52.866666666666696,0.4995154796727829,1.0,151.0,0.5000323044180626,0.4999676955819374,2,123.39332940393122
7131,0,461.09090909090895,0.0,2.273139146563589,14.8181818181818,111.727272727273,0.0,1.0,113.0,0.5000060197722165,0.49999398022778346,2,19.606985967988027
7135,0,108.40350877193,41.0,2.5941152491089303,3.03508771929825,75.4561403508772,0.699999487173208,1.0,853.0,0.5000674464488427,0.4999325535511573,2,107.30031707831306
7136,0,217.652173913043,112.0,2.3304278504208966,7.21739130434783,170.260869565217,0.998346015796884,1.0,125.0,0.500018967296485,0.499981032703515,2,31.346867376921985
7137,0,217.652173913043,112.0,2.329716129748477,7.21739130434783,170.260869565217,0.998346015796884,1.0,124.0,0.5000162687547685,0.49998373124523154,2,31.481975700711782
7140,0,349.2666666666671,80.5,1.30497112536779,11.1333333333333,24.2,1.4098538738451103,140.91796875,123.0,0.5000997783572436,0.4999002216427564,1,47.84756649354523
7151,0,243.714285714286,1072.05000000005,2.6459367390189845,6.107142857142861,67.0,1.25720880955949,0.0,1337.0,0.5000004815404602,0.4999995184595398,2,62.90779935722318
7154,0,512.285714285714,241.666666666667,0.6348673899983198,12.4285714285714,106.928571428571,0.994868277044562,244.0,91.0,0.5000315906099875,0.49996840939001247,1,1.0866109811016058
7156,0,809.605052947998,75.0,1.63258540334474,28.1666666666667,120.0,0.384511157097563,159.0,12.0,0.5000000289441177,0.49999997105588234,1,0.25130794969368164
7166,0,306.75,1.0,2.67013575645703,10.5625,53.8125,1.0,19.8017578125,950.0,0.5002110953915375,0.4997889046084625,1,65.74928019188968
7167,0,843.666666666667,244.5,1.7676850675912488,28.1666666666667,14.5,1.48209948469796,75.0,56.0,0.5000013768404994,0.4999986231595006,1,0.0353302094901633
7175,0,274.722222222222,2.0,0.8853760818537277,9.611111111111107,42.0555555555556,1.33333333333333,230.0,48.0,0.5000195291855087,0.4999804708144913,1,1.9957279692741088
7176,0,133.57333333333298,24.0,2.8156050560148875,2.49333333333333,72.7466666666667,0.3536039335018909,0.0,1280.0,0.5000258695204862,0.49997413047951383,2,138.99865712745262
7186,0,412.0,750.583333333355,1.446375439154902,12.642857142857098,107.714285714286,0.493861451500077,103.0,34.0,0.5000287278696949,0.4999712721303051,1,0.9599268661955074
7188,0,513.3,85.7500000000005,0.7381514220435119,17.6,40.5,1.48236532994587,272.0,53.0,0.5000269233425657,0.4999730766574343,1,1.1844783402833023
7189,0,573.9385986328125,0.0,1.25839046595918,29.5,53.0,0.0,340.0,147.0,0.5000001890462624,0.4999998109537376,1,2.5675427415301426
7192,0,744.8571428571429,1.0,1.4011732049773427,25.4285714285714,22.0,1.0,155.0,23.0,0.5000052870729998,0.4999947129270001,1,0.19930932348642438
7193,0,433.4569531281787,65.5,1.77679004869901,30.5,5.0,1.0250560999813,270.0,6.0,0.5000055957680802,0.4999944042319198,1,5.443250872763373
7194,0,133.340425531915,45.0,2.550330017931235,3.78723404255319,103.212765957447,1.3332762276899,1.0,708.0,0.5000263846797793,0.49997361532022067,2,30.561313380221645
7201,0,136.06,442.4999999999992,2.3034267018556465,3.64,100.6,0.251544408919542,1.0,523.0,0.5000219817864676,0.4999780182135324,2,92.32326962018952
7202,0,172.70967741935505,287.266666666666,2.2633947516172332,5.7741935483871,133.193548387097,0.5328161789729071,1.1455078125,214.0,0.5000217340390634,0.4999782659609366,2,26.82485482611097
7204,0,108.472972972973,133.25,3.011429991826986,2.4864864864864904,101.972972972973,0.402908821594863,0.0,1424.0,0.5000409095319129,0.499959090468087,2,154.1519173396845
7210,0,707.8571428571429,1.0,2.325080092102291,25.4285714285714,4.0,1.0,1.0,131.0,0.5000000225223575,0.49999997747764247,2,23.382346958250473
7212,0,253.9,114.5,2.901919757225243,8.95,84.25,1.4098538738451103,1.0,1088.0,0.5000038814404397,0.4999961185595602,2,39.93737654969643
7221,0,613.5454545454551,11.0,1.6713918195753,16.818181818181802,30.6363636363636,1.4254037607185,36.31127619743347,21.0,0.5000047651992318,0.49999523480076824,1,54.979483061401666
7222,0,577.333333333333,11.0,1.6100789661100805,15.5,29.0833333333333,1.4254037607185,41.490966796875,10.0,0.50017700394272,0.49982299605728003,1,54.2519462747008
7225,0,190.230769230769,309.5,2.4554058958426257,4.794871794871789,81.25641025641029,0.53207995487794,1.0,786.0,0.5000230987482173,0.4999769012517828,2,124.73831781365999
7227,0,438.5,443.9999999999992,1.5243514854296407,11.8125,100.5,0.69168000839166,75.0,29.0,0.5000163589823527,0.4999836410176472,1,1.3931759020352652
7247,0,640.8,77.8333333333333,1.64821751827914,18.4,39.1,1.68516920438444,51.57080078125,12.0,0.5000546372806025,0.4999453627193975,1,19.03993881104056
7249,0,56.526315789473706,45.0,0.5057182519113781,2.5789473684210487,71.5789473684211,1.91098757087728,352.0,414.0,0.5000534704921927,0.49994652950780727,1,1.5282197295016116
7262,0,729.666666666667,16.0,1.7765134956783752,20.5555555555556,45.22222222222221,1.55439758300781,26.0,5.0,0.5000227624355165,0.4999772375644836,1,0.9198770794580735
7263,0,241.807692307692,20.0,2.190198835195499,7.1153846153846105,117.5,0.494167856656092,1.0,140.0,0.500023871779296,0.4999761282207041,2,24.246167410739066
7266,0,74.765306122449,48.5,2.1164797892062595,1.89795918367347,19.8061224489796,1.3332762276899,1.0,383.0,0.5000645835381539,0.4999354164618462,2,55.271559066447786
7267,0,231.14285714285705,1.0,2.6071776614256894,6.678571428571429,189.035714285714,0.142857142857143,1.0,509.0,0.5000050021530238,0.49999499784697615,2,65.42607620546987
7272,0,808.1074816385908,410.916666666664,1.60333862276701,30.5,25.5,0.625069572662775,152.0,59.0,0.500004888664919,0.499995111335081,1,0.7527043685463646
7274,0,211.057142857143,310.266666666666,2.252756148640815,5.31428571428571,189.8,0.257677935425689,1.0,198.0,0.5000066773353712,0.4999933226646288,2,46.104488790234775
7280,0,412.4117647058821,23.0,1.9135987842903608,11.0,59.8823529411765,0.7339866673621149,1.0,29.0,0.500004814032796,0.49999518596720405,2,19.34022728006166
7281,0,107.571428571429,1058.3333333334,2.3268361290351196,2.67142857142857,75.0142857142857,0.543492801277996,0.0,829.0,0.5000499500423692,0.4999500499576308,2,73.36652439449382
7282,0,537.909090909091,7.5,1.94564358006623,16.9090909090909,39.454545454545496,0.400925709275877,16.919921875,3.0,0.500132142444605,0.499867857555395,1,37.865015428974424
7297,0,167.521739130435,339.633333333335,1.8338771000203247,4.30434782608696,104.695652173913,460.0,31.0,36.0,0.500046513060141,0.4999534869398589,1,1.9258221682078336
7299,0,484.538461538462,487.916666666664,1.4756740241224924,14.5384615384615,39.4615384615385,0.931136402980458,78.0,31.0,0.500022617277327,0.49997738272267295,1,0.9324055483909505
7312,0,407.666666666667,12.0,2.1938608876381984,12.733333333333302,108.066666666667,1.26025780221448,1.0,77.0,0.5000148097917118,0.49998519020828824,2,24.2439852950884
7318,0,1073.0173727671272,72.5,1.27118671738262,32.0,116.0,1.1333678561813798,177.0,30.0,0.5000009343269453,0.49999906567305474,1,0.1486399118620394
7328,0,192.771428571429,312.36666666666696,1.9643822029176947,5.51428571428571,51.4285714285714,0.347985461883562,1.0,136.0,0.5000441423784185,0.49995585762158146,2,37.132679895444255
7333,0,733.8571428571429,0.0,1.45051275002075,27.142857142857103,61.28571428571429,0.0,203.65564531087875,116.0,0.5000049508166726,0.4999950491833274,1,32.93063333284268
7338,0,1.77777777777778,1065.21666666673,2.7803188223982,0.6111111111111109,3.61111111111111,0.4981709864251989,64.873291015625,2030.0,0.5001677745984018,0.4998322254015982,1,70.19770263880143
7348,0,932.5,74.5,1.9424233403067257,32.0,52.1666666666667,1.0250560999813,79.0,27.0,0.5000010193247961,0.4999989806752038,1,0.12718545217062016
7362,0,141.34693877551,423.216666666663,3.0571802581754284,4.04081632653061,70.65306122448979,0.625069572662775,1.0,1611.0,0.5000167064882663,0.49998329351173365,2,62.869930364146306
7369,0,871.714285714286,319.0,0.6584478913422331,27.5714285714286,42.0,0.7138666491518859,271.0,25.0,0.5000168001775274,0.49998319982247263,1,0.9230102070412332
7376,0,321.761904761905,73.1666666666667,2.111862178383397,9.38095238095238,79.4761904761905,0.5392011755860829,1.0,161.0,0.500027185786318,0.499972814213682,2,27.705481063322452
7377,0,47.1818181818182,14.0,2.1745565100355595,3.7272727272727297,80.1818181818182,1.6338195800781203,1.0,7.0,0.5000012148774455,0.49999878512255447,2,38.403001365413594
7393,0,258.0,35.0,1.0875822365679855,9.33333333333333,6.66666666666667,1.4254120125038,173.0,11.0,0.5000616403926029,0.4999383596073971,1,1.6768044757346572
7403,0,187.885714285714,78.1666666666667,2.724094783754313,5.71428571428571,106.714285714286,0.726571382082057,1.0,907.0,0.5000093255774576,0.49999067442254247,2,65.06949624595094
7412,0,1045.14285714286,90.8333333333333,1.619882400656197,28.857142857142897,31.0,1.68516920438444,37.0,1.0,0.5000210353429015,0.49997896465709846,1,0.5967488882829857
7414,0,1192.7019225358963,1072.31666666673,1.50914622890787,49.5,35.25,1.25720880955949,255.0,15.0,0.5000007722119595,0.4999992277880405,1,1.058301015657916
7418,0,169.28125,0.0,2.2716723013957387,6.25,146.1875,0.0,1.121826171875,40.0,0.5000156268848266,0.4999843731151734,2,22.491581912317546
7423,0,592.6,307.2,1.4312743144948201,20.0,103.0,0.5328161789729071,152.0,13.0,0.5000168927874302,0.49998310721256983,1,1.0202761582976487
7425,0,1030.83333333333,47.5,1.0222510076224505,33.6666666666667,0.0,1.3332762276899,227.0,86.0,0.5000002853175236,0.49999971468247645,1,0.9932675283573911
7432,0,689.5,1.0,0.6994216227716159,17.25,41.3333333333333,0.5,201.0,11.0,0.5000014072313128,0.4999985927686872,1,1.499960462633071
7435,0,170.75,149.5,2.046802888734671,4.65909090909091,52.7727272727273,0.589920853456519,1.0,218.0,0.5000137611174378,0.4999862388825622,2,189.08423515450522
7441,0,530.666666666667,3.0,1.6713519030986197,17.25,122.333333333333,0.62962962962963,114.0,21.0,0.500022096346848,0.49997790365315203,1,0.7613302723183627
7448,0,627.916666666667,2.0,1.63562607081103,17.3333333333333,123.916666666667,0.48,93.271484375,93.0,0.5000361733279785,0.49996382667202155,1,13.702437862538172
7466,0,783.444444444444,202.0,1.5017547941173297,23.2222222222222,98.6666666666667,1.96706191587738,118.0,71.0,0.5000033930991326,0.4999966069008674,1,0.16923625662008646
7492,0,521.9333333333329,76.0,0.5503412848651217,14.1333333333333,64.0,0.507218458420773,263.0,40.0,0.5000707063840885,0.49992929361591154,1,1.7945643434370289
7497,0,24.0625,8.5,2.0203333041442497,2.5625,28.625,0.506833307930702,33.51171875,230.0,0.5000001659777464,0.4999998340222536,1,35.05050952155965
7502,0,302.25,1.0,1.8299914380441893,10.4,42.15,0.25,81.910888671875,282.0,0.50020615643609,0.49979384356390993,1,78.69459559009158
7508,0,280.777777777778,2.4166666666666696,1.938422323368501,7.96296296296296,39.22222222222221,0.9208984375,1.0,46.0,0.500056935943491,0.499943064056509,2,93.1360157962069
7519,0,598.222222222222,162.5,2.201849328570238,23.4444444444444,209.888888888889,1.4098538738451103,101.0,9.0,0.5000142398570667,0.4999857601429333,1,0.426220260630205
7520,0,469.133333333333,13.0,1.5080502843121488,14.2,38.2,0.4600635908095999,91.0,16.0,0.500044676870463,0.499955323129537,1,1.157834417192413
7539,0,790.1428571428571,246.5,1.7780510080990943,30.5714285714286,21.4285714285714,1.15703902668251,133.0,64.0,0.5000059874399364,0.4999940125600636,1,0.25515154805562335
7541,0,207.916666666667,51.0,2.1382755096593256,5.97222222222222,76.19444444444441,1.4254120125038,1.0,218.0,0.5000325489040605,0.4999674510959395,2,124.87389785054948
7543,0,281.35,14.0,2.6373807841207304,10.7,143.15,0.8902273880512289,1.0,423.0,0.5000011230848947,0.49999887691510525,2,52.88193978946567
7547,0,211.34375,166.333333333333,2.032206830890516,6.90625,76.34375,0.589920853456519,1.0,22.0,0.5000028252213522,0.49999717477864775,2,59.090778136356505
7560,0,346.210526315789,1012.98333333336,1.2672924025135621,11.684210526315804,87.4736842105263,1.25720880955949,147.0,151.0,0.5000652578344371,0.49993474216556294,1,1.5021599055008084
7573,0,140.463414634146,82.3500000000008,3.2281615681026192,5.3902439024390185,86.390243902439,1.48236532994587,0.0,1546.0,0.5000005668208265,0.4999994331791735,2,33.5109806291657
7606,0,674.9,271.166666666666,1.9676549563179289,23.0,92.3,1.87444286095969,59.0,34.0,0.5000113207373236,0.4999886792626765,1,0.33420722112290246
7610,0,230.939393939394,275.166666666666,0.8434220420181691,6.96969696969697,85.6969696969697,0.7138666491555241,239.0,155.0,0.5000873138278596,0.4999126861721404,1,2.352652103897702
7617,0,590.2,62.0,1.3081970414349433,22.4,50.9,1.4254120125038,202.0,27.0,0.5000372976704426,0.49996270232955736,1,0.9960923974466376
7631,0,330.3,0.0,0.9282559060179698,11.4,198.85,0.0,369.0,620.0,0.5000256530323046,0.4999743469676954,1,2.111448729336095
7656,0,312.105263157895,196.666666666667,2.62195922489246,12.1052631578947,64.8421052631579,1.4098538738451103,149.66650390625,1698.0,0.5001130570950513,0.49988694290494873,1,81.35858159511079
7659,0,183.45454545454496,389.049999999999,2.030782243277931,8.63636363636364,57.2727272727273,0.8020499092808672,23.0,44.0,0.5000250153398654,0.49997498466013457,1,0.54297910657727
7660,0,38.3623188405797,390.049999999999,2.0009747964280393,1.63768115942029,81.0869565217391,0.450102741845812,8.0,122.0,0.5001192022646006,0.4998807977353994,1,2.7013907295159987
7665,0,414.066666666667,205.5,2.328329879298244,15.333333333333302,75.6666666666667,0.732251158794228,1.0,168.0,0.5000016399020033,0.4999983600979967,2,28.56112149986505
7673,0,492.75,56.1666666666667,1.44708722858132,19.3333333333333,105.833333333333,1.01839836188436,194.4464454650879,31.0,0.5000281468689561,0.49997185313104386,1,16.03280518615478
7675,0,108.115384615385,128.75,2.2902574052000837,3.80769230769231,146.653846153846,0.283343401811979,1.0,175.0,0.5000111622462524,0.49998883775374753,2,29.510676166144517
7676,0,4.3,18.6666666666667,0.9826723317966838,1.3,116.9,0.920036718249321,230.0,32.0,0.5000269357769151,0.49997306422308485,1,1.0979653629568962
7683,0,849.1428571428571,26.0,2.5740070724308044,33.4285714285714,45.1428571428571,0.6197919643915569,9.0,8.0,0.5000004228099939,0.49999957719000615,1,0.009817306626918487
7684,0,453.923076923077,206.5,2.0969333217933,17.8461538461538,61.461538461538495,1.4098538738451103,36.305908203125,5.0,0.5000685667098699,0.49993143329013007,1,21.3900846169726
7685,0,933.833333333333,894.466666666667,1.64544533151214,38.5,74.0,1.25720880955949,223.279052734375,180.0,0.5000074242641724,0.49999257573582756,1,9.565220885184385
7686,0,117.047619047619,21.1666666666667,2.2904874927805206,3.68253968253968,143.777777777778,0.4519742951083221,1.0,190.0,0.5000768806779368,0.4999231193220633,2,51.975198924054936
7691,0,37.1428571428571,64.1666666666667,2.01663994087169,4.28571428571429,14.7142857142857,1.12184739299847,15.0,12.0,0.5000053140182672,0.4999946859817328,1,0.5978160742705827
7692,0,552.357142857143,67.8333333333333,2.102436402759693,17.0,84.4285714285714,0.269752184472628,1.0,22.0,0.5000032219660975,0.4999967780339025,2,21.27038916546907
7693,0,628.0,0.5,2.4111204706076204,25.88888888888889,115.777777777778,0.666666666666667,58.27803426980972,52.0,0.500008529642487,0.49999147035751296,1,19.592695972398523
7705,0,275.413793103448,245.666666666667,2.170828972082262,8.3448275862069,74.3793103448276,0.4995154796728129,1.0,281.0,0.5000133800829297,0.4999866199170703,2,55.452867545555684
7713,0,812.0,879.333333333327,1.8144153587438245,34.0,41.8571428571429,1.25720880955949,144.0,40.0,0.5000019563704039,0.49999804362959605,1,0.06351616817594541
7724,0,271.68,206.0,1.5515946331054953,9.6,174.8,0.96424512639533,158.0,111.0,0.5000152073303117,0.49998479266968837,1,1.740676792547315
7736,0,201.909090909091,25.0,1.1377105477207805,7.3030303030303,61.969696969697,0.8509190901805981,201.0,160.0,0.5000875208923818,0.49991247910761816,1,2.3471265063126068
7738,0,478.0,0.0,2.74970496018338,20.3333333333333,35.3333333333333,0.0,63.259033203125,920.0,0.5000593972152203,0.49994060278477975,1,45.179233184802825
7750,0,719.875,103.333333333333,2.2490704796132763,30.375,171.0,1.99593210594322,130.0,21.0,0.5000111006825547,0.49998889931744533,1,0.30134339992973014
7752,0,923.0,1.5,1.88873689470836,35.1428571428571,3.0,0.4496,118.168212890625,7.0,0.5000889280349097,0.4999110719650904,1,33.896838306998575
7758,0,525.4545454545449,6.0,2.215928536773455,22.2727272727273,177.090909090909,0.9437585733882028,110.0,49.0,0.5000011882898626,0.4999988117101374,1,0.02841986056314716
7760,0,301.526315789474,229.75,1.6702519517267593,12.7894736842105,4.63157894736842,1.48209948469796,83.0,3.0,0.5000297865287857,0.49997021347121434,1,1.042942832145529
7766,0,677.0,374.916666666662,1.7878129053006584,27.3333333333333,42.77777777777779,0.913134473078406,126.0,7.0,0.5000149263362345,0.49998507366376554,1,0.40882694277021414
7770,0,918.875,2.0,1.2697259138300936,31.375,59.125,0.444444444444444,214.0,54.0,0.500016581371978,0.499983418628022,1,0.6870336636235657
7772,0,864.625,87.0,1.4595485091971605,30.875,73.125,0.9686849082007448,192.0,35.0,0.5000080417331414,0.49999195826685866,1,0.44770926011619977
7773,0,381.5,213.333333333333,0.05042097892856078,15.375,126.0,1.4098538738451103,456.0,62.0,0.5000556898134696,0.4999443101865304,1,2.4210424330347
7774,0,165.521739130435,851.345238095226,2.327449438003899,5.41304347826087,136.391304347826,0.543492801277996,1.0,481.0,0.500023481659625,0.49997651834037504,2,130.72256101707768
7781,0,480.833333333333,88.0,1.2256431112469857,20.8333333333333,354.5,1.4254120125038,362.0,20.0,0.5000340261100538,0.4999659738899462,1,0.8952972555412423
7787,0,432.470588235294,0.5,1.54823524130052,15.0588235294118,133.058823529412,0.75,174.370361328125,191.0,0.5000012619323346,0.4999987380676653,1,47.73729208470828
7794,0,372.111111111111,2.5,2.1098258158863676,9.74074074074074,80.44444444444441,0.7592592592592591,1.0,243.0,0.5000185442067795,0.4999814557932205,2,59.09308877106009
7796,0,72.24,2.5,1.99088949923646,3.08,174.12,0.40625,122.8056640625,488.0,0.5000416804240133,0.49995831957598674,1,83.19593218838155
7797,0,876.0,37.3333333333333,1.280352481998316,36.2857142857143,98.8571428571429,0.8509190901805991,312.0,37.0,0.5000039860323438,0.49999601396765625,1,0.754905610255741
7806,0,1188.4,12.666666666666698,1.37284140736662,51.6,153.8,1.49999809265137,430.9626771211624,187.0,0.5000343476392206,0.49996565236077933,1,16.234422540528865
7813,0,1160.0,6.5,1.14499690448208,52.0,157.0,0.812071330589849,469.7968302965164,18.0,0.5000029451853087,0.49999705481469126,1,18.894877004517504
7815,0,437.6875,500.783333333329,0.18651904315827023,16.25,114.1875,0.493861451500077,427.0,238.0,0.500090471399967,0.49990952860003307,1,2.0305369296561864
7827,0,514.666666666667,226.666666666667,2.489353948739967,21.9166666666667,72.75,1.4098538738451103,1.0,22.0,0.5000026304704978,0.49999736952950224,2,24.911308582247635
7834,0,428.5,0.0,2.5450728654969983,18.7857142857143,360.5,0.0,112.0,50.0,0.5000051759043418,0.49999482409565815,1,0.3360716734210283
7856,0,197.861111111111,2.5,2.558883715791863,7.47222222222222,174.194444444444,1.03703703703704,1.0,309.0,0.5000241765186066,0.49997582348139336,2,29.30692553443953
7858,0,83.7222222222222,97.5,2.24649959235735,2.88888888888889,160.861111111111,0.395366698883839,1.0,87.0,0.5000115902362441,0.49998840976375597,2,37.86518268942854
7868,0,536.142857142857,164.466666666666,0.7979726794203139,19.5714285714286,108.285714285714,0.402908821594863,304.0,54.0,0.5000034216545528,0.4999965783454472,1,1.263443080216891
7870,0,631.785714285714,348.966666666666,2.1738091310324905,19.7142857142857,101.5,0.931136402980458,1.1025390625,110.0,0.5000130729815473,0.49998692701845276,2,18.88897683722394
7871,0,251.447368421053,84.83333333333309,1.924209370345689,7.39473684210526,46.2894736842105,0.127076755543904,1.0,4.0,0.5000357758122826,0.49996422418771735,2,164.17655038349565
7877,0,252.153846153846,62.9166666666667,3.2110971253405642,10.4615384615385,69.76923076923079,0.8509190901805991,0.0,1371.0,0.5000091530068989,0.4999908469931011,2,85.03176678909381
7881,0,652.25,104.583333333333,2.03121415966757,23.0,51.3333333333333,1.0250560999813,68.8955078125,195.0,0.500028009271219,0.499971990728781,1,27.299091334478746
7896,0,656.818181818182,170.1,2.08345760328698,25.1818181818182,119.454545454545,0.402908821594863,104.90625,135.0,0.5000456379812173,0.4999543620187827,1,15.47253698457595
7897,0,757.555555555556,210.5,1.9338372990934793,30.4444444444444,165.666666666667,0.5899208722895319,178.0,84.0,0.5000071217747155,0.49999287822528443,1,0.4892264031247382
7900,0,272.08333333333303,67.9166666666666,2.2119027567247254,7.77777777777778,168.861111111111,0.310007286059997,1.0,54.0,0.5000053602525558,0.4999946397474442,2,55.99866141997623
7912,0,811.777777777778,0.0,1.0525513367742803,31.3333333333333,156.0,0.0,332.0,10.0,0.5000401395015575,0.4999598604984425,1,0.9145483667683494
7918,0,644.363636363636,13.166666666666698,1.6819155982655634,25.6363636363636,148.0,0.666666666624178,194.0,8.0,0.500027643090855,0.499972356909145,1,0.6353365334519159
7928,0,167.444444444444,0.0,1.3388071660369958,10.7777777777778,140.888888888889,0.0,239.0,12.0,0.5000205293930633,0.49997947060693665,1,0.4735596684414084
7938,0,1052.1736783981326,6.5,1.37043723534331,55.8,0.0,1.37402834933699,458.0,0.0,0.5000095663843394,0.49999043361566065,1,1.3317681421211844
7942,0,149.827160493827,0.0,2.349213212964554,3.61728395061728,158.925925925926,0.0,1.0,321.0,0.5000277468983261,0.49997225310167387,2,154.8743356092147
7943,0,481.333333333333,181.45,2.124009630417251,15.944444444444402,67.1111111111111,0.402908821594863,1.0,39.0,0.5000146831629693,0.4999853168370307,2,26.362589432452584
7945,0,998.166666666667,0.0,2.10185407384771,46.6666666666667,487.0,0.0,424.4061715602875,110.0,0.5000040401927056,0.4999959598072944,1,3.4890880183330637
7947,0,395.0,5.33333333333333,2.545956968839718,15.944444444444402,66.6111111111111,0.7161865234375,1.0,313.0,0.5000100540981507,0.4999899459018493,2,32.698023643013876
7950,0,350.40909090909105,72.3333333333333,2.3870762067551716,12.9545454545455,37.7727272727273,0.8509190901805991,1.0,377.0,0.5000076724516622,0.4999923275483378,2,39.12797003115292
7956,0,481.4666666666671,0.0,1.552811097368512,19.1333333333333,118.066666666667,0.0,194.0,107.0,0.5000084476171553,0.4999915523828446,1,0.7088083299222008
7962,0,750.5,8.0,2.1901613480713573,36.125,4.625,0.28125,162.0,128.0,0.5000000214124616,0.4999999785875385,1,0.004754700866138828
7993,0,773.0,337.233333333335,2.33177088771284,30.4,9.2,0.931136402980458,80.72412109375,480.0,0.5000601721520695,0.49993982784793045,1,38.368446373767334
7995,0,271.387096774194,159.0,2.249068141424627,9.87096774193548,107.387096774194,0.99486827710249,1.0,97.0,0.5000351462426105,0.4999648537573895,2,107.8356297759852
7996,0,363.55,76.9999999999999,2.3846956360164397,15.1,23.35,0.8509190901805991,1.0,236.0,0.5000035930807087,0.4999964069192913,2,46.992650415584365
7997,0,143.042253521127,14.583333333333302,2.626793055349366,4.32394366197183,165.901408450704,0.4323079399024249,1.0,593.0,0.5000276764361252,0.4999723235638748,2,131.98797018206403
8000,0,554.090909090909,195.35,2.88223397562311,27.3636363636364,131.545454545455,0.632994974256452,46.648193359375,263.0,0.5001300578367898,0.4998699421632103,1,35.314169101155166
8001,0,415.0,0.0,2.085771877921543,15.15,238.4,0.0,106.0,69.0,0.5000198285515847,0.49998017144841533,1,1.2128021339337551
8008,0,891.1428571428571,18.0,1.75904518615564,43.0,25.285714285714302,0.0783228994375669,280.0017370581627,30.0,0.5000185369008798,0.4999814630991202,1,21.49369409334124
8025,0,736.2,72.8333333333333,2.39681798873289,30.5,25.2,0.8509190901805991,85.24951171875,357.0,0.5001633474257301,0.4998366525742699,1,45.629321834669035
8034,0,356.722222222222,70.4999999999999,2.579651223648721,17.0555555555556,38.72222222222221,0.451974294289122,1.0,236.0,0.5000122079396099,0.49998779206039007,2,38.58381356094553
8042,0,765.5,54.1666666666667,2.30830083366547,38.125,34.0,1.26025863681453,154.211669921875,1.0,0.5000041164934209,0.4999958835065791,1,17.16751338091227
8044,0,566.0,36.0,0.722429985160332,27.7272727272727,13.3636363636364,0.0783229020262264,418.0,257.0,0.5000010105993213,0.4999989894006786,1,1.2062878898095755
8048,0,720.0,72.8333333333334,2.663466249446731,30.7,133.6,0.384511157097563,42.0,26.0,0.5000101265132829,0.4999898734867171,1,0.23625333060063736
8051,0,44.8035714285714,147.483333333333,2.7007936278937628,2.10714285714286,38.0535714285714,0.227547918446589,1.0,1051.0,0.5000022386523131,0.499997761347687,2,74.38808850759777
8052,0,242.411764705882,147.983333333333,2.4225196434710607,9.147058823529411,30.2647058823529,0.514720126831093,1.0,547.0,0.5000383433681239,0.4999616566318761,2,39.67299667385133
8068,0,328.421052631579,71.2499999999999,1.6015642867213664,16.052631578947402,0.947368421052632,0.8509190901805991,140.0,23.0,0.5000185100018328,0.4999814899981672,1,1.3894888302108606
8074,0,395.6875,75.61666666666659,1.6442233216197568,19.0625,37.125,0.8509190901805991,165.0,43.0,0.5000115919340824,0.49998840806591754,1,0.9099110134336645
8078,0,486.5,144.166666666666,1.7784553081602588,19.25,123.4375,1.15703902668251,140.0,61.0,0.5000390976660629,0.49996090233393714,1,1.223899383614464
8082,0,107.9375,68.8333333333334,2.622993212139334,2.75,229.703125,0.491986687835889,1.0,477.0,0.5000652420311111,0.4999347579688888,2,119.62257426809289
8083,0,135.74074074074102,68.8333333333334,2.380607914702072,3.31481481481481,175.12962962963002,0.491986687835889,1.0,328.0,0.500061714739534,0.499938285260466,2,109.50761742919711
8086,0,326.227272727273,4.0,0.7173223533410255,14.1818181818182,333.636363636364,0.5663580246913579,421.0,13.0,0.5000172886069347,0.4999827113930653,1,1.462169160747751
8088,0,571.4545454545449,133.88333333333298,1.9792149684243407,27.9090909090909,8.27272727272727,1.48209948469796,137.0,9.0,0.5000140865890936,0.4999859134109063,1,0.45039654556229414
8090,0,92.0,5.0,1.7603785639629606,5.8,91.7333333333333,0.634765625,100.0,30.0,0.5000016079337506,0.49999839206624935,1,1.0644340136551096
8091,0,823.25,296.016666666666,2.11384024100568,38.75,72.625,0.931136402980458,192.0605469942093,71.0,0.5000285277024578,0.49997147229754224,1,11.238790098735533
8093,0,43.2619047619048,171.79999999999905,2.6455375290483047,2.4523809523809503,25.619047619047603,0.0205390453930083,1.0,980.0,0.5000579587062668,0.49994204129373326,2,112.56008594089262
8094,0,191.847826086957,296.24999999999903,2.589793194522341,6.84782608695652,221.652173913043,0.931136402980458,1.0,349.0,0.5000105726396503,0.4999894273603497,2,54.909972550578075
8097,0,38.25,173.149999999999,0.9975531462613835,4.25,17.5,0.227547918446589,219.0,109.0,0.5000038817974677,0.49999611820253226,1,1.1768616408568537
8101,0,946.428571428571,292.966666666665,2.134949038952607,44.4285714285714,22.142857142857103,0.931136402980458,199.0,73.0,0.5000003599700986,0.49999964002990144,1,0.008422556789811408
8102,0,742.555555555556,177.73333333333198,1.4124565992834182,34.5555555555556,236.77777777777803,0.514720126831093,366.0,33.0,0.5000274582312898,0.4999725417687102,1,0.8377674052492379
8105,0,648.666666666667,4.5,1.8119854050436224,26.4166666666667,197.083333333333,1.0,207.0,65.0,0.5000019122782449,0.4999980877217551,1,0.12819439852376857
8106,0,1081.429349201069,286.883333333332,2.25238763532462,44.71428571428571,27.5714285714286,0.931136402980458,122.0,28.0,0.5000002577309797,0.4999997422690204,1,0.11367845852940661
8111,0,592.0,83.1499999999999,2.4969032366742403,26.5833333333333,219.333333333333,0.372067887619076,411.6722288131714,2245.0,0.5000291674127629,0.49997083258723707,1,22.362865739772754
8114,0,392.55555555555605,136.333333333333,1.701134755086032,17.611111111111104,150.833333333333,1.48209948469796,179.0,46.0,0.5000082836871061,0.49999171631289385,1,1.2603440587887753
8123,0,393.944444444444,137.233333333333,1.0318651480023124,17.7777777777778,27.88888888888889,1.48209948469796,273.0,150.0,0.5000207468234239,0.49997925317657604,1,1.7426689351638396
8137,0,274.463414634146,3.3333333333333304,2.269642178084511,8.24390243902439,123.585365853659,0.66796875,1.0,205.0,0.50000519222673,0.49999480777327,2,41.12299425467571
8141,0,392.0,7.33333333333333,2.4366710152101017,17.5263157894737,43.526315789473706,0.9012345679012348,1.0,61.0,0.5000099829478604,0.4999900170521396,2,33.14817416153849
8146,0,24.6,0.0,0.24692938496976413,3.7333333333333294,166.466666666667,0.0,424.0,72.0,0.5000176972411732,0.49998230275882677,1,2.119803855164179
8147,0,601.363636363636,1.0,2.31157959634622,30.1818181818182,149.454545454545,0.333333333333333,162.849365234375,50.0,0.500133493896358,0.4998665061036421,1,58.237809018641435
